edible,cap_shape,cap_surface,cap_color,has_bruises,smell,gill_size,gill_color,stalk_shape,ring_number,ring_type,spore_color,population,habitat
poisonous,convex,smooth,brown,yes,pungent,narrow,black,enlarging,one,pendant,black,scattered,urban
edible,convex,smooth,yellow,yes,almond,broad,black,enlarging,one,pendant,brown,numerous,grasses
edible,bell,smooth,white,yes,anise,broad,brown,enlarging,one,pendant,brown,numerous,meadows
poisonous,convex,scaly,white,yes,pungent,narrow,brown,enlarging,one,pendant,black,scattered,urban
edible,convex,smooth,gray,no,none,broad,black,tapering,one,evanescent,brown,abundant,grasses
edible,convex,scaly,yellow,yes,almond,broad,brown,enlarging,one,pendant,black,numerous,grasses
edible,bell,smooth,white,yes,almond,broad,gray,enlarging,one,pendant,black,numerous,meadows
edible,bell,scaly,white,yes,anise,broad,brown,enlarging,one,pendant,brown,scattered,meadows
poisonous,convex,scaly,white,yes,pungent,narrow,pink,enlarging,one,pendant,black,several,grasses
edible,bell,smooth,yellow,yes,almond,broad,gray,enlarging,one,pendant,black,scattered,meadows
edible,convex,scaly,yellow,yes,anise,broad,gray,enlarging,one,pendant,brown,numerous,grasses
edible,convex,scaly,yellow,yes,almond,broad,brown,enlarging,one,pendant,black,scattered,meadows
edible,bell,smooth,yellow,yes,almond,broad,white,enlarging,one,pendant,brown,scattered,grasses
poisonous,convex,scaly,white,yes,pungent,narrow,black,enlarging,one,pendant,brown,several,urban
edible,convex,fibrous,brown,no,none,broad,brown,tapering,one,evanescent,black,abundant,grasses
edible,sunken,fibrous,gray,no,none,narrow,black,enlarging,one,pendant,brown,solitary,urban
edible,flat,fibrous,white,no,none,broad,black,tapering,one,evanescent,brown,abundant,grasses
poisonous,convex,smooth,brown,yes,pungent,narrow,brown,enlarging,one,pendant,black,scattered,grasses
poisonous,convex,scaly,white,yes,pungent,narrow,brown,enlarging,one,pendant,brown,scattered,urban
poisonous,convex,smooth,brown,yes,pungent,narrow,black,enlarging,one,pendant,brown,scattered,urban
edible,bell,smooth,yellow,yes,almond,broad,black,enlarging,one,pendant,brown,scattered,meadows
poisonous,convex,scaly,brown,yes,pungent,narrow,brown,enlarging,one,pendant,brown,several,grasses
edible,bell,scaly,yellow,yes,anise,broad,black,enlarging,one,pendant,brown,scattered,meadows
edible,bell,scaly,white,yes,almond,broad,white,enlarging,one,pendant,brown,numerous,meadows
edible,bell,smooth,white,yes,anise,broad,gray,enlarging,one,pendant,black,scattered,meadows
poisonous,flat,smooth,white,yes,pungent,narrow,brown,enlarging,one,pendant,brown,several,grasses
edible,convex,scaly,yellow,yes,almond,broad,brown,enlarging,one,pendant,brown,numerous,meadows
edible,convex,scaly,white,yes,anise,broad,white,enlarging,one,pendant,brown,numerous,meadows
edible,flat,fibrous,brown,no,none,narrow,black,enlarging,one,pendant,black,solitary,urban
edible,convex,smooth,yellow,yes,almond,narrow,brown,tapering,one,pendant,brown,several,woods
edible,bell,smooth,yellow,yes,anise,broad,gray,enlarging,one,pendant,brown,numerous,meadows
poisonous,convex,scaly,white,yes,pungent,narrow,black,enlarging,one,pendant,brown,scattered,urban
edible,convex,scaly,yellow,yes,anise,broad,brown,enlarging,one,pendant,brown,numerous,meadows
edible,convex,scaly,brown,yes,anise,broad,pink,enlarging,one,pendant,brown,solitary,paths
edible,bell,scaly,yellow,yes,anise,broad,brown,enlarging,one,pendant,brown,scattered,meadows
edible,convex,fibrous,yellow,yes,anise,narrow,white,tapering,one,pendant,brown,several,woods
edible,sunken,fibrous,gray,no,none,narrow,black,enlarging,one,pendant,black,several,urban
poisonous,convex,scaly,brown,yes,pungent,narrow,white,enlarging,one,pendant,brown,scattered,urban
edible,convex,fibrous,yellow,yes,almond,narrow,pink,tapering,one,pendant,brown,several,woods
edible,bell,smooth,yellow,yes,anise,broad,black,enlarging,one,pendant,black,scattered,meadows
edible,bell,scaly,yellow,yes,almond,broad,brown,enlarging,one,pendant,brown,scattered,grasses
edible,convex,scaly,yellow,yes,anise,broad,brown,enlarging,one,pendant,black,solitary,paths
edible,convex,fibrous,brown,no,none,narrow,gray,enlarging,one,pendant,black,solitary,urban
poisonous,convex,scaly,white,yes,pungent,narrow,pink,enlarging,one,pendant,brown,several,grasses
edible,convex,smooth,yellow,yes,almond,broad,white,enlarging,one,pendant,black,numerous,meadows
edible,convex,scaly,white,yes,almond,broad,brown,enlarging,one,pendant,brown,numerous,grasses
edible,convex,scaly,yellow,yes,anise,broad,black,enlarging,one,pendant,black,scattered,meadows
edible,convex,smooth,white,yes,anise,broad,white,enlarging,one,pendant,brown,numerous,meadows
edible,convex,scaly,yellow,yes,anise,broad,brown,enlarging,one,pendant,brown,scattered,paths
edible,flat,scaly,yellow,yes,anise,broad,white,enlarging,one,pendant,black,scattered,paths
edible,convex,scaly,brown,yes,almond,broad,white,enlarging,one,pendant,black,scattered,grasses
edible,convex,smooth,white,yes,anise,broad,black,enlarging,one,pendant,black,scattered,grasses
edible,bell,smooth,white,yes,anise,broad,black,enlarging,one,pendant,brown,numerous,meadows
poisonous,convex,scaly,brown,yes,pungent,narrow,black,enlarging,one,pendant,brown,several,urban
poisonous,convex,smooth,white,yes,pungent,narrow,black,enlarging,one,pendant,black,several,urban
edible,bell,scaly,yellow,yes,almond,broad,white,enlarging,one,pendant,black,scattered,meadows
edible,flat,fibrous,gray,no,none,broad,brown,tapering,one,evanescent,brown,abundant,grasses
edible,bell,smooth,white,yes,almond,broad,white,enlarging,one,pendant,brown,numerous,grasses
edible,convex,smooth,yellow,yes,anise,broad,black,enlarging,one,pendant,black,numerous,grasses
edible,convex,scaly,brown,yes,almond,broad,pink,enlarging,one,pendant,black,solitary,paths
edible,sunken,fibrous,gray,no,none,narrow,black,enlarging,one,pendant,brown,several,urban
edible,bell,scaly,yellow,yes,almond,broad,black,enlarging,one,pendant,brown,scattered,meadows
edible,bell,smooth,yellow,yes,anise,broad,gray,enlarging,one,pendant,brown,scattered,meadows
edible,bell,scaly,yellow,yes,anise,broad,gray,enlarging,one,pendant,brown,numerous,meadows
edible,bell,scaly,white,yes,anise,broad,brown,enlarging,one,pendant,brown,scattered,grasses
edible,flat,smooth,brown,no,none,broad,black,tapering,one,evanescent,black,abundant,grasses
edible,convex,smooth,white,yes,anise,broad,brown,enlarging,one,pendant,black,scattered,grasses
edible,flat,scaly,yellow,yes,almond,broad,white,enlarging,one,pendant,brown,scattered,grasses
edible,convex,scaly,yellow,yes,almond,broad,white,enlarging,one,pendant,black,numerous,grasses
edible,convex,fibrous,gray,no,none,narrow,pink,enlarging,one,pendant,brown,several,urban
edible,flat,fibrous,yellow,yes,anise,narrow,pink,tapering,one,pendant,brown,several,woods
edible,bell,scaly,white,yes,anise,broad,gray,enlarging,one,pendant,brown,scattered,meadows
edible,flat,fibrous,yellow,yes,anise,narrow,white,tapering,one,pendant,brown,several,woods
edible,convex,scaly,brown,yes,almond,broad,pink,enlarging,one,pendant,black,scattered,paths
edible,bell,smooth,yellow,yes,almond,broad,black,enlarging,one,pendant,black,scattered,grasses
edible,flat,smooth,yellow,yes,anise,narrow,pink,tapering,one,pendant,brown,several,woods
edible,convex,smooth,white,yes,anise,narrow,brown,tapering,one,pendant,purple,several,woods
edible,flat,scaly,brown,yes,anise,broad,pink,enlarging,one,pendant,brown,solitary,paths
poisonous,convex,scaly,brown,yes,pungent,narrow,white,enlarging,one,pendant,brown,several,urban
edible,flat,scaly,brown,yes,almond,broad,brown,enlarging,one,pendant,brown,solitary,grasses
edible,convex,smooth,brown,no,none,broad,black,tapering,one,evanescent,brown,scattered,grasses
poisonous,convex,scaly,white,yes,pungent,narrow,white,enlarging,one,pendant,black,scattered,grasses
edible,flat,fibrous,gray,no,none,narrow,brown,enlarging,one,pendant,brown,solitary,urban
edible,convex,fibrous,gray,no,none,broad,brown,tapering,one,evanescent,brown,scattered,grasses
edible,convex,scaly,yellow,yes,anise,broad,white,enlarging,one,pendant,black,scattered,grasses
edible,convex,smooth,brown,no,none,broad,black,tapering,one,evanescent,black,scattered,grasses
edible,bell,smooth,white,yes,almond,broad,white,enlarging,one,pendant,black,scattered,grasses
edible,convex,smooth,white,yes,anise,broad,brown,enlarging,one,pendant,brown,scattered,grasses
edible,flat,scaly,brown,yes,anise,broad,white,enlarging,one,pendant,black,solitary,grasses
edible,sunken,fibrous,brown,no,none,narrow,brown,enlarging,one,pendant,brown,several,urban
edible,convex,fibrous,brown,no,none,narrow,brown,enlarging,one,pendant,brown,solitary,urban
edible,bell,smooth,white,yes,anise,broad,black,enlarging,one,pendant,black,scattered,grasses
edible,convex,scaly,yellow,yes,almond,broad,gray,enlarging,one,pendant,black,scattered,grasses
edible,convex,scaly,yellow,yes,anise,broad,gray,enlarging,one,pendant,black,numerous,meadows
edible,convex,smooth,brown,no,none,broad,brown,tapering,one,evanescent,brown,abundant,grasses
edible,convex,smooth,white,yes,almond,broad,gray,enlarging,one,pendant,brown,scattered,grasses
edible,flat,scaly,brown,yes,anise,broad,pink,enlarging,one,pendant,brown,scattered,grasses
edible,convex,smooth,yellow,yes,almond,broad,brown,enlarging,one,pendant,black,numerous,grasses
edible,bell,smooth,white,yes,almond,broad,gray,enlarging,one,pendant,brown,scattered,grasses
edible,convex,scaly,white,yes,almond,broad,gray,enlarging,one,pendant,black,scattered,grasses
edible,convex,fibrous,brown,no,none,broad,pink,tapering,one,evanescent,black,scattered,grasses
edible,bell,smooth,yellow,yes,anise,broad,brown,enlarging,one,pendant,black,numerous,grasses
edible,flat,scaly,yellow,yes,anise,broad,white,enlarging,one,pendant,brown,scattered,grasses
edible,convex,scaly,yellow,yes,almond,broad,brown,enlarging,one,pendant,black,solitary,paths
edible,bell,scaly,white,yes,anise,broad,gray,enlarging,one,pendant,brown,numerous,grasses
edible,convex,scaly,yellow,yes,almond,broad,brown,enlarging,one,pendant,black,numerous,meadows
edible,convex,scaly,yellow,yes,almond,broad,white,enlarging,one,pendant,brown,solitary,grasses
edible,bell,scaly,white,yes,anise,broad,brown,enlarging,one,pendant,black,scattered,meadows
edible,bell,scaly,white,yes,almond,broad,gray,enlarging,one,pendant,brown,scattered,meadows
edible,convex,smooth,yellow,yes,almond,broad,black,enlarging,one,pendant,black,numerous,meadows
edible,convex,smooth,yellow,yes,anise,broad,white,enlarging,one,pendant,black,numerous,grasses
edible,sunken,fibrous,gray,no,none,narrow,gray,enlarging,one,pendant,black,solitary,urban
edible,convex,fibrous,white,yes,almond,narrow,white,tapering,one,pendant,purple,several,woods
edible,convex,smooth,yellow,yes,almond,broad,brown,enlarging,one,pendant,black,numerous,meadows
poisonous,convex,scaly,white,yes,pungent,narrow,brown,enlarging,one,pendant,brown,several,urban
edible,convex,scaly,yellow,yes,anise,broad,pink,enlarging,one,pendant,brown,scattered,grasses
edible,sunken,fibrous,gray,no,none,narrow,pink,enlarging,one,pendant,brown,solitary,urban
edible,convex,scaly,yellow,yes,anise,broad,white,enlarging,one,pendant,black,solitary,grasses
edible,convex,smooth,yellow,yes,anise,narrow,pink,tapering,one,pendant,purple,several,woods
edible,sunken,fibrous,brown,no,none,narrow,black,enlarging,one,pendant,brown,solitary,urban
poisonous,convex,smooth,white,yes,pungent,narrow,black,enlarging,one,pendant,black,several,grasses
edible,convex,scaly,white,yes,almond,broad,gray,enlarging,one,pendant,brown,numerous,meadows
poisonous,flat,scaly,brown,yes,pungent,narrow,pink,enlarging,one,pendant,black,several,grasses
edible,flat,smooth,gray,no,none,broad,black,tapering,one,evanescent,brown,abundant,grasses
edible,convex,smooth,yellow,yes,anise,broad,gray,enlarging,one,pendant,brown,scattered,meadows
edible,convex,smooth,white,no,none,broad,brown,tapering,one,evanescent,black,scattered,grasses
edible,bell,smooth,yellow,yes,almond,broad,white,enlarging,one,pendant,brown,numerous,grasses
edible,flat,fibrous,gray,no,none,broad,chocolate,tapering,one,evanescent,brown,abundant,grasses
edible,convex,smooth,white,yes,anise,broad,brown,enlarging,one,pendant,black,numerous,grasses
edible,bell,smooth,white,yes,anise,broad,brown,enlarging,one,pendant,brown,scattered,meadows
edible,bell,smooth,white,yes,anise,broad,white,enlarging,one,pendant,brown,scattered,grasses
edible,bell,scaly,white,yes,anise,broad,white,enlarging,one,pendant,brown,scattered,meadows
edible,flat,smooth,white,yes,anise,narrow,white,tapering,one,pendant,purple,several,woods
edible,convex,scaly,yellow,yes,anise,broad,gray,enlarging,one,pendant,black,scattered,meadows
edible,flat,smooth,white,yes,almond,narrow,pink,tapering,one,pendant,brown,several,woods
poisonous,convex,scaly,white,yes,pungent,narrow,white,enlarging,one,pendant,brown,several,urban
edible,flat,fibrous,white,yes,anise,narrow,white,tapering,one,pendant,brown,several,woods
edible,convex,scaly,yellow,yes,almond,broad,brown,enlarging,one,pendant,brown,scattered,grasses
poisonous,convex,smooth,brown,yes,pungent,narrow,pink,enlarging,one,pendant,brown,several,grasses
edible,bell,smooth,yellow,yes,anise,broad,white,enlarging,one,pendant,brown,numerous,grasses
edible,convex,scaly,brown,yes,almond,broad,white,enlarging,one,pendant,black,solitary,paths
edible,bell,scaly,yellow,yes,anise,broad,gray,enlarging,one,pendant,black,numerous,meadows
edible,sunken,fibrous,brown,no,none,narrow,black,enlarging,one,pendant,brown,several,urban
edible,flat,scaly,brown,yes,almond,broad,white,enlarging,one,pendant,black,solitary,paths
edible,convex,scaly,yellow,yes,almond,broad,black,enlarging,one,pendant,black,numerous,grasses
edible,convex,fibrous,gray,no,none,broad,black,tapering,one,evanescent,black,scattered,grasses
edible,flat,fibrous,white,no,none,broad,black,tapering,one,evanescent,brown,abundant,grasses
edible,convex,scaly,yellow,yes,anise,broad,white,enlarging,one,pendant,brown,numerous,meadows
edible,bell,smooth,yellow,yes,anise,broad,black,enlarging,one,pendant,black,numerous,grasses
edible,bell,scaly,white,yes,almond,broad,gray,enlarging,one,pendant,black,numerous,meadows
edible,convex,scaly,white,yes,almond,broad,white,enlarging,one,pendant,brown,scattered,grasses
edible,convex,smooth,brown,no,none,broad,pink,tapering,one,evanescent,brown,abundant,grasses
edible,convex,scaly,white,yes,anise,broad,gray,enlarging,one,pendant,brown,scattered,grasses
edible,sunken,fibrous,brown,no,none,narrow,black,enlarging,one,pendant,black,several,urban
edible,convex,smooth,white,yes,almond,narrow,white,tapering,one,pendant,purple,several,woods
edible,convex,scaly,brown,yes,anise,broad,white,enlarging,one,pendant,black,scattered,grasses
edible,bell,scaly,yellow,yes,almond,broad,black,enlarging,one,pendant,brown,numerous,grasses
edible,convex,scaly,white,yes,almond,broad,black,enlarging,one,pendant,brown,numerous,grasses
edible,bell,scaly,white,yes,almond,broad,brown,enlarging,one,pendant,black,scattered,meadows
edible,bell,smooth,yellow,yes,almond,broad,gray,enlarging,one,pendant,black,scattered,grasses
edible,bell,smooth,yellow,yes,anise,broad,gray,enlarging,one,pendant,black,scattered,meadows
edible,bell,scaly,yellow,yes,almond,broad,brown,enlarging,one,pendant,black,numerous,grasses
edible,convex,fibrous,brown,no,none,narrow,black,enlarging,one,pendant,brown,solitary,urban
edible,flat,scaly,brown,yes,anise,broad,brown,enlarging,one,pendant,brown,solitary,grasses
edible,convex,scaly,white,yes,almond,broad,black,enlarging,one,pendant,brown,scattered,grasses
edible,flat,scaly,yellow,yes,anise,broad,white,enlarging,one,pendant,brown,solitary,paths
edible,bell,smooth,white,yes,almond,broad,white,enlarging,one,pendant,brown,scattered,grasses
edible,bell,smooth,white,yes,almond,broad,white,enlarging,one,pendant,black,scattered,meadows
edible,convex,scaly,brown,yes,anise,broad,white,enlarging,one,pendant,black,solitary,grasses
edible,bell,smooth,white,yes,almond,broad,black,enlarging,one,pendant,black,scattered,grasses
edible,convex,fibrous,gray,no,none,narrow,gray,enlarging,one,pendant,brown,solitary,urban
edible,bell,smooth,yellow,yes,anise,broad,black,enlarging,one,pendant,brown,scattered,grasses
edible,convex,fibrous,yellow,yes,anise,narrow,brown,tapering,one,pendant,purple,several,woods
edible,bell,scaly,yellow,yes,almond,broad,white,enlarging,one,pendant,black,scattered,grasses
edible,flat,scaly,yellow,yes,anise,broad,pink,enlarging,one,pendant,brown,scattered,grasses
edible,bell,scaly,white,yes,anise,broad,white,enlarging,one,pendant,black,numerous,meadows
edible,bell,scaly,white,yes,almond,broad,black,enlarging,one,pendant,black,numerous,meadows
edible,bell,scaly,yellow,yes,almond,broad,gray,enlarging,one,pendant,brown,scattered,grasses
edible,convex,scaly,yellow,yes,anise,broad,gray,enlarging,one,pendant,brown,numerous,meadows
edible,bell,smooth,yellow,yes,anise,broad,gray,enlarging,one,pendant,brown,numerous,grasses
poisonous,convex,scaly,white,yes,pungent,narrow,pink,enlarging,one,pendant,brown,several,urban
edible,sunken,fibrous,brown,no,none,narrow,gray,enlarging,one,pendant,brown,solitary,urban
edible,flat,fibrous,brown,no,none,narrow,gray,enlarging,one,pendant,black,several,urban
edible,convex,smooth,yellow,yes,almond,broad,gray,enlarging,one,pendant,brown,scattered,meadows
edible,flat,scaly,brown,yes,almond,broad,pink,enlarging,one,pendant,black,scattered,paths
poisonous,convex,scaly,white,yes,pungent,narrow,black,enlarging,one,pendant,black,scattered,grasses
edible,bell,smooth,white,yes,anise,broad,gray,enlarging,one,pendant,brown,scattered,meadows
edible,flat,fibrous,gray,no,none,narrow,pink,enlarging,one,pendant,black,several,urban
edible,bell,scaly,yellow,yes,anise,broad,gray,enlarging,one,pendant,brown,numerous,grasses
edible,convex,scaly,brown,yes,almond,broad,white,enlarging,one,pendant,brown,solitary,paths
edible,convex,fibrous,white,no,none,broad,pink,tapering,one,evanescent,black,scattered,grasses
edible,convex,smooth,white,yes,anise,narrow,white,tapering,one,pendant,brown,several,woods
edible,bell,smooth,white,yes,anise,broad,white,enlarging,one,pendant,brown,scattered,meadows
edible,flat,smooth,yellow,yes,almond,narrow,white,tapering,one,pendant,brown,several,woods
edible,convex,smooth,yellow,yes,almond,broad,black,enlarging,one,pendant,brown,numerous,meadows
edible,flat,fibrous,gray,no,none,narrow,gray,enlarging,one,pendant,brown,solitary,urban
edible,bell,smooth,yellow,yes,almond,broad,brown,enlarging,one,pendant,black,scattered,grasses
edible,convex,smooth,white,yes,anise,broad,gray,enlarging,one,pendant,brown,numerous,meadows
edible,convex,scaly,white,yes,anise,broad,brown,enlarging,one,pendant,brown,scattered,meadows
edible,flat,smooth,white,yes,almond,narrow,brown,tapering,one,pendant,brown,several,woods
edible,convex,scaly,yellow,yes,anise,broad,white,enlarging,one,pendant,brown,scattered,grasses
edible,bell,smooth,white,yes,anise,broad,white,enlarging,one,pendant,black,scattered,grasses
edible,convex,smooth,white,yes,almond,broad,gray,enlarging,one,pendant,black,numerous,grasses
edible,convex,fibrous,white,no,none,broad,chocolate,tapering,one,evanescent,black,scattered,grasses
edible,flat,scaly,brown,yes,anise,broad,brown,enlarging,one,pendant,black,solitary,paths
poisonous,convex,smooth,white,yes,pungent,narrow,black,enlarging,one,pendant,brown,several,urban
edible,bell,smooth,white,yes,almond,broad,brown,enlarging,one,pendant,brown,numerous,grasses
edible,bell,smooth,white,yes,almond,broad,black,enlarging,one,pendant,black,scattered,meadows
edible,bell,scaly,white,yes,anise,broad,brown,enlarging,one,pendant,brown,numerous,grasses
edible,bell,scaly,white,yes,almond,broad,white,enlarging,one,pendant,black,numerous,grasses
edible,convex,smooth,yellow,yes,almond,broad,white,enlarging,one,pendant,black,scattered,grasses
edible,bell,smooth,white,yes,anise,broad,white,enlarging,one,pendant,black,numerous,meadows
edible,convex,fibrous,yellow,yes,almond,narrow,brown,tapering,one,pendant,brown,several,woods
edible,convex,fibrous,gray,no,none,narrow,brown,enlarging,one,pendant,brown,solitary,urban
edible,flat,scaly,yellow,yes,almond,broad,brown,enlarging,one,pendant,brown,scattered,grasses
edible,bell,smooth,white,yes,anise,broad,brown,enlarging,one,pendant,black,numerous,meadows
edible,convex,smooth,yellow,yes,almond,broad,gray,enlarging,one,pendant,black,scattered,grasses
edible,convex,scaly,yellow,yes,almond,broad,black,enlarging,one,pendant,black,scattered,grasses
edible,convex,scaly,white,yes,anise,broad,white,enlarging,one,pendant,brown,scattered,grasses
edible,sunken,fibrous,gray,no,none,narrow,pink,enlarging,one,pendant,brown,several,urban
edible,convex,smooth,white,yes,almond,broad,brown,enlarging,one,pendant,brown,numerous,meadows
poisonous,convex,smooth,white,yes,pungent,narrow,black,enlarging,one,pendant,black,scattered,grasses
edible,convex,scaly,yellow,yes,almond,broad,brown,enlarging,one,pendant,brown,scattered,grasses
edible,flat,fibrous,white,yes,almond,narrow,pink,tapering,one,pendant,brown,several,woods
edible,convex,scaly,white,yes,anise,broad,gray,enlarging,one,pendant,black,numerous,meadows
edible,bell,scaly,white,yes,anise,broad,brown,enlarging,one,pendant,black,scattered,grasses
edible,convex,smooth,white,yes,almond,broad,gray,enlarging,one,pendant,brown,numerous,grasses
edible,convex,smooth,yellow,yes,almond,broad,gray,enlarging,one,pendant,brown,scattered,grasses
poisonous,convex,scaly,brown,yes,pungent,narrow,pink,enlarging,one,pendant,black,several,urban
edible,bell,smooth,yellow,yes,almond,broad,brown,enlarging,one,pendant,brown,numerous,grasses
edible,convex,fibrous,gray,no,none,narrow,brown,enlarging,one,pendant,black,solitary,urban
poisonous,convex,scaly,white,yes,pungent,narrow,black,enlarging,one,pendant,black,scattered,urban
edible,convex,scaly,yellow,yes,anise,broad,brown,enlarging,one,pendant,brown,solitary,paths
edible,flat,fibrous,brown,no,none,narrow,black,enlarging,one,pendant,black,several,urban
edible,bell,smooth,white,yes,anise,broad,black,enlarging,one,pendant,brown,numerous,grasses
edible,convex,fibrous,white,yes,anise,narrow,white,tapering,one,pendant,brown,several,woods
edible,convex,scaly,white,yes,anise,broad,white,enlarging,one,pendant,black,scattered,grasses
edible,bell,scaly,yellow,yes,anise,broad,brown,enlarging,one,pendant,brown,scattered,grasses
edible,convex,scaly,yellow,yes,anise,broad,brown,enlarging,one,pendant,black,scattered,grasses
edible,flat,scaly,yellow,yes,almond,broad,pink,enlarging,one,pendant,black,scattered,paths
edible,flat,scaly,yellow,yes,almond,broad,white,enlarging,one,pendant,black,solitary,paths
edible,convex,smooth,white,yes,anise,broad,white,enlarging,one,pendant,black,scattered,grasses
edible,convex,smooth,white,yes,almond,broad,white,enlarging,one,pendant,brown,numerous,meadows
poisonous,convex,smooth,white,yes,pungent,narrow,brown,enlarging,one,pendant,black,several,urban
edible,flat,fibrous,white,yes,almond,narrow,pink,tapering,one,pendant,purple,several,woods
edible,convex,smooth,white,yes,anise,broad,white,enlarging,one,pendant,brown,scattered,grasses
edible,convex,smooth,white,yes,anise,narrow,pink,tapering,one,pendant,purple,several,woods
edible,convex,scaly,white,yes,almond,broad,brown,enlarging,one,pendant,black,scattered,meadows
edible,flat,scaly,yellow,yes,anise,broad,white,enlarging,one,pendant,black,solitary,paths
edible,convex,smooth,brown,no,none,broad,pink,tapering,one,evanescent,black,scattered,grasses
edible,flat,scaly,yellow,yes,almond,broad,white,enlarging,one,pendant,brown,solitary,grasses
poisonous,convex,smooth,brown,yes,pungent,narrow,pink,enlarging,one,pendant,brown,scattered,grasses
edible,sunken,fibrous,brown,no,none,narrow,gray,enlarging,one,pendant,brown,several,urban
edible,bell,scaly,yellow,yes,anise,broad,white,enlarging,one,pendant,brown,scattered,meadows
edible,bell,smooth,white,yes,anise,broad,brown,enlarging,one,pendant,brown,scattered,grasses
edible,bell,scaly,white,yes,anise,broad,black,enlarging,one,pendant,brown,numerous,meadows
edible,flat,fibrous,brown,no,none,narrow,black,enlarging,one,pendant,brown,several,urban
edible,convex,smooth,white,yes,almond,broad,white,enlarging,one,pendant,black,numerous,meadows
edible,bell,scaly,white,yes,anise,broad,gray,enlarging,one,pendant,black,numerous,grasses
edible,bell,scaly,white,yes,almond,broad,gray,enlarging,one,pendant,brown,numerous,meadows
edible,flat,scaly,brown,yes,anise,broad,white,enlarging,one,pendant,brown,scattered,grasses
poisonous,convex,scaly,white,yes,pungent,narrow,black,enlarging,one,pendant,black,several,grasses
edible,convex,smooth,white,yes,almond,broad,brown,enlarging,one,pendant,brown,numerous,grasses
edible,convex,scaly,white,yes,almond,broad,brown,enlarging,one,pendant,brown,scattered,meadows
edible,flat,fibrous,white,yes,anise,narrow,white,tapering,one,pendant,purple,several,woods
edible,flat,fibrous,gray,no,none,narrow,gray,enlarging,one,pendant,black,several,urban
edible,flat,smooth,gray,no,none,broad,pink,tapering,one,evanescent,black,abundant,grasses
edible,convex,scaly,yellow,yes,almond,broad,gray,enlarging,one,pendant,brown,scattered,meadows
edible,bell,smooth,white,yes,almond,broad,black,enlarging,one,pendant,brown,scattered,meadows
poisonous,flat,scaly,brown,yes,pungent,narrow,white,enlarging,one,pendant,black,scattered,urban
edible,convex,smooth,white,yes,anise,broad,brown,enlarging,one,pendant,black,numerous,meadows
poisonous,flat,smooth,brown,yes,pungent,narrow,white,enlarging,one,pendant,black,several,urban
edible,convex,scaly,white,yes,anise,broad,black,enlarging,one,pendant,brown,scattered,grasses
edible,convex,scaly,yellow,yes,almond,broad,black,enlarging,one,pendant,brown,numerous,meadows
edible,flat,scaly,yellow,yes,almond,broad,brown,enlarging,one,pendant,brown,scattered,paths
edible,convex,scaly,brown,yes,almond,broad,white,enlarging,one,pendant,brown,scattered,paths
edible,flat,scaly,brown,yes,almond,broad,white,enlarging,one,pendant,brown,solitary,grasses
edible,convex,scaly,white,yes,almond,broad,white,enlarging,one,pendant,brown,numerous,meadows
edible,flat,fibrous,brown,no,none,broad,chocolate,tapering,one,evanescent,black,scattered,grasses
edible,convex,smooth,yellow,yes,anise,broad,black,enlarging,one,pendant,brown,numerous,meadows
poisonous,convex,scaly,white,yes,pungent,narrow,white,enlarging,one,pendant,brown,scattered,grasses
edible,bell,scaly,yellow,yes,almond,broad,brown,enlarging,one,pendant,brown,numerous,meadows
edible,sunken,fibrous,brown,no,none,narrow,pink,enlarging,one,pendant,brown,several,urban
edible,convex,smooth,yellow,yes,anise,broad,black,enlarging,one,pendant,black,scattered,meadows
edible,bell,scaly,white,yes,anise,broad,brown,enlarging,one,pendant,black,numerous,meadows
edible,flat,scaly,brown,yes,almond,broad,brown,enlarging,one,pendant,black,scattered,grasses
edible,bell,scaly,yellow,yes,almond,broad,gray,enlarging,one,pendant,black,scattered,meadows
edible,bell,scaly,white,yes,almond,broad,gray,enlarging,one,pendant,black,scattered,grasses
edible,convex,scaly,brown,yes,anise,broad,brown,enlarging,one,pendant,brown,solitary,paths
edible,flat,fibrous,gray,no,none,narrow,pink,enlarging,one,pendant,brown,solitary,urban
edible,convex,fibrous,gray,no,none,narrow,gray,enlarging,one,pendant,black,solitary,urban
edible,bell,scaly,yellow,yes,anise,broad,brown,enlarging,one,pendant,black,scattered,grasses
edible,convex,smooth,yellow,yes,anise,broad,brown,enlarging,one,pendant,black,scattered,meadows
edible,bell,scaly,white,yes,anise,broad,black,enlarging,one,pendant,brown,scattered,grasses
edible,convex,smooth,white,yes,almond,broad,gray,enlarging,one,pendant,black,scattered,meadows
edible,bell,smooth,yellow,yes,almond,broad,gray,enlarging,one,pendant,brown,numerous,meadows
edible,convex,smooth,yellow,yes,almond,broad,black,enlarging,one,pendant,black,scattered,meadows
edible,convex,fibrous,gray,no,none,broad,pink,tapering,one,evanescent,black,scattered,grasses
edible,flat,smooth,yellow,yes,almond,narrow,pink,tapering,one,pendant,brown,several,woods
poisonous,convex,scaly,white,yes,pungent,narrow,pink,enlarging,one,pendant,black,scattered,grasses
edible,convex,fibrous,white,no,none,broad,black,tapering,one,evanescent,black,abundant,grasses
edible,bell,scaly,white,yes,almond,broad,white,enlarging,one,pendant,black,scattered,grasses
edible,convex,smooth,yellow,yes,anise,narrow,white,tapering,one,pendant,brown,several,woods
edible,bell,scaly,white,yes,almond,broad,brown,enlarging,one,pendant,black,scattered,grasses
edible,convex,scaly,white,yes,anise,broad,gray,enlarging,one,pendant,black,scattered,grasses
edible,convex,fibrous,brown,yes,none,broad,pink,tapering,one,pendant,brown,solitary,woods
edible,bell,scaly,white,yes,anise,broad,black,enlarging,one,pendant,brown,scattered,meadows
edible,convex,smooth,yellow,yes,anise,broad,gray,enlarging,one,pendant,brown,numerous,meadows
edible,flat,scaly,brown,yes,almond,broad,pink,enlarging,one,pendant,black,solitary,grasses
edible,convex,fibrous,white,no,none,broad,brown,tapering,one,evanescent,brown,scattered,grasses
edible,convex,smooth,yellow,yes,anise,broad,white,enlarging,one,pendant,black,scattered,grasses
poisonous,convex,scaly,white,yes,pungent,narrow,brown,enlarging,one,pendant,brown,several,grasses
edible,convex,scaly,yellow,yes,anise,broad,brown,enlarging,one,pendant,black,scattered,grasses
edible,convex,fibrous,white,yes,almond,narrow,pink,tapering,one,pendant,brown,several,woods
edible,bell,smooth,yellow,yes,almond,broad,gray,enlarging,one,pendant,brown,numerous,grasses
poisonous,convex,scaly,white,yes,pungent,narrow,black,enlarging,one,pendant,black,several,urban
edible,convex,smooth,yellow,yes,almond,narrow,white,tapering,one,pendant,brown,several,woods
edible,convex,scaly,white,yes,almond,broad,black,enlarging,one,pendant,black,numerous,meadows
edible,convex,fibrous,white,yes,anise,narrow,brown,tapering,one,pendant,brown,several,woods
edible,flat,smooth,white,yes,anise,narrow,white,tapering,one,pendant,brown,several,woods
edible,convex,scaly,yellow,yes,anise,broad,black,enlarging,one,pendant,brown,scattered,meadows
edible,flat,fibrous,yellow,yes,almond,narrow,white,tapering,one,pendant,purple,several,woods
edible,convex,smooth,white,yes,almond,broad,white,enlarging,one,pendant,black,scattered,grasses
edible,bell,scaly,yellow,yes,almond,broad,brown,enlarging,one,pendant,black,scattered,meadows
edible,convex,scaly,brown,yes,anise,broad,pink,enlarging,one,pendant,brown,scattered,paths
edible,bell,scaly,white,yes,anise,broad,black,enlarging,one,pendant,black,numerous,grasses
edible,convex,smooth,yellow,yes,almond,broad,brown,enlarging,one,pendant,brown,scattered,meadows
poisonous,convex,scaly,brown,yes,pungent,narrow,brown,enlarging,one,pendant,brown,several,urban
edible,bell,smooth,yellow,yes,anise,broad,white,enlarging,one,pendant,black,numerous,grasses
edible,bell,scaly,white,yes,almond,broad,gray,enlarging,one,pendant,black,numerous,grasses
poisonous,convex,scaly,brown,yes,pungent,narrow,white,enlarging,one,pendant,black,several,urban
edible,bell,smooth,white,yes,anise,broad,brown,enlarging,one,pendant,black,scattered,meadows
edible,bell,scaly,yellow,yes,anise,broad,white,enlarging,one,pendant,brown,numerous,meadows
edible,bell,scaly,yellow,yes,almond,broad,brown,enlarging,one,pendant,black,scattered,grasses
edible,convex,scaly,white,yes,anise,broad,gray,enlarging,one,pendant,brown,numerous,grasses
edible,convex,fibrous,brown,yes,none,broad,pink,tapering,one,pendant,black,solitary,woods
edible,convex,scaly,brown,yes,almond,broad,white,enlarging,one,pendant,black,solitary,grasses
edible,bell,smooth,yellow,yes,anise,broad,brown,enlarging,one,pendant,brown,scattered,grasses
edible,convex,fibrous,gray,no,none,narrow,gray,enlarging,one,pendant,brown,several,urban
edible,convex,scaly,brown,yes,anise,broad,brown,enlarging,one,pendant,black,solitary,grasses
edible,convex,smooth,white,yes,almond,broad,black,enlarging,one,pendant,brown,scattered,grasses
edible,bell,scaly,white,yes,almond,broad,brown,enlarging,one,pendant,black,numerous,grasses
edible,convex,smooth,yellow,yes,almond,broad,gray,enlarging,one,pendant,black,scattered,meadows
edible,flat,fibrous,yellow,yes,almond,narrow,pink,tapering,one,pendant,brown,several,woods
edible,bell,scaly,yellow,yes,anise,broad,gray,enlarging,one,pendant,brown,scattered,grasses
edible,convex,fibrous,brown,no,none,broad,brown,tapering,one,evanescent,brown,abundant,grasses
edible,convex,fibrous,yellow,yes,anise,narrow,brown,tapering,one,pendant,brown,several,woods
edible,convex,smooth,yellow,yes,almond,broad,brown,enlarging,one,pendant,brown,numerous,meadows
edible,flat,smooth,gray,no,none,broad,brown,tapering,one,evanescent,black,scattered,grasses
edible,convex,fibrous,brown,no,none,narrow,gray,enlarging,one,pendant,brown,solitary,urban
edible,flat,smooth,gray,no,none,broad,chocolate,tapering,one,evanescent,brown,abundant,grasses
edible,flat,scaly,brown,yes,almond,broad,pink,enlarging,one,pendant,brown,scattered,paths
edible,bell,scaly,white,yes,almond,broad,black,enlarging,one,pendant,brown,scattered,grasses
edible,bell,smooth,yellow,yes,almond,broad,black,enlarging,one,pendant,black,scattered,meadows
edible,convex,scaly,yellow,yes,anise,broad,white,enlarging,one,pendant,black,scattered,paths
edible,sunken,fibrous,gray,no,none,narrow,gray,enlarging,one,pendant,brown,several,urban
edible,flat,scaly,brown,yes,almond,broad,pink,enlarging,one,pendant,brown,solitary,paths
poisonous,convex,scaly,brown,yes,pungent,narrow,black,enlarging,one,pendant,black,scattered,urban
edible,convex,scaly,yellow,yes,almond,broad,pink,enlarging,one,pendant,brown,solitary,paths
edible,convex,scaly,yellow,yes,almond,broad,white,enlarging,one,pendant,brown,scattered,grasses
edible,convex,fibrous,brown,no,none,broad,chocolate,tapering,one,evanescent,brown,scattered,grasses
edible,convex,fibrous,brown,no,none,broad,pink,tapering,one,evanescent,black,abundant,grasses
edible,flat,smooth,brown,no,none,broad,black,tapering,one,evanescent,black,abundant,grasses
edible,flat,scaly,brown,yes,almond,broad,brown,enlarging,one,pendant,brown,scattered,paths
edible,convex,smooth,yellow,yes,almond,broad,white,enlarging,one,pendant,black,numerous,grasses
edible,flat,fibrous,brown,no,none,narrow,pink,enlarging,one,pendant,black,several,urban
edible,convex,scaly,yellow,yes,almond,broad,white,enlarging,one,pendant,brown,scattered,paths
edible,convex,fibrous,yellow,yes,almond,narrow,pink,tapering,one,pendant,purple,several,woods
edible,bell,scaly,yellow,yes,almond,broad,gray,enlarging,one,pendant,brown,numerous,grasses
edible,convex,fibrous,gray,no,none,broad,brown,tapering,one,evanescent,black,scattered,grasses
edible,convex,scaly,yellow,yes,almond,broad,white,enlarging,one,pendant,brown,scattered,grasses
edible,flat,scaly,brown,yes,anise,broad,brown,enlarging,one,pendant,black,solitary,grasses
edible,convex,smooth,yellow,yes,almond,broad,white,enlarging,one,pendant,black,scattered,meadows
edible,sunken,fibrous,brown,no,none,narrow,brown,enlarging,one,pendant,brown,solitary,urban
edible,convex,smooth,white,yes,almond,broad,black,enlarging,one,pendant,black,scattered,meadows
edible,bell,smooth,white,yes,anise,broad,brown,enlarging,one,pendant,black,numerous,grasses
edible,sunken,fibrous,brown,no,none,narrow,black,enlarging,one,pendant,black,solitary,urban
edible,bell,scaly,yellow,yes,anise,broad,brown,enlarging,one,pendant,brown,numerous,meadows
edible,convex,scaly,yellow,yes,anise,broad,black,enlarging,one,pendant,brown,numerous,grasses
edible,bell,scaly,yellow,yes,almond,broad,black,enlarging,one,pendant,brown,scattered,grasses
poisonous,convex,scaly,brown,yes,pungent,narrow,pink,enlarging,one,pendant,black,scattered,urban
edible,convex,smooth,white,no,none,broad,black,tapering,one,evanescent,brown,scattered,grasses
edible,convex,scaly,white,yes,almond,broad,white,enlarging,one,pendant,black,scattered,meadows
edible,bell,smooth,white,yes,almond,broad,gray,enlarging,one,pendant,brown,numerous,grasses
edible,convex,fibrous,brown,yes,none,broad,brown,tapering,one,pendant,brown,solitary,woods
poisonous,convex,smooth,brown,yes,pungent,narrow,white,enlarging,one,pendant,brown,scattered,urban
edible,convex,scaly,brown,yes,anise,broad,white,enlarging,one,pendant,black,solitary,paths
edible,convex,smooth,brown,no,none,broad,brown,tapering,one,evanescent,black,abundant,grasses
edible,bell,scaly,yellow,yes,anise,broad,brown,enlarging,one,pendant,black,numerous,meadows
edible,convex,smooth,yellow,yes,almond,broad,white,enlarging,one,pendant,brown,numerous,meadows
edible,bell,smooth,yellow,yes,almond,broad,brown,enlarging,one,pendant,brown,scattered,meadows
edible,convex,smooth,yellow,yes,anise,broad,gray,enlarging,one,pendant,black,numerous,meadows
edible,bell,scaly,white,yes,almond,broad,brown,enlarging,one,pendant,brown,numerous,grasses
edible,convex,fibrous,gray,no,none,narrow,black,enlarging,one,pendant,brown,several,urban
edible,flat,scaly,brown,yes,almond,broad,white,enlarging,one,pendant,black,scattered,grasses
edible,convex,fibrous,gray,no,none,broad,chocolate,tapering,one,evanescent,brown,abundant,grasses
edible,convex,smooth,white,yes,anise,broad,black,enlarging,one,pendant,brown,numerous,meadows
edible,convex,scaly,yellow,yes,anise,broad,white,enlarging,one,pendant,brown,scattered,meadows
edible,convex,fibrous,gray,no,none,narrow,brown,enlarging,one,pendant,black,several,urban
poisonous,convex,smooth,brown,yes,pungent,narrow,pink,enlarging,one,pendant,brown,scattered,urban
edible,bell,scaly,white,yes,anise,broad,white,enlarging,one,pendant,brown,numerous,grasses
edible,bell,scaly,white,yes,almond,broad,brown,enlarging,one,pendant,black,numerous,meadows
poisonous,convex,scaly,brown,yes,pungent,narrow,pink,enlarging,one,pendant,brown,several,urban
edible,bell,smooth,yellow,yes,anise,broad,white,enlarging,one,pendant,brown,scattered,meadows
edible,convex,smooth,white,yes,anise,broad,black,enlarging,one,pendant,brown,scattered,meadows
edible,convex,scaly,yellow,yes,anise,broad,brown,enlarging,one,pendant,black,scattered,meadows
edible,bell,scaly,yellow,yes,anise,broad,brown,enlarging,one,pendant,brown,numerous,grasses
edible,convex,smooth,white,yes,almond,broad,gray,enlarging,one,pendant,brown,scattered,meadows
edible,convex,smooth,white,yes,almond,broad,gray,enlarging,one,pendant,black,scattered,grasses
edible,convex,scaly,brown,yes,anise,broad,white,enlarging,one,pendant,brown,solitary,paths
edible,convex,smooth,white,yes,almond,broad,white,enlarging,one,pendant,brown,scattered,meadows
edible,convex,smooth,brown,no,none,broad,brown,tapering,one,evanescent,black,scattered,grasses
edible,convex,scaly,brown,yes,anise,broad,brown,enlarging,one,pendant,brown,scattered,paths
edible,convex,scaly,yellow,yes,anise,broad,brown,enlarging,one,pendant,black,solitary,grasses
poisonous,convex,scaly,brown,yes,pungent,narrow,black,enlarging,one,pendant,black,several,grasses
edible,bell,scaly,yellow,yes,almond,broad,white,enlarging,one,pendant,brown,numerous,grasses
edible,convex,fibrous,white,yes,anise,narrow,pink,tapering,one,pendant,purple,several,woods
poisonous,convex,smooth,brown,yes,pungent,narrow,white,enlarging,one,pendant,black,scattered,urban
edible,convex,scaly,yellow,yes,anise,broad,black,enlarging,one,pendant,black,numerous,grasses
edible,flat,fibrous,gray,no,none,broad,chocolate,tapering,one,evanescent,brown,abundant,grasses
edible,convex,scaly,white,yes,anise,broad,brown,enlarging,one,pendant,black,scattered,grasses
edible,bell,scaly,white,yes,almond,broad,white,enlarging,one,pendant,brown,scattered,meadows
poisonous,convex,scaly,brown,yes,pungent,narrow,pink,enlarging,one,pendant,brown,scattered,urban
edible,flat,scaly,brown,yes,anise,broad,white,enlarging,one,pendant,black,scattered,grasses
edible,convex,smooth,white,yes,anise,broad,brown,enlarging,one,pendant,brown,numerous,meadows
edible,convex,smooth,white,yes,almond,narrow,brown,tapering,one,pendant,brown,several,woods
edible,flat,scaly,brown,yes,almond,broad,brown,enlarging,one,pendant,brown,solitary,paths
edible,bell,smooth,white,yes,almond,broad,black,enlarging,one,pendant,brown,numerous,meadows
edible,convex,smooth,white,no,none,broad,pink,tapering,one,evanescent,black,abundant,grasses
edible,flat,fibrous,gray,no,none,narrow,brown,enlarging,one,pendant,brown,several,urban
edible,convex,scaly,white,yes,almond,broad,gray,enlarging,one,pendant,brown,scattered,grasses
edible,convex,scaly,yellow,yes,anise,broad,brown,enlarging,one,pendant,brown,solitary,grasses
edible,bell,smooth,yellow,yes,anise,broad,gray,enlarging,one,pendant,brown,scattered,grasses
edible,bell,smooth,yellow,yes,anise,broad,white,enlarging,one,pendant,black,scattered,grasses
edible,flat,smooth,white,yes,anise,narrow,brown,tapering,one,pendant,brown,several,woods
edible,bell,smooth,white,yes,almond,broad,white,enlarging,one,pendant,black,numerous,meadows
edible,convex,fibrous,yellow,yes,almond,narrow,brown,tapering,one,pendant,purple,several,woods
edible,convex,scaly,white,yes,anise,broad,gray,enlarging,one,pendant,brown,numerous,meadows
edible,bell,scaly,yellow,yes,anise,broad,black,enlarging,one,pendant,brown,numerous,meadows
edible,convex,scaly,brown,yes,almond,broad,pink,enlarging,one,pendant,brown,solitary,paths
edible,convex,scaly,white,yes,anise,broad,brown,enlarging,one,pendant,black,scattered,meadows
edible,convex,scaly,white,yes,anise,broad,gray,enlarging,one,pendant,black,scattered,meadows
edible,convex,scaly,yellow,yes,almond,broad,pink,enlarging,one,pendant,black,solitary,paths
edible,convex,scaly,white,yes,anise,broad,brown,enlarging,one,pendant,black,numerous,meadows
edible,convex,smooth,yellow,yes,anise,broad,white,enlarging,one,pendant,black,numerous,meadows
edible,convex,scaly,brown,yes,anise,broad,pink,enlarging,one,pendant,black,scattered,grasses
edible,convex,smooth,white,yes,anise,broad,brown,enlarging,one,pendant,brown,numerous,grasses
edible,flat,scaly,brown,yes,anise,broad,brown,enlarging,one,pendant,black,scattered,grasses
edible,bell,smooth,white,yes,anise,broad,white,enlarging,one,pendant,black,scattered,meadows
edible,convex,fibrous,brown,yes,none,broad,brown,tapering,one,pendant,brown,solitary,woods
edible,convex,scaly,white,yes,anise,broad,black,enlarging,one,pendant,brown,scattered,meadows
edible,bell,smooth,white,yes,anise,broad,gray,enlarging,one,pendant,black,numerous,grasses
edible,bell,smooth,yellow,yes,anise,broad,gray,enlarging,one,pendant,black,numerous,meadows
edible,convex,fibrous,yellow,yes,anise,narrow,pink,tapering,one,pendant,brown,several,woods
edible,bell,smooth,white,yes,anise,broad,gray,enlarging,one,pendant,brown,numerous,meadows
edible,convex,smooth,gray,no,none,broad,chocolate,tapering,one,evanescent,black,abundant,grasses
edible,bell,smooth,white,yes,almond,broad,black,enlarging,one,pendant,brown,numerous,grasses
edible,bell,smooth,yellow,yes,anise,broad,white,enlarging,one,pendant,black,scattered,meadows
edible,flat,scaly,yellow,yes,almond,broad,brown,enlarging,one,pendant,black,solitary,paths
edible,flat,scaly,brown,yes,almond,broad,white,enlarging,one,pendant,brown,solitary,paths
edible,convex,smooth,white,yes,almond,broad,black,enlarging,one,pendant,brown,scattered,meadows
edible,flat,scaly,yellow,yes,anise,broad,brown,enlarging,one,pendant,brown,scattered,grasses
edible,bell,smooth,white,yes,almond,broad,gray,enlarging,one,pendant,black,scattered,grasses
edible,convex,scaly,yellow,yes,almond,broad,white,enlarging,one,pendant,brown,numerous,meadows
edible,convex,fibrous,brown,no,none,narrow,black,enlarging,one,pendant,black,several,urban
edible,flat,scaly,brown,yes,almond,broad,pink,enlarging,one,pendant,brown,solitary,grasses
edible,convex,smooth,white,yes,almond,broad,gray,enlarging,one,pendant,black,numerous,meadows
edible,convex,smooth,yellow,yes,anise,broad,gray,enlarging,one,pendant,black,numerous,grasses
edible,bell,scaly,yellow,yes,anise,broad,gray,enlarging,one,pendant,black,numerous,grasses
edible,flat,scaly,yellow,yes,almond,broad,white,enlarging,one,pendant,brown,scattered,paths
edible,convex,scaly,yellow,yes,anise,broad,gray,enlarging,one,pendant,black,numerous,grasses
edible,convex,scaly,white,yes,almond,broad,white,enlarging,one,pendant,black,numerous,meadows
edible,flat,fibrous,white,yes,almond,narrow,brown,tapering,one,pendant,purple,several,woods
edible,sunken,fibrous,gray,no,none,narrow,black,enlarging,one,pendant,black,solitary,urban
edible,flat,smooth,yellow,yes,anise,narrow,brown,tapering,one,pendant,brown,several,woods
edible,flat,fibrous,gray,no,none,narrow,black,enlarging,one,pendant,black,solitary,urban
edible,convex,fibrous,brown,no,none,narrow,pink,enlarging,one,pendant,brown,solitary,urban
edible,bell,scaly,white,yes,almond,broad,white,enlarging,one,pendant,brown,numerous,grasses
edible,convex,smooth,white,yes,almond,narrow,pink,tapering,one,pendant,brown,several,woods
edible,bell,scaly,yellow,yes,anise,broad,brown,enlarging,one,pendant,black,scattered,meadows
edible,bell,scaly,yellow,yes,almond,broad,black,enlarging,one,pendant,black,scattered,meadows
edible,bell,scaly,yellow,yes,anise,broad,gray,enlarging,one,pendant,black,scattered,grasses
edible,flat,smooth,white,yes,anise,narrow,pink,tapering,one,pendant,purple,several,woods
edible,flat,fibrous,gray,no,none,narrow,gray,enlarging,one,pendant,black,solitary,urban
edible,flat,smooth,white,yes,almond,narrow,white,tapering,one,pendant,brown,several,woods
edible,flat,scaly,yellow,yes,almond,broad,pink,enlarging,one,pendant,black,solitary,grasses
edible,convex,scaly,white,yes,anise,broad,white,enlarging,one,pendant,brown,scattered,meadows
edible,sunken,fibrous,brown,no,none,narrow,pink,enlarging,one,pendant,brown,solitary,urban
edible,convex,scaly,brown,yes,anise,broad,brown,enlarging,one,pendant,black,scattered,paths
edible,convex,scaly,brown,yes,almond,broad,brown,enlarging,one,pendant,black,scattered,paths
edible,flat,fibrous,yellow,yes,almond,narrow,brown,tapering,one,pendant,purple,several,woods
poisonous,flat,smooth,brown,yes,pungent,narrow,pink,enlarging,one,pendant,brown,scattered,grasses
poisonous,convex,smooth,brown,yes,pungent,narrow,black,enlarging,one,pendant,brown,several,urban
edible,flat,scaly,brown,yes,anise,broad,white,enlarging,one,pendant,brown,scattered,paths
edible,convex,scaly,yellow,yes,almond,broad,white,enlarging,one,pendant,black,scattered,grasses
edible,bell,smooth,yellow,yes,almond,broad,black,enlarging,one,pendant,brown,numerous,meadows
edible,flat,fibrous,white,no,none,broad,chocolate,tapering,one,evanescent,brown,abundant,grasses
edible,flat,scaly,brown,yes,almond,broad,pink,enlarging,one,pendant,brown,scattered,grasses
edible,convex,scaly,white,yes,almond,broad,brown,enlarging,one,pendant,brown,scattered,grasses
edible,bell,smooth,yellow,yes,anise,broad,white,enlarging,one,pendant,black,numerous,meadows
edible,convex,smooth,yellow,yes,almond,broad,white,enlarging,one,pendant,brown,numerous,grasses
edible,bell,scaly,yellow,yes,almond,broad,gray,enlarging,one,pendant,black,numerous,grasses
edible,convex,smooth,white,yes,anise,broad,gray,enlarging,one,pendant,black,numerous,meadows
edible,bell,smooth,yellow,yes,almond,broad,white,enlarging,one,pendant,black,scattered,meadows
edible,bell,scaly,yellow,yes,almond,broad,white,enlarging,one,pendant,brown,scattered,grasses
poisonous,convex,smooth,brown,yes,pungent,narrow,brown,enlarging,one,pendant,brown,several,grasses
edible,convex,smooth,gray,no,none,broad,pink,tapering,one,evanescent,brown,scattered,grasses
edible,flat,smooth,brown,no,none,broad,pink,tapering,one,evanescent,brown,abundant,grasses
edible,convex,fibrous,white,yes,almond,narrow,brown,tapering,one,pendant,brown,several,woods
edible,flat,fibrous,gray,no,none,narrow,pink,enlarging,one,pendant,brown,several,urban
edible,flat,fibrous,brown,no,none,narrow,black,enlarging,one,pendant,brown,solitary,urban
edible,bell,scaly,yellow,yes,almond,broad,black,enlarging,one,pendant,black,scattered,grasses
edible,convex,fibrous,white,yes,almond,narrow,brown,tapering,one,pendant,purple,several,woods
edible,sunken,fibrous,gray,no,none,narrow,brown,enlarging,one,pendant,brown,several,urban
edible,convex,fibrous,brown,no,none,narrow,black,enlarging,one,pendant,brown,several,urban
edible,convex,fibrous,white,no,none,broad,chocolate,tapering,one,evanescent,brown,abundant,grasses
edible,convex,scaly,brown,yes,anise,broad,brown,enlarging,one,pendant,black,solitary,paths
edible,bell,smooth,yellow,yes,almond,broad,black,enlarging,one,pendant,black,numerous,grasses
edible,convex,scaly,white,yes,anise,broad,black,enlarging,one,pendant,black,scattered,grasses
edible,convex,scaly,yellow,yes,almond,broad,black,enlarging,one,pendant,brown,numerous,grasses
edible,convex,smooth,white,yes,anise,broad,white,enlarging,one,pendant,black,numerous,meadows
edible,bell,smooth,white,yes,anise,broad,brown,enlarging,one,pendant,black,scattered,grasses
edible,flat,scaly,yellow,yes,almond,broad,pink,enlarging,one,pendant,brown,solitary,paths
poisonous,convex,smooth,brown,yes,pungent,narrow,brown,enlarging,one,pendant,brown,scattered,urban
edible,flat,fibrous,gray,no,none,narrow,brown,enlarging,one,pendant,black,solitary,urban
edible,bell,smooth,yellow,yes,anise,broad,white,enlarging,one,pendant,brown,scattered,grasses
edible,flat,scaly,brown,yes,almond,broad,white,enlarging,one,pendant,brown,scattered,paths
edible,convex,smooth,yellow,yes,almond,broad,black,enlarging,one,pendant,brown,scattered,meadows
edible,convex,fibrous,brown,no,none,narrow,black,enlarging,one,pendant,black,solitary,urban
edible,flat,scaly,yellow,yes,almond,broad,white,enlarging,one,pendant,brown,solitary,paths
edible,convex,scaly,brown,yes,almond,broad,brown,enlarging,one,pendant,brown,solitary,paths
edible,convex,smooth,white,yes,almond,broad,brown,enlarging,one,pendant,black,scattered,grasses
poisonous,convex,scaly,white,yes,pungent,narrow,brown,enlarging,one,pendant,black,scattered,grasses
edible,flat,scaly,brown,yes,anise,broad,white,enlarging,one,pendant,black,solitary,paths
poisonous,flat,smooth,brown,yes,pungent,narrow,black,enlarging,one,pendant,black,scattered,grasses
edible,convex,fibrous,white,no,none,broad,black,tapering,one,evanescent,black,scattered,grasses
edible,bell,scaly,white,yes,almond,broad,black,enlarging,one,pendant,black,scattered,meadows
edible,sunken,fibrous,brown,no,none,narrow,pink,enlarging,one,pendant,black,several,urban
edible,convex,scaly,yellow,yes,anise,broad,gray,enlarging,one,pendant,brown,scattered,meadows
edible,flat,smooth,white,yes,almond,narrow,pink,tapering,one,pendant,purple,several,woods
edible,convex,smooth,yellow,yes,almond,broad,brown,enlarging,one,pendant,black,scattered,meadows
edible,flat,fibrous,gray,no,none,broad,pink,tapering,one,evanescent,black,scattered,grasses
poisonous,convex,scaly,white,yes,pungent,narrow,brown,enlarging,one,pendant,brown,scattered,grasses
edible,convex,scaly,yellow,yes,almond,broad,pink,enlarging,one,pendant,black,scattered,grasses
edible,flat,fibrous,brown,no,none,broad,brown,tapering,one,evanescent,black,abundant,grasses
edible,convex,smooth,white,yes,almond,broad,white,enlarging,one,pendant,black,scattered,meadows
edible,bell,scaly,yellow,yes,anise,broad,gray,enlarging,one,pendant,brown,scattered,meadows
edible,flat,fibrous,gray,no,none,narrow,gray,enlarging,one,pendant,brown,several,urban
edible,convex,fibrous,yellow,yes,anise,narrow,pink,tapering,one,pendant,purple,several,woods
edible,convex,smooth,yellow,yes,almond,broad,gray,enlarging,one,pendant,brown,numerous,meadows
edible,flat,fibrous,brown,no,none,narrow,brown,enlarging,one,pendant,brown,solitary,urban
edible,convex,fibrous,gray,no,none,broad,chocolate,tapering,one,evanescent,brown,scattered,grasses
edible,convex,scaly,yellow,yes,anise,broad,pink,enlarging,one,pendant,black,scattered,paths
edible,flat,smooth,white,yes,anise,narrow,pink,tapering,one,pendant,brown,several,woods
edible,convex,smooth,yellow,yes,anise,broad,black,enlarging,one,pendant,black,scattered,grasses
edible,flat,scaly,yellow,yes,almond,broad,pink,enlarging,one,pendant,black,solitary,paths
poisonous,convex,scaly,brown,yes,pungent,narrow,black,enlarging,one,pendant,black,several,urban
edible,convex,fibrous,white,yes,anise,narrow,white,tapering,one,pendant,purple,several,woods
edible,convex,smooth,white,yes,anise,broad,white,enlarging,one,pendant,black,numerous,grasses
edible,convex,scaly,yellow,yes,almond,broad,gray,enlarging,one,pendant,brown,numerous,meadows
edible,bell,smooth,yellow,yes,almond,broad,gray,enlarging,one,pendant,brown,scattered,grasses
edible,convex,smooth,yellow,yes,almond,narrow,white,tapering,one,pendant,purple,several,woods
edible,convex,smooth,yellow,yes,almond,narrow,brown,tapering,one,pendant,purple,several,woods
edible,convex,fibrous,white,no,none,broad,brown,tapering,one,evanescent,black,scattered,grasses
edible,bell,smooth,white,yes,almond,broad,white,enlarging,one,pendant,brown,scattered,meadows
poisonous,convex,scaly,white,yes,pungent,narrow,white,enlarging,one,pendant,black,several,grasses
edible,convex,scaly,yellow,yes,almond,broad,gray,enlarging,one,pendant,brown,numerous,grasses
edible,flat,smooth,gray,no,none,broad,black,tapering,one,evanescent,black,scattered,grasses
poisonous,convex,smooth,brown,yes,pungent,narrow,brown,enlarging,one,pendant,brown,scattered,grasses
edible,bell,scaly,white,yes,almond,broad,white,enlarging,one,pendant,black,numerous,meadows
edible,convex,smooth,white,yes,almond,broad,black,enlarging,one,pendant,black,numerous,meadows
edible,flat,fibrous,yellow,yes,anise,narrow,brown,tapering,one,pendant,brown,several,woods
edible,convex,smooth,yellow,yes,almond,broad,black,enlarging,one,pendant,black,numerous,grasses
edible,bell,scaly,white,yes,anise,broad,white,enlarging,one,pendant,black,numerous,grasses
edible,convex,scaly,brown,yes,almond,broad,white,enlarging,one,pendant,brown,solitary,grasses
edible,convex,smooth,yellow,yes,anise,broad,white,enlarging,one,pendant,brown,scattered,grasses
edible,convex,fibrous,brown,no,none,narrow,pink,enlarging,one,pendant,brown,several,urban
edible,convex,smooth,yellow,yes,anise,broad,brown,enlarging,one,pendant,brown,scattered,grasses
edible,convex,scaly,yellow,yes,anise,broad,white,enlarging,one,pendant,brown,solitary,grasses
poisonous,convex,smooth,brown,yes,pungent,narrow,white,enlarging,one,pendant,brown,scattered,grasses
edible,convex,smooth,white,yes,almond,broad,gray,enlarging,one,pendant,brown,numerous,meadows
edible,convex,smooth,yellow,yes,almond,broad,white,enlarging,one,pendant,brown,scattered,meadows
edible,convex,scaly,white,yes,anise,broad,black,enlarging,one,pendant,black,numerous,grasses
edible,convex,scaly,yellow,yes,almond,broad,brown,enlarging,one,pendant,brown,solitary,grasses
edible,flat,scaly,yellow,yes,almond,broad,white,enlarging,one,pendant,black,scattered,grasses
edible,convex,scaly,white,yes,almond,broad,black,enlarging,one,pendant,brown,scattered,meadows
edible,sunken,fibrous,gray,no,none,narrow,gray,enlarging,one,pendant,black,several,urban
edible,flat,fibrous,brown,no,none,narrow,brown,enlarging,one,pendant,black,solitary,urban
edible,sunken,fibrous,gray,no,none,narrow,brown,enlarging,one,pendant,black,several,urban
edible,convex,scaly,white,yes,almond,broad,brown,enlarging,one,pendant,black,numerous,meadows
poisonous,convex,smooth,white,yes,pungent,narrow,black,enlarging,one,pendant,black,scattered,urban
edible,convex,smooth,gray,no,none,broad,chocolate,tapering,one,evanescent,black,scattered,grasses
edible,convex,scaly,yellow,yes,anise,broad,gray,enlarging,one,pendant,black,scattered,grasses
poisonous,convex,scaly,white,yes,pungent,narrow,black,enlarging,one,pendant,brown,scattered,grasses
edible,convex,smooth,yellow,yes,almond,broad,gray,enlarging,one,pendant,black,numerous,meadows
poisonous,convex,smooth,brown,yes,pungent,narrow,pink,enlarging,one,pendant,black,several,urban
edible,bell,smooth,yellow,yes,anise,broad,brown,enlarging,one,pendant,black,numerous,meadows
edible,bell,scaly,white,yes,anise,broad,gray,enlarging,one,pendant,black,scattered,meadows
poisonous,convex,scaly,white,yes,pungent,narrow,pink,enlarging,one,pendant,brown,scattered,grasses
poisonous,convex,smooth,brown,yes,pungent,narrow,brown,enlarging,one,pendant,black,scattered,urban
edible,convex,smooth,gray,no,none,broad,brown,tapering,one,evanescent,brown,abundant,grasses
edible,convex,scaly,brown,yes,anise,broad,white,enlarging,one,pendant,brown,solitary,grasses
edible,flat,fibrous,white,no,none,broad,black,tapering,one,evanescent,brown,abundant,grasses
edible,flat,scaly,brown,yes,anise,broad,brown,enlarging,one,pendant,brown,scattered,paths
edible,bell,scaly,white,yes,anise,broad,white,enlarging,one,pendant,black,scattered,meadows
edible,bell,smooth,white,yes,almond,broad,brown,enlarging,one,pendant,black,numerous,grasses
edible,convex,smooth,gray,no,none,broad,brown,tapering,one,evanescent,brown,scattered,grasses
edible,flat,scaly,brown,yes,almond,broad,brown,enlarging,one,pendant,black,solitary,grasses
edible,convex,smooth,white,yes,anise,broad,white,enlarging,one,pendant,black,scattered,meadows
edible,flat,fibrous,gray,no,none,narrow,brown,enlarging,one,pendant,black,several,urban
edible,flat,smooth,brown,no,none,broad,chocolate,tapering,one,evanescent,brown,abundant,grasses
edible,convex,fibrous,gray,no,none,broad,brown,tapering,one,evanescent,brown,scattered,grasses
edible,flat,smooth,white,no,none,broad,pink,tapering,one,evanescent,black,abundant,grasses
poisonous,convex,smooth,white,yes,pungent,narrow,black,enlarging,one,pendant,brown,scattered,urban
edible,convex,scaly,yellow,yes,anise,broad,pink,enlarging,one,pendant,black,scattered,grasses
edible,bell,smooth,white,yes,anise,broad,gray,enlarging,one,pendant,black,scattered,grasses
edible,flat,fibrous,gray,no,none,broad,pink,tapering,one,evanescent,black,abundant,grasses
edible,bell,scaly,white,yes,anise,broad,gray,enlarging,one,pendant,black,scattered,grasses
edible,bell,smooth,yellow,yes,almond,broad,brown,enlarging,one,pendant,brown,numerous,meadows
edible,sunken,fibrous,gray,no,none,narrow,brown,enlarging,one,pendant,brown,solitary,urban
edible,flat,scaly,yellow,yes,anise,broad,pink,enlarging,one,pendant,black,scattered,grasses
edible,bell,smooth,white,yes,anise,broad,white,enlarging,one,pendant,brown,numerous,grasses
edible,convex,fibrous,white,yes,anise,narrow,brown,tapering,one,pendant,purple,several,woods
edible,flat,scaly,yellow,yes,almond,broad,brown,enlarging,one,pendant,black,scattered,paths
edible,flat,fibrous,gray,no,none,narrow,pink,enlarging,one,pendant,black,solitary,urban
edible,convex,smooth,white,yes,anise,broad,gray,enlarging,one,pendant,black,scattered,meadows
edible,flat,fibrous,yellow,yes,anise,narrow,white,tapering,one,pendant,purple,several,woods
edible,sunken,fibrous,gray,no,none,narrow,pink,enlarging,one,pendant,black,solitary,urban
edible,bell,scaly,white,yes,almond,broad,gray,enlarging,one,pendant,brown,scattered,grasses
edible,bell,smooth,white,yes,almond,broad,black,enlarging,one,pendant,black,numerous,grasses
edible,flat,fibrous,brown,no,none,broad,brown,tapering,one,evanescent,brown,scattered,grasses
edible,bell,scaly,yellow,yes,almond,broad,black,enlarging,one,pendant,black,numerous,meadows
edible,convex,fibrous,brown,yes,none,broad,brown,tapering,one,pendant,black,several,woods
edible,convex,scaly,brown,yes,anise,broad,brown,enlarging,one,pendant,black,scattered,grasses
edible,convex,scaly,brown,yes,almond,broad,pink,enlarging,one,pendant,brown,scattered,grasses
edible,bell,scaly,yellow,yes,almond,broad,white,enlarging,one,pendant,brown,scattered,meadows
edible,flat,scaly,yellow,yes,almond,broad,pink,enlarging,one,pendant,black,scattered,grasses
edible,convex,scaly,yellow,yes,anise,broad,brown,enlarging,one,pendant,black,numerous,meadows
edible,convex,smooth,brown,no,none,broad,chocolate,tapering,one,evanescent,black,scattered,grasses
edible,convex,scaly,white,yes,almond,broad,gray,enlarging,one,pendant,black,scattered,meadows
edible,bell,scaly,yellow,yes,anise,broad,white,enlarging,one,pendant,black,numerous,meadows
edible,convex,scaly,brown,yes,almond,broad,brown,enlarging,one,pendant,brown,solitary,grasses
edible,flat,scaly,brown,yes,anise,broad,white,enlarging,one,pendant,black,scattered,paths
edible,flat,scaly,brown,yes,almond,broad,white,enlarging,one,pendant,black,solitary,grasses
edible,flat,scaly,yellow,yes,anise,broad,brown,enlarging,one,pendant,black,scattered,paths
edible,convex,smooth,yellow,yes,anise,narrow,brown,tapering,one,pendant,purple,several,woods
edible,bell,scaly,white,yes,almond,broad,gray,enlarging,one,pendant,black,scattered,meadows
edible,bell,smooth,white,yes,anise,broad,black,enlarging,one,pendant,black,numerous,meadows
edible,convex,scaly,yellow,yes,almond,broad,brown,enlarging,one,pendant,black,scattered,grasses
edible,flat,fibrous,white,yes,anise,narrow,pink,tapering,one,pendant,purple,several,woods
edible,convex,smooth,yellow,yes,almond,broad,brown,enlarging,one,pendant,black,scattered,grasses
edible,bell,smooth,yellow,yes,anise,broad,brown,enlarging,one,pendant,brown,numerous,meadows
edible,flat,scaly,yellow,yes,almond,broad,white,enlarging,one,pendant,black,solitary,grasses
poisonous,convex,scaly,brown,yes,pungent,narrow,white,enlarging,one,pendant,black,scattered,grasses
poisonous,convex,scaly,white,yes,pungent,narrow,white,enlarging,one,pendant,black,several,urban
edible,convex,smooth,yellow,yes,anise,broad,gray,enlarging,one,pendant,brown,scattered,grasses
edible,flat,fibrous,white,no,none,broad,black,tapering,one,evanescent,brown,scattered,grasses
edible,bell,smooth,yellow,yes,almond,broad,gray,enlarging,one,pendant,black,numerous,grasses
edible,convex,scaly,yellow,yes,anise,broad,white,enlarging,one,pendant,black,solitary,paths
edible,flat,fibrous,gray,no,none,narrow,black,enlarging,one,pendant,brown,solitary,urban
edible,bell,smooth,white,yes,almond,broad,brown,enlarging,one,pendant,black,scattered,grasses
edible,convex,smooth,white,yes,anise,broad,black,enlarging,one,pendant,black,scattered,meadows
poisonous,convex,scaly,brown,yes,pungent,narrow,brown,enlarging,one,pendant,black,scattered,grasses
poisonous,convex,smooth,brown,yes,pungent,narrow,black,enlarging,one,pendant,brown,scattered,grasses
edible,bell,smooth,white,yes,anise,broad,gray,enlarging,one,pendant,brown,scattered,grasses
edible,bell,smooth,yellow,yes,almond,broad,white,enlarging,one,pendant,brown,numerous,meadows
edible,flat,scaly,brown,yes,almond,broad,white,enlarging,one,pendant,brown,scattered,grasses
edible,convex,scaly,yellow,yes,anise,broad,pink,enlarging,one,pendant,brown,solitary,grasses
edible,flat,scaly,yellow,yes,anise,broad,brown,enlarging,one,pendant,brown,solitary,paths
edible,convex,scaly,white,yes,almond,broad,white,enlarging,one,pendant,brown,numerous,grasses
edible,convex,smooth,yellow,yes,almond,broad,black,enlarging,one,pendant,black,scattered,grasses
edible,flat,fibrous,brown,no,none,narrow,pink,enlarging,one,pendant,brown,several,urban
edible,flat,fibrous,brown,no,none,broad,pink,tapering,one,evanescent,black,abundant,grasses
edible,convex,fibrous,yellow,yes,anise,narrow,white,tapering,one,pendant,purple,several,woods
edible,flat,scaly,yellow,yes,anise,broad,white,enlarging,one,pendant,brown,scattered,paths
edible,flat,fibrous,brown,no,none,narrow,gray,enlarging,one,pendant,black,solitary,urban
edible,flat,fibrous,gray,no,none,narrow,black,enlarging,one,pendant,brown,several,urban
edible,convex,scaly,brown,yes,anise,broad,brown,enlarging,one,pendant,brown,solitary,grasses
edible,convex,scaly,yellow,yes,anise,broad,white,enlarging,one,pendant,brown,solitary,paths
edible,bell,smooth,white,yes,almond,broad,gray,enlarging,one,pendant,black,scattered,meadows
edible,convex,smooth,white,yes,anise,narrow,brown,tapering,one,pendant,brown,several,woods
edible,convex,scaly,white,yes,almond,broad,brown,enlarging,one,pendant,brown,numerous,meadows
edible,convex,fibrous,yellow,yes,almond,narrow,white,tapering,one,pendant,purple,several,woods
edible,bell,smooth,yellow,yes,almond,broad,white,enlarging,one,pendant,black,numerous,grasses
edible,convex,fibrous,brown,yes,none,broad,pink,tapering,one,pendant,brown,several,woods
edible,convex,scaly,white,yes,almond,broad,gray,enlarging,one,pendant,black,numerous,meadows
edible,flat,fibrous,gray,no,none,narrow,black,enlarging,one,pendant,black,several,urban
edible,bell,scaly,white,yes,almond,broad,brown,enlarging,one,pendant,brown,scattered,meadows
edible,convex,scaly,yellow,yes,anise,broad,white,enlarging,one,pendant,black,numerous,meadows
edible,convex,smooth,white,yes,almond,broad,black,enlarging,one,pendant,black,scattered,grasses
edible,bell,smooth,yellow,yes,almond,broad,white,enlarging,one,pendant,black,scattered,grasses
edible,bell,scaly,white,yes,anise,broad,black,enlarging,one,pendant,black,scattered,grasses
edible,convex,scaly,brown,yes,almond,broad,pink,enlarging,one,pendant,brown,scattered,paths
edible,flat,smooth,gray,no,none,broad,black,tapering,one,evanescent,brown,abundant,grasses
poisonous,convex,scaly,brown,yes,pungent,narrow,pink,enlarging,one,pendant,brown,scattered,grasses
edible,bell,scaly,white,yes,almond,broad,brown,enlarging,one,pendant,brown,scattered,grasses
edible,bell,smooth,yellow,yes,almond,broad,white,enlarging,one,pendant,brown,scattered,meadows
poisonous,convex,scaly,brown,yes,pungent,narrow,white,enlarging,one,pendant,black,several,grasses
poisonous,convex,smooth,brown,yes,pungent,narrow,pink,enlarging,one,pendant,brown,several,urban
edible,flat,smooth,brown,no,none,broad,brown,tapering,one,evanescent,brown,abundant,grasses
poisonous,convex,smooth,brown,yes,pungent,narrow,white,enlarging,one,pendant,black,scattered,grasses
edible,flat,fibrous,gray,no,none,broad,chocolate,tapering,one,evanescent,brown,abundant,grasses
edible,convex,scaly,yellow,yes,anise,broad,brown,enlarging,one,pendant,black,scattered,paths
edible,bell,scaly,white,yes,anise,broad,black,enlarging,one,pendant,black,numerous,meadows
edible,flat,scaly,yellow,yes,anise,broad,pink,enlarging,one,pendant,brown,scattered,paths
edible,flat,scaly,yellow,yes,anise,broad,pink,enlarging,one,pendant,black,solitary,paths
edible,bell,scaly,yellow,yes,anise,broad,black,enlarging,one,pendant,black,numerous,meadows
edible,sunken,fibrous,brown,no,none,narrow,pink,enlarging,one,pendant,black,solitary,urban
edible,convex,smooth,white,yes,almond,broad,black,enlarging,one,pendant,brown,numerous,meadows
edible,bell,scaly,yellow,yes,almond,broad,gray,enlarging,one,pendant,black,numerous,meadows
edible,flat,scaly,yellow,yes,almond,broad,white,enlarging,one,pendant,black,scattered,paths
edible,flat,smooth,brown,no,none,broad,pink,tapering,one,evanescent,brown,abundant,grasses
edible,convex,smooth,white,yes,anise,broad,white,enlarging,one,pendant,brown,scattered,meadows
edible,bell,scaly,yellow,yes,anise,broad,white,enlarging,one,pendant,brown,numerous,grasses
edible,bell,scaly,yellow,yes,anise,broad,black,enlarging,one,pendant,black,scattered,grasses
edible,bell,scaly,yellow,yes,almond,broad,brown,enlarging,one,pendant,brown,scattered,meadows
edible,bell,smooth,white,yes,anise,broad,black,enlarging,one,pendant,brown,scattered,meadows
edible,convex,scaly,yellow,yes,almond,broad,brown,enlarging,one,pendant,black,scattered,paths
edible,convex,scaly,brown,yes,almond,broad,brown,enlarging,one,pendant,brown,scattered,grasses
edible,sunken,fibrous,brown,no,none,narrow,gray,enlarging,one,pendant,black,several,urban
edible,flat,scaly,brown,yes,almond,broad,brown,enlarging,one,pendant,brown,scattered,grasses
edible,convex,smooth,white,yes,almond,broad,black,enlarging,one,pendant,black,numerous,grasses
edible,flat,smooth,yellow,yes,anise,narrow,white,tapering,one,pendant,brown,several,woods
edible,convex,smooth,brown,no,none,broad,pink,tapering,one,evanescent,brown,abundant,grasses
edible,flat,scaly,yellow,yes,almond,broad,brown,enlarging,one,pendant,black,scattered,grasses
poisonous,convex,scaly,brown,yes,pungent,narrow,black,enlarging,one,pendant,brown,several,grasses
edible,convex,smooth,white,yes,anise,broad,white,enlarging,one,pendant,brown,numerous,grasses
edible,convex,fibrous,white,no,none,broad,chocolate,tapering,one,evanescent,brown,scattered,grasses
edible,bell,smooth,white,yes,almond,broad,brown,enlarging,one,pendant,brown,scattered,meadows
edible,convex,scaly,white,yes,anise,broad,white,enlarging,one,pendant,black,scattered,meadows
edible,flat,scaly,yellow,yes,anise,broad,white,enlarging,one,pendant,black,solitary,grasses
edible,convex,fibrous,brown,no,none,broad,brown,tapering,one,evanescent,brown,scattered,grasses
poisonous,convex,smooth,white,yes,pungent,narrow,black,enlarging,one,pendant,brown,scattered,grasses
poisonous,convex,scaly,white,yes,pungent,narrow,pink,enlarging,one,pendant,black,scattered,urban
edible,convex,scaly,white,yes,anise,broad,gray,enlarging,one,pendant,black,numerous,grasses
edible,bell,scaly,white,yes,almond,broad,white,enlarging,one,pendant,brown,scattered,grasses
edible,convex,fibrous,white,yes,almond,narrow,white,tapering,one,pendant,brown,several,woods
poisonous,convex,scaly,white,yes,pungent,narrow,white,enlarging,one,pendant,black,scattered,urban
edible,convex,smooth,white,yes,anise,broad,gray,enlarging,one,pendant,black,scattered,grasses
edible,convex,fibrous,gray,no,none,narrow,pink,enlarging,one,pendant,black,several,urban
edible,convex,fibrous,brown,no,none,narrow,pink,enlarging,one,pendant,black,several,urban
edible,bell,smooth,white,yes,almond,broad,brown,enlarging,one,pendant,black,scattered,meadows
edible,convex,scaly,brown,yes,almond,broad,pink,enlarging,one,pendant,black,scattered,grasses
edible,bell,scaly,white,yes,almond,broad,black,enlarging,one,pendant,brown,numerous,meadows
edible,flat,scaly,yellow,yes,anise,broad,brown,enlarging,one,pendant,brown,scattered,paths
edible,convex,scaly,white,yes,anise,broad,brown,enlarging,one,pendant,brown,numerous,grasses
edible,bell,scaly,white,yes,anise,broad,white,enlarging,one,pendant,brown,scattered,grasses
edible,bell,scaly,white,yes,almond,broad,white,enlarging,one,pendant,black,scattered,meadows
poisonous,convex,smooth,brown,yes,pungent,narrow,white,enlarging,one,pendant,brown,several,urban
edible,flat,smooth,yellow,yes,almond,narrow,brown,tapering,one,pendant,purple,several,woods
edible,convex,scaly,brown,yes,almond,broad,brown,enlarging,one,pendant,brown,scattered,paths
edible,bell,smooth,yellow,yes,anise,broad,black,enlarging,one,pendant,brown,numerous,grasses
edible,flat,smooth,white,yes,almond,narrow,brown,tapering,one,pendant,purple,several,woods
edible,bell,scaly,yellow,yes,anise,broad,white,enlarging,one,pendant,black,scattered,grasses
edible,bell,scaly,yellow,yes,almond,broad,black,enlarging,one,pendant,brown,numerous,meadows
edible,bell,smooth,yellow,yes,almond,broad,brown,enlarging,one,pendant,black,numerous,grasses
edible,flat,scaly,yellow,yes,anise,broad,brown,enlarging,one,pendant,brown,solitary,grasses
edible,convex,smooth,white,no,none,broad,brown,tapering,one,evanescent,brown,abundant,grasses
edible,bell,scaly,yellow,yes,almond,broad,white,enlarging,one,pendant,brown,numerous,meadows
edible,convex,scaly,brown,yes,almond,broad,brown,enlarging,one,pendant,black,solitary,paths
edible,bell,smooth,white,yes,anise,broad,gray,enlarging,one,pendant,brown,numerous,grasses
edible,flat,scaly,brown,yes,anise,broad,pink,enlarging,one,pendant,black,solitary,grasses
edible,convex,smooth,white,yes,anise,broad,gray,enlarging,one,pendant,brown,numerous,grasses
edible,convex,fibrous,brown,no,none,narrow,gray,enlarging,one,pendant,brown,several,urban
edible,convex,scaly,brown,yes,anise,broad,white,enlarging,one,pendant,black,scattered,paths
edible,flat,fibrous,gray,no,none,broad,black,tapering,one,evanescent,black,abundant,grasses
edible,convex,smooth,white,yes,anise,narrow,pink,tapering,one,pendant,brown,several,woods
edible,flat,fibrous,brown,no,none,narrow,gray,enlarging,one,pendant,brown,solitary,urban
edible,bell,scaly,yellow,yes,almond,broad,gray,enlarging,one,pendant,brown,scattered,meadows
edible,bell,smooth,white,yes,almond,broad,black,enlarging,one,pendant,black,numerous,meadows
edible,convex,smooth,white,yes,almond,broad,white,enlarging,one,pendant,brown,numerous,grasses
edible,bell,smooth,yellow,yes,anise,broad,black,enlarging,one,pendant,brown,scattered,meadows
edible,convex,scaly,yellow,yes,almond,broad,black,enlarging,one,pendant,black,numerous,meadows
edible,convex,smooth,yellow,yes,almond,narrow,pink,tapering,one,pendant,brown,several,woods
edible,flat,fibrous,gray,no,none,broad,chocolate,tapering,one,evanescent,black,abundant,grasses
edible,convex,scaly,yellow,yes,almond,broad,pink,enlarging,one,pendant,brown,scattered,grasses
poisonous,convex,scaly,brown,yes,pungent,narrow,black,enlarging,one,pendant,brown,scattered,urban
edible,convex,scaly,brown,yes,almond,broad,pink,enlarging,one,pendant,brown,solitary,grasses
edible,convex,smooth,yellow,yes,anise,broad,brown,enlarging,one,pendant,brown,numerous,grasses
edible,bell,scaly,white,yes,anise,broad,white,enlarging,one,pendant,brown,numerous,meadows
edible,convex,scaly,yellow,yes,almond,broad,white,enlarging,one,pendant,black,scattered,meadows
edible,sunken,fibrous,brown,no,none,narrow,gray,enlarging,one,pendant,black,solitary,urban
edible,bell,scaly,yellow,yes,anise,broad,white,enlarging,one,pendant,black,scattered,meadows
edible,convex,smooth,white,yes,anise,broad,brown,enlarging,one,pendant,black,scattered,meadows
edible,convex,smooth,white,yes,almond,broad,white,enlarging,one,pendant,black,numerous,grasses
poisonous,convex,smooth,brown,yes,pungent,narrow,white,enlarging,one,pendant,black,several,grasses
edible,convex,fibrous,brown,no,none,narrow,brown,enlarging,one,pendant,black,several,urban
edible,convex,scaly,yellow,yes,anise,broad,white,enlarging,one,pendant,brown,numerous,grasses
poisonous,convex,scaly,brown,yes,pungent,narrow,black,enlarging,one,pendant,brown,scattered,grasses
edible,convex,scaly,yellow,yes,anise,broad,pink,enlarging,one,pendant,black,solitary,paths
edible,bell,scaly,yellow,yes,anise,broad,black,enlarging,one,pendant,brown,scattered,grasses
edible,flat,scaly,brown,yes,anise,broad,pink,enlarging,one,pendant,black,solitary,paths
edible,convex,scaly,white,yes,almond,broad,black,enlarging,one,pendant,black,numerous,grasses
edible,convex,smooth,yellow,yes,almond,broad,brown,enlarging,one,pendant,brown,numerous,grasses
poisonous,convex,scaly,brown,yes,pungent,narrow,pink,enlarging,one,pendant,brown,several,grasses
poisonous,convex,scaly,brown,yes,pungent,narrow,brown,enlarging,one,pendant,brown,scattered,urban
edible,bell,scaly,yellow,yes,anise,broad,brown,enlarging,one,pendant,black,numerous,grasses
edible,convex,smooth,white,no,none,broad,chocolate,tapering,one,evanescent,black,scattered,grasses
poisonous,convex,smooth,white,yes,pungent,narrow,black,enlarging,one,pendant,brown,several,grasses
edible,convex,scaly,brown,yes,anise,broad,white,enlarging,one,pendant,brown,scattered,paths
edible,bell,smooth,white,yes,almond,broad,brown,enlarging,one,pendant,black,numerous,meadows
edible,convex,scaly,yellow,yes,almond,broad,white,enlarging,one,pendant,brown,numerous,grasses
poisonous,convex,smooth,brown,yes,pungent,narrow,brown,enlarging,one,pendant,brown,several,urban
edible,bell,scaly,yellow,yes,anise,broad,white,enlarging,one,pendant,black,numerous,grasses
edible,bell,scaly,white,yes,almond,broad,black,enlarging,one,pendant,brown,numerous,grasses
edible,flat,scaly,yellow,yes,anise,broad,white,enlarging,one,pendant,black,scattered,grasses
edible,bell,scaly,white,yes,almond,broad,black,enlarging,one,pendant,black,scattered,grasses
edible,convex,scaly,yellow,yes,almond,broad,pink,enlarging,one,pendant,black,solitary,grasses
edible,bell,smooth,yellow,yes,anise,broad,brown,enlarging,one,pendant,brown,scattered,meadows
edible,convex,smooth,yellow,yes,anise,narrow,pink,tapering,one,pendant,brown,several,woods
edible,bell,smooth,yellow,yes,almond,broad,gray,enlarging,one,pendant,black,numerous,meadows
edible,bell,smooth,yellow,yes,almond,broad,brown,enlarging,one,pendant,black,numerous,meadows
poisonous,convex,scaly,white,yes,pungent,narrow,pink,enlarging,one,pendant,black,several,urban
poisonous,convex,scaly,white,yes,pungent,narrow,white,enlarging,one,pendant,brown,several,grasses
poisonous,convex,smooth,brown,yes,pungent,narrow,black,enlarging,one,pendant,black,several,urban
edible,convex,smooth,white,yes,almond,broad,brown,enlarging,one,pendant,black,scattered,meadows
edible,convex,scaly,brown,yes,almond,broad,pink,enlarging,one,pendant,black,solitary,grasses
edible,convex,scaly,yellow,yes,almond,broad,brown,enlarging,one,pendant,black,solitary,grasses
edible,convex,smooth,white,yes,almond,narrow,white,tapering,one,pendant,brown,several,woods
edible,bell,scaly,white,yes,anise,broad,black,enlarging,one,pendant,brown,numerous,grasses
edible,bell,smooth,yellow,yes,anise,broad,white,enlarging,one,pendant,brown,numerous,meadows
edible,convex,fibrous,gray,no,none,narrow,black,enlarging,one,pendant,black,several,urban
edible,bell,smooth,yellow,yes,almond,broad,brown,enlarging,one,pendant,black,scattered,meadows
edible,convex,smooth,white,yes,anise,broad,gray,enlarging,one,pendant,brown,scattered,grasses
edible,convex,scaly,brown,yes,almond,broad,white,enlarging,one,pendant,black,scattered,paths
edible,convex,scaly,yellow,yes,anise,broad,white,enlarging,one,pendant,black,scattered,meadows
edible,flat,fibrous,white,yes,anise,narrow,brown,tapering,one,pendant,brown,several,woods
edible,flat,fibrous,white,yes,almond,narrow,white,tapering,one,pendant,purple,several,woods
edible,convex,smooth,white,yes,anise,broad,gray,enlarging,one,pendant,brown,scattered,meadows
edible,flat,smooth,yellow,yes,anise,narrow,pink,tapering,one,pendant,purple,several,woods
edible,sunken,fibrous,gray,no,none,narrow,pink,enlarging,one,pendant,black,several,urban
edible,flat,fibrous,yellow,yes,almond,narrow,white,tapering,one,pendant,brown,several,woods
edible,convex,scaly,brown,yes,anise,broad,pink,enlarging,one,pendant,black,solitary,grasses
edible,convex,scaly,yellow,yes,anise,broad,white,enlarging,one,pendant,brown,scattered,grasses
edible,convex,scaly,yellow,yes,anise,broad,pink,enlarging,one,pendant,brown,solitary,paths
poisonous,convex,smooth,brown,yes,pungent,narrow,black,enlarging,one,pendant,brown,several,grasses
edible,convex,smooth,yellow,yes,anise,broad,brown,enlarging,one,pendant,brown,scattered,meadows
poisonous,convex,scaly,white,yes,pungent,narrow,pink,enlarging,one,pendant,brown,scattered,urban
edible,convex,scaly,yellow,yes,almond,broad,white,enlarging,one,pendant,black,scattered,grasses
edible,convex,scaly,white,yes,almond,broad,white,enlarging,one,pendant,black,scattered,grasses
edible,flat,smooth,yellow,yes,almond,narrow,white,tapering,one,pendant,purple,several,woods
poisonous,convex,scaly,brown,yes,pungent,narrow,white,enlarging,one,pendant,brown,several,grasses
edible,bell,smooth,white,yes,almond,broad,brown,enlarging,one,pendant,brown,scattered,grasses
edible,sunken,fibrous,gray,no,none,narrow,brown,enlarging,one,pendant,black,solitary,urban
edible,convex,smooth,yellow,yes,almond,broad,gray,enlarging,one,pendant,black,numerous,grasses
edible,convex,fibrous,gray,no,none,broad,black,tapering,one,evanescent,brown,scattered,grasses
edible,convex,scaly,yellow,yes,almond,broad,brown,enlarging,one,pendant,brown,scattered,meadows
edible,bell,scaly,white,yes,anise,broad,gray,enlarging,one,pendant,brown,scattered,grasses
edible,bell,smooth,yellow,yes,anise,broad,black,enlarging,one,pendant,brown,numerous,meadows
edible,convex,smooth,white,yes,anise,narrow,white,tapering,one,pendant,purple,several,woods
edible,bell,smooth,white,yes,anise,broad,black,enlarging,one,pendant,brown,scattered,grasses
edible,flat,scaly,brown,yes,almond,broad,pink,enlarging,one,pendant,black,scattered,grasses
edible,sunken,fibrous,gray,no,none,narrow,gray,enlarging,one,pendant,brown,solitary,urban
edible,convex,fibrous,white,no,none,broad,pink,tapering,one,evanescent,brown,abundant,grasses
edible,sunken,fibrous,brown,no,none,narrow,brown,enlarging,one,pendant,black,several,urban
edible,flat,scaly,brown,yes,anise,broad,pink,enlarging,one,pendant,black,scattered,paths
edible,flat,smooth,yellow,yes,anise,narrow,brown,tapering,one,pendant,purple,several,woods
edible,bell,smooth,yellow,yes,almond,broad,brown,enlarging,one,pendant,brown,scattered,grasses
edible,bell,smooth,yellow,yes,almond,broad,black,enlarging,one,pendant,black,numerous,meadows
poisonous,convex,smooth,brown,yes,pungent,narrow,pink,enlarging,one,pendant,black,several,grasses
edible,flat,scaly,brown,yes,anise,broad,white,enlarging,one,pendant,brown,solitary,paths
edible,convex,smooth,yellow,yes,almond,broad,white,enlarging,one,pendant,brown,scattered,grasses
edible,flat,scaly,yellow,yes,almond,broad,pink,enlarging,one,pendant,brown,scattered,grasses
edible,convex,scaly,white,yes,almond,broad,gray,enlarging,one,pendant,brown,numerous,grasses
edible,convex,scaly,yellow,yes,almond,broad,white,enlarging,one,pendant,brown,scattered,meadows
edible,convex,scaly,yellow,yes,anise,broad,black,enlarging,one,pendant,black,scattered,grasses
edible,flat,fibrous,brown,no,none,narrow,brown,enlarging,one,pendant,brown,several,urban
edible,flat,scaly,yellow,yes,anise,broad,pink,enlarging,one,pendant,brown,solitary,paths
edible,convex,fibrous,gray,no,none,narrow,pink,enlarging,one,pendant,brown,solitary,urban
edible,convex,smooth,yellow,yes,anise,broad,black,enlarging,one,pendant,brown,numerous,grasses
edible,flat,scaly,brown,yes,almond,broad,pink,enlarging,one,pendant,black,solitary,paths
edible,convex,smooth,yellow,yes,anise,broad,white,enlarging,one,pendant,brown,numerous,grasses
edible,convex,scaly,yellow,yes,almond,broad,black,enlarging,one,pendant,brown,scattered,meadows
edible,convex,fibrous,brown,yes,none,broad,brown,tapering,one,pendant,black,several,woods
edible,convex,smooth,white,yes,almond,broad,brown,enlarging,one,pendant,brown,scattered,meadows
edible,convex,scaly,yellow,yes,anise,broad,pink,enlarging,one,pendant,brown,scattered,paths
edible,convex,scaly,white,yes,almond,broad,black,enlarging,one,pendant,brown,numerous,meadows
edible,convex,smooth,white,yes,anise,broad,black,enlarging,one,pendant,black,numerous,grasses
edible,flat,scaly,yellow,yes,anise,broad,white,enlarging,one,pendant,brown,solitary,grasses
edible,bell,smooth,yellow,yes,anise,broad,brown,enlarging,one,pendant,brown,numerous,grasses
edible,flat,fibrous,white,yes,almond,narrow,white,tapering,one,pendant,brown,several,woods
edible,flat,smooth,gray,no,none,broad,brown,tapering,one,evanescent,brown,scattered,grasses
edible,convex,scaly,white,yes,almond,broad,white,enlarging,one,pendant,black,numerous,grasses
edible,convex,scaly,white,yes,anise,broad,brown,enlarging,one,pendant,black,numerous,grasses
edible,flat,scaly,yellow,yes,anise,broad,brown,enlarging,one,pendant,black,scattered,grasses
edible,convex,smooth,white,yes,almond,narrow,pink,tapering,one,pendant,purple,several,woods
edible,convex,smooth,yellow,yes,almond,broad,brown,enlarging,one,pendant,brown,scattered,grasses
edible,flat,scaly,yellow,yes,almond,broad,brown,enlarging,one,pendant,brown,solitary,grasses
edible,convex,scaly,yellow,yes,almond,broad,white,enlarging,one,pendant,black,solitary,paths
edible,convex,smooth,yellow,yes,anise,broad,gray,enlarging,one,pendant,brown,numerous,grasses
edible,convex,fibrous,brown,yes,none,broad,purple,tapering,one,pendant,brown,solitary,woods
edible,flat,scaly,yellow,yes,anise,broad,pink,enlarging,one,pendant,black,solitary,grasses
edible,convex,smooth,white,yes,almond,broad,brown,enlarging,one,pendant,black,numerous,grasses
edible,bell,smooth,yellow,yes,almond,broad,gray,enlarging,one,pendant,brown,scattered,meadows
edible,convex,smooth,yellow,yes,anise,broad,black,enlarging,one,pendant,brown,scattered,meadows
edible,convex,scaly,brown,yes,anise,broad,pink,enlarging,one,pendant,brown,scattered,grasses
edible,bell,scaly,yellow,yes,almond,broad,black,enlarging,one,pendant,black,numerous,grasses
edible,convex,smooth,white,yes,anise,broad,black,enlarging,one,pendant,black,numerous,meadows
edible,convex,scaly,white,yes,anise,broad,black,enlarging,one,pendant,black,scattered,meadows
edible,convex,smooth,yellow,yes,anise,broad,brown,enlarging,one,pendant,black,scattered,grasses
edible,flat,scaly,yellow,yes,anise,broad,brown,enlarging,one,pendant,black,solitary,paths
edible,convex,fibrous,white,no,none,broad,brown,tapering,one,evanescent,brown,abundant,grasses
edible,convex,smooth,brown,no,none,broad,pink,tapering,one,evanescent,black,scattered,grasses
edible,convex,smooth,white,no,none,broad,chocolate,tapering,one,evanescent,brown,scattered,grasses
edible,convex,smooth,yellow,yes,anise,broad,white,enlarging,one,pendant,brown,numerous,meadows
edible,flat,fibrous,white,no,none,broad,pink,tapering,one,evanescent,black,scattered,grasses
poisonous,flat,smooth,brown,yes,pungent,narrow,brown,enlarging,one,pendant,black,scattered,grasses
edible,convex,fibrous,gray,no,none,broad,pink,tapering,one,evanescent,brown,scattered,grasses
poisonous,flat,scaly,brown,yes,pungent,narrow,pink,enlarging,one,pendant,brown,several,urban
poisonous,convex,smooth,brown,yes,pungent,narrow,white,enlarging,one,pendant,brown,several,grasses
edible,bell,smooth,white,yes,anise,broad,black,enlarging,one,pendant,black,numerous,grasses
edible,convex,fibrous,gray,no,none,broad,pink,tapering,one,evanescent,black,abundant,grasses
edible,convex,smooth,white,yes,anise,broad,gray,enlarging,one,pendant,black,numerous,grasses
edible,flat,fibrous,gray,no,none,broad,brown,tapering,one,evanescent,black,abundant,grasses
edible,convex,smooth,gray,no,none,broad,black,tapering,one,evanescent,black,scattered,grasses
edible,convex,smooth,white,yes,almond,broad,black,enlarging,one,pendant,brown,numerous,grasses
edible,convex,smooth,white,yes,anise,broad,brown,enlarging,one,pendant,brown,scattered,meadows
edible,convex,scaly,gray,yes,none,broad,brown,tapering,one,pendant,brown,solitary,woods
edible,flat,fibrous,brown,no,none,broad,black,tapering,one,evanescent,brown,abundant,grasses
edible,convex,smooth,white,no,none,broad,chocolate,tapering,one,evanescent,black,scattered,grasses
edible,flat,fibrous,brown,no,none,broad,pink,tapering,one,evanescent,black,abundant,grasses
edible,convex,smooth,brown,no,none,broad,pink,tapering,one,evanescent,brown,abundant,grasses
edible,convex,scaly,yellow,yes,anise,broad,brown,enlarging,one,pendant,black,numerous,grasses
edible,convex,smooth,yellow,yes,anise,narrow,white,tapering,one,pendant,purple,several,woods
edible,flat,fibrous,white,no,none,broad,black,tapering,one,evanescent,brown,scattered,grasses
edible,convex,smooth,brown,no,none,broad,chocolate,tapering,one,evanescent,brown,abundant,grasses
edible,convex,smooth,gray,no,none,broad,black,tapering,one,evanescent,black,abundant,grasses
poisonous,convex,scaly,brown,yes,pungent,narrow,white,enlarging,one,pendant,black,scattered,urban
edible,convex,fibrous,gray,no,none,narrow,black,enlarging,one,pendant,brown,solitary,urban
edible,bell,smooth,white,yes,almond,broad,brown,enlarging,one,pendant,brown,numerous,meadows
edible,convex,smooth,gray,no,none,broad,chocolate,tapering,one,evanescent,black,abundant,grasses
edible,flat,fibrous,gray,no,none,broad,brown,tapering,one,evanescent,brown,scattered,grasses
poisonous,flat,smooth,brown,yes,pungent,narrow,brown,enlarging,one,pendant,brown,several,grasses
edible,convex,smooth,yellow,yes,anise,broad,black,enlarging,one,pendant,brown,scattered,grasses
edible,convex,fibrous,brown,no,none,narrow,brown,enlarging,one,pendant,black,solitary,urban
edible,flat,smooth,white,no,none,broad,pink,tapering,one,evanescent,black,scattered,grasses
edible,convex,scaly,yellow,yes,almond,broad,white,enlarging,one,pendant,black,numerous,meadows
edible,convex,fibrous,brown,no,none,broad,pink,tapering,one,evanescent,black,scattered,grasses
edible,flat,smooth,gray,no,none,broad,brown,tapering,one,evanescent,black,abundant,grasses
edible,convex,scaly,red,yes,none,broad,purple,tapering,one,pendant,brown,solitary,woods
edible,bell,scaly,yellow,yes,almond,broad,brown,enlarging,one,pendant,brown,numerous,grasses
edible,convex,fibrous,white,no,none,broad,brown,tapering,one,evanescent,black,scattered,grasses
poisonous,convex,smooth,white,yes,pungent,narrow,white,enlarging,one,pendant,brown,scattered,grasses
edible,convex,fibrous,gray,no,none,broad,pink,tapering,one,evanescent,brown,scattered,grasses
edible,flat,fibrous,gray,yes,none,broad,brown,tapering,one,pendant,brown,several,woods
edible,flat,fibrous,brown,no,none,broad,chocolate,tapering,one,evanescent,brown,abundant,grasses
edible,flat,fibrous,white,no,none,broad,brown,tapering,one,evanescent,black,scattered,grasses
edible,bell,scaly,white,yes,anise,broad,white,enlarging,one,pendant,black,scattered,grasses
edible,flat,fibrous,brown,no,none,broad,brown,tapering,one,evanescent,black,abundant,grasses
poisonous,flat,scaly,brown,yes,pungent,narrow,white,enlarging,one,pendant,brown,several,urban
poisonous,convex,scaly,white,yes,pungent,narrow,white,enlarging,one,pendant,brown,scattered,urban
edible,bell,smooth,yellow,yes,anise,broad,brown,enlarging,one,pendant,black,scattered,grasses
edible,flat,smooth,gray,no,none,broad,chocolate,tapering,one,evanescent,brown,abundant,grasses
edible,convex,fibrous,gray,no,none,broad,brown,tapering,one,evanescent,brown,abundant,grasses
edible,flat,fibrous,brown,no,none,broad,chocolate,tapering,one,evanescent,brown,scattered,grasses
edible,bell,smooth,white,yes,anise,broad,black,enlarging,one,pendant,black,scattered,meadows
poisonous,convex,smooth,white,yes,pungent,narrow,white,enlarging,one,pendant,black,several,urban
edible,convex,scaly,brown,yes,none,broad,brown,tapering,one,pendant,black,several,woods
edible,flat,fibrous,white,yes,anise,narrow,brown,tapering,one,pendant,purple,several,woods
edible,convex,scaly,yellow,yes,anise,broad,black,enlarging,one,pendant,brown,numerous,meadows
edible,convex,fibrous,brown,no,none,broad,brown,tapering,one,evanescent,black,abundant,grasses
edible,flat,fibrous,white,no,none,broad,chocolate,tapering,one,evanescent,black,abundant,grasses
edible,convex,fibrous,brown,yes,none,broad,brown,tapering,one,pendant,black,several,woods
edible,convex,fibrous,brown,yes,none,broad,brown,tapering,one,pendant,brown,solitary,woods
edible,flat,smooth,gray,no,none,broad,black,tapering,one,evanescent,black,scattered,grasses
edible,flat,smooth,gray,no,none,broad,brown,tapering,one,evanescent,black,scattered,grasses
poisonous,flat,smooth,brown,yes,pungent,narrow,white,enlarging,one,pendant,black,scattered,grasses
edible,convex,fibrous,brown,yes,none,broad,brown,tapering,one,pendant,black,solitary,woods
edible,convex,smooth,brown,no,none,broad,black,tapering,one,evanescent,black,scattered,grasses
edible,convex,fibrous,white,no,none,broad,black,tapering,one,evanescent,black,scattered,grasses
edible,flat,fibrous,brown,no,none,broad,brown,tapering,one,evanescent,brown,scattered,grasses
edible,convex,fibrous,brown,yes,none,broad,brown,tapering,one,pendant,black,several,woods
edible,flat,fibrous,brown,yes,none,broad,brown,tapering,one,pendant,black,several,woods
edible,convex,fibrous,gray,no,none,broad,brown,tapering,one,evanescent,black,scattered,grasses
edible,flat,fibrous,brown,yes,none,broad,purple,tapering,one,pendant,black,solitary,woods
edible,convex,smooth,gray,no,none,broad,pink,tapering,one,evanescent,black,scattered,grasses
edible,bell,scaly,white,yes,anise,broad,brown,enlarging,one,pendant,black,numerous,grasses
edible,convex,fibrous,brown,yes,none,broad,brown,tapering,one,pendant,black,solitary,woods
edible,convex,scaly,yellow,yes,anise,broad,black,enlarging,one,pendant,brown,scattered,grasses
edible,flat,fibrous,gray,no,none,broad,pink,tapering,one,evanescent,black,abundant,grasses
edible,flat,fibrous,brown,yes,none,broad,purple,tapering,one,pendant,brown,solitary,woods
edible,convex,smooth,yellow,yes,anise,broad,gray,enlarging,one,pendant,black,scattered,meadows
edible,flat,fibrous,gray,no,none,broad,chocolate,tapering,one,evanescent,black,scattered,grasses
edible,convex,fibrous,brown,no,none,broad,black,tapering,one,evanescent,brown,scattered,grasses
poisonous,convex,smooth,white,yes,pungent,narrow,brown,enlarging,one,pendant,black,scattered,urban
edible,convex,fibrous,white,no,none,broad,brown,tapering,one,evanescent,brown,scattered,grasses
edible,flat,fibrous,white,no,none,broad,brown,tapering,one,evanescent,black,abundant,grasses
edible,convex,smooth,white,no,none,broad,brown,tapering,one,evanescent,brown,abundant,grasses
edible,convex,smooth,gray,no,none,broad,black,tapering,one,evanescent,black,abundant,grasses
edible,convex,scaly,yellow,yes,anise,broad,brown,enlarging,one,pendant,brown,numerous,grasses
edible,convex,smooth,yellow,yes,anise,broad,brown,enlarging,one,pendant,black,numerous,meadows
edible,convex,smooth,gray,no,none,broad,pink,tapering,one,evanescent,black,abundant,grasses
edible,convex,smooth,brown,no,none,broad,pink,tapering,one,evanescent,brown,scattered,grasses
edible,flat,fibrous,brown,no,none,narrow,brown,enlarging,one,pendant,black,several,urban
edible,flat,smooth,white,no,none,broad,black,tapering,one,evanescent,black,scattered,grasses
edible,flat,smooth,white,no,none,broad,brown,tapering,one,evanescent,black,abundant,grasses
edible,convex,scaly,yellow,yes,anise,broad,brown,enlarging,one,pendant,brown,scattered,meadows
edible,flat,smooth,white,yes,almond,narrow,white,tapering,one,pendant,purple,several,woods
edible,bell,smooth,white,yes,anise,broad,white,enlarging,one,pendant,brown,numerous,meadows
poisonous,flat,scaly,white,yes,pungent,narrow,pink,enlarging,one,pendant,black,several,urban
edible,convex,fibrous,gray,yes,none,broad,brown,tapering,one,pendant,black,solitary,woods
edible,flat,scaly,brown,yes,anise,broad,pink,enlarging,one,pendant,brown,solitary,grasses
edible,flat,smooth,brown,no,none,broad,black,tapering,one,evanescent,brown,scattered,grasses
poisonous,convex,smooth,white,yes,pungent,narrow,white,enlarging,one,pendant,black,several,grasses
edible,convex,scaly,brown,yes,anise,broad,pink,enlarging,one,pendant,brown,solitary,grasses
edible,convex,smooth,gray,no,none,broad,pink,tapering,one,evanescent,brown,abundant,grasses
edible,convex,smooth,white,no,none,broad,black,tapering,one,evanescent,brown,abundant,grasses
edible,flat,fibrous,white,no,none,broad,pink,tapering,one,evanescent,brown,scattered,grasses
edible,convex,fibrous,brown,no,none,broad,black,tapering,one,evanescent,brown,abundant,grasses
edible,convex,smooth,white,yes,anise,broad,black,enlarging,one,pendant,brown,scattered,grasses
edible,convex,scaly,white,yes,almond,broad,gray,enlarging,one,pendant,brown,scattered,meadows
edible,convex,smooth,white,no,none,broad,black,tapering,one,evanescent,black,scattered,grasses
edible,flat,scaly,yellow,yes,almond,broad,pink,enlarging,one,pendant,brown,scattered,paths
edible,flat,smooth,brown,no,none,broad,brown,tapering,one,evanescent,black,scattered,grasses
edible,flat,fibrous,gray,no,none,broad,chocolate,tapering,one,evanescent,black,scattered,grasses
edible,flat,fibrous,yellow,yes,almond,narrow,pink,tapering,one,pendant,purple,several,woods
edible,flat,scaly,brown,yes,anise,broad,brown,enlarging,one,pendant,brown,scattered,grasses
edible,convex,fibrous,brown,yes,none,broad,pink,tapering,one,pendant,brown,solitary,woods
poisonous,flat,smooth,brown,yes,pungent,narrow,white,enlarging,one,pendant,brown,scattered,grasses
edible,convex,fibrous,brown,yes,none,broad,brown,tapering,one,pendant,black,several,woods
edible,flat,fibrous,brown,no,none,broad,brown,tapering,one,evanescent,brown,abundant,grasses
edible,bell,smooth,yellow,yes,almond,broad,white,enlarging,one,pendant,black,numerous,meadows
edible,bell,scaly,white,yes,almond,broad,black,enlarging,one,pendant,black,numerous,grasses
edible,convex,scaly,white,yes,almond,broad,white,enlarging,one,pendant,brown,scattered,meadows
poisonous,flat,scaly,white,yes,pungent,narrow,brown,enlarging,one,pendant,black,several,urban
poisonous,flat,scaly,white,yes,pungent,narrow,pink,enlarging,one,pendant,brown,scattered,grasses
edible,convex,fibrous,brown,no,none,narrow,brown,enlarging,one,pendant,brown,several,urban
edible,flat,smooth,yellow,yes,anise,narrow,white,tapering,one,pendant,purple,several,woods
edible,convex,scaly,yellow,yes,anise,broad,black,enlarging,one,pendant,black,numerous,meadows
edible,convex,smooth,white,no,none,broad,black,tapering,one,evanescent,black,abundant,grasses
edible,convex,fibrous,gray,yes,none,broad,purple,tapering,one,pendant,brown,solitary,woods
poisonous,convex,scaly,brown,yes,pungent,narrow,brown,enlarging,one,pendant,black,several,grasses
edible,convex,fibrous,gray,no,none,broad,pink,tapering,one,evanescent,brown,scattered,grasses
edible,flat,fibrous,brown,no,none,broad,pink,tapering,one,evanescent,brown,scattered,grasses
edible,convex,smooth,white,no,none,broad,pink,tapering,one,evanescent,brown,scattered,grasses
edible,flat,fibrous,white,no,none,broad,pink,tapering,one,evanescent,black,abundant,grasses
edible,convex,scaly,yellow,yes,almond,broad,black,enlarging,one,pendant,black,scattered,meadows
edible,flat,fibrous,yellow,yes,almond,narrow,brown,tapering,one,pendant,brown,several,woods
edible,convex,fibrous,gray,no,none,narrow,black,enlarging,one,pendant,black,solitary,urban
poisonous,convex,smooth,brown,yes,pungent,narrow,pink,enlarging,one,pendant,black,scattered,urban
edible,convex,scaly,yellow,yes,almond,broad,white,enlarging,one,pendant,brown,solitary,paths
edible,flat,scaly,brown,yes,almond,broad,brown,enlarging,one,pendant,black,scattered,paths
edible,convex,fibrous,white,no,none,broad,chocolate,tapering,one,evanescent,black,abundant,grasses
edible,convex,scaly,brown,yes,none,broad,purple,tapering,one,pendant,brown,several,woods
edible,convex,smooth,gray,no,none,broad,chocolate,tapering,one,evanescent,brown,abundant,grasses
edible,convex,smooth,white,yes,almond,broad,white,enlarging,one,pendant,brown,scattered,grasses
edible,convex,fibrous,gray,no,none,broad,chocolate,tapering,one,evanescent,brown,scattered,grasses
poisonous,flat,scaly,brown,yes,pungent,narrow,brown,enlarging,one,pendant,brown,scattered,urban
edible,convex,fibrous,brown,yes,none,broad,pink,tapering,one,pendant,black,several,woods
edible,convex,fibrous,gray,no,none,broad,black,tapering,one,evanescent,black,abundant,grasses
edible,convex,fibrous,red,yes,none,broad,white,tapering,one,pendant,black,several,woods
edible,convex,fibrous,brown,yes,none,broad,purple,tapering,one,pendant,black,solitary,woods
edible,convex,fibrous,gray,no,none,broad,pink,tapering,one,evanescent,brown,abundant,grasses
edible,convex,scaly,yellow,yes,anise,broad,white,enlarging,one,pendant,brown,scattered,paths
edible,convex,fibrous,brown,no,none,broad,black,tapering,one,evanescent,black,scattered,grasses
edible,bell,smooth,yellow,yes,anise,broad,black,enlarging,one,pendant,black,scattered,grasses
edible,convex,fibrous,white,yes,anise,narrow,pink,tapering,one,pendant,brown,several,woods
edible,flat,smooth,gray,no,none,broad,black,tapering,one,evanescent,brown,scattered,grasses
edible,convex,scaly,yellow,yes,anise,broad,white,enlarging,one,pendant,black,numerous,grasses
edible,convex,fibrous,brown,no,none,broad,chocolate,tapering,one,evanescent,brown,scattered,grasses
edible,flat,smooth,white,no,none,broad,chocolate,tapering,one,evanescent,brown,abundant,grasses
edible,convex,smooth,yellow,yes,anise,narrow,brown,tapering,one,pendant,brown,several,woods
edible,convex,smooth,gray,no,none,broad,black,tapering,one,evanescent,brown,scattered,grasses
edible,convex,fibrous,gray,no,none,broad,brown,tapering,one,evanescent,brown,scattered,grasses
poisonous,flat,scaly,white,yes,pungent,narrow,black,enlarging,one,pendant,black,scattered,urban
edible,flat,fibrous,yellow,yes,anise,narrow,pink,tapering,one,pendant,purple,several,woods
edible,convex,scaly,white,yes,almond,broad,black,enlarging,one,pendant,black,scattered,grasses
edible,flat,fibrous,white,no,none,broad,pink,tapering,one,evanescent,brown,abundant,grasses
edible,convex,fibrous,brown,yes,none,broad,purple,tapering,one,pendant,black,several,woods
edible,convex,scaly,brown,yes,anise,broad,brown,enlarging,one,pendant,brown,scattered,grasses
edible,convex,smooth,white,no,none,broad,chocolate,tapering,one,evanescent,brown,abundant,grasses
poisonous,flat,scaly,white,yes,pungent,narrow,black,enlarging,one,pendant,brown,several,grasses
edible,convex,smooth,yellow,yes,almond,broad,black,enlarging,one,pendant,brown,scattered,grasses
edible,convex,fibrous,gray,yes,none,broad,pink,tapering,one,pendant,black,solitary,woods
edible,flat,scaly,yellow,yes,anise,broad,pink,enlarging,one,pendant,black,scattered,paths
edible,flat,smooth,gray,no,none,broad,black,tapering,one,evanescent,black,abundant,grasses
edible,flat,fibrous,brown,no,none,narrow,pink,enlarging,one,pendant,brown,solitary,urban
poisonous,flat,scaly,white,yes,pungent,narrow,brown,enlarging,one,pendant,brown,several,grasses
edible,flat,fibrous,gray,no,none,broad,black,tapering,one,evanescent,brown,scattered,grasses
edible,convex,scaly,brown,yes,anise,broad,pink,enlarging,one,pendant,black,scattered,paths
edible,flat,fibrous,white,no,none,broad,chocolate,tapering,one,evanescent,black,abundant,grasses
poisonous,flat,scaly,brown,yes,pungent,narrow,black,enlarging,one,pendant,brown,several,urban
edible,bell,smooth,yellow,yes,anise,broad,black,enlarging,one,pendant,black,numerous,meadows
edible,flat,fibrous,gray,no,none,broad,brown,tapering,one,evanescent,black,scattered,grasses
edible,bell,smooth,white,yes,anise,broad,white,enlarging,one,pendant,black,numerous,grasses
edible,flat,fibrous,gray,no,none,broad,pink,tapering,one,evanescent,brown,scattered,grasses
edible,bell,scaly,white,yes,anise,broad,brown,enlarging,one,pendant,brown,numerous,meadows
edible,convex,scaly,white,yes,anise,broad,white,enlarging,one,pendant,black,numerous,meadows
poisonous,flat,scaly,brown,yes,pungent,narrow,brown,enlarging,one,pendant,black,several,grasses
edible,convex,scaly,yellow,yes,anise,broad,white,enlarging,one,pendant,black,scattered,grasses
edible,sunken,fibrous,brown,no,none,narrow,brown,enlarging,one,pendant,black,solitary,urban
edible,convex,scaly,brown,yes,almond,broad,brown,enlarging,one,pendant,black,solitary,grasses
edible,flat,fibrous,gray,no,none,broad,brown,tapering,one,evanescent,brown,abundant,grasses
edible,flat,fibrous,yellow,yes,anise,narrow,brown,tapering,one,pendant,purple,several,woods
edible,convex,smooth,gray,no,none,broad,pink,tapering,one,evanescent,brown,abundant,grasses
poisonous,flat,scaly,brown,yes,pungent,narrow,brown,enlarging,one,pendant,black,several,urban
edible,convex,fibrous,gray,no,none,broad,pink,tapering,one,evanescent,black,abundant,grasses
edible,convex,smooth,gray,no,none,broad,chocolate,tapering,one,evanescent,black,abundant,grasses
edible,convex,fibrous,gray,no,none,broad,chocolate,tapering,one,evanescent,black,scattered,grasses
poisonous,convex,scaly,brown,yes,pungent,narrow,brown,enlarging,one,pendant,brown,scattered,grasses
edible,convex,fibrous,brown,no,none,broad,black,tapering,one,evanescent,brown,abundant,grasses
edible,flat,smooth,white,no,none,broad,black,tapering,one,evanescent,brown,scattered,grasses
edible,convex,fibrous,gray,no,none,broad,chocolate,tapering,one,evanescent,brown,scattered,grasses
poisonous,convex,scaly,brown,yes,pungent,narrow,white,enlarging,one,pendant,brown,scattered,grasses
edible,flat,fibrous,brown,no,none,broad,brown,tapering,one,evanescent,brown,abundant,grasses
edible,flat,smooth,white,no,none,broad,brown,tapering,one,evanescent,black,abundant,grasses
poisonous,convex,scaly,white,yes,pungent,narrow,brown,enlarging,one,pendant,black,several,urban
edible,flat,fibrous,gray,no,none,broad,black,tapering,one,evanescent,brown,abundant,grasses
edible,bell,scaly,yellow,yes,anise,broad,black,enlarging,one,pendant,brown,numerous,grasses
edible,convex,smooth,brown,no,none,broad,chocolate,tapering,one,evanescent,brown,abundant,grasses
edible,flat,fibrous,brown,no,none,broad,black,tapering,one,evanescent,black,abundant,grasses
poisonous,flat,smooth,white,yes,pungent,narrow,brown,enlarging,one,pendant,black,scattered,grasses
edible,convex,scaly,brown,yes,almond,broad,white,enlarging,one,pendant,brown,scattered,grasses
edible,flat,fibrous,white,no,none,broad,black,tapering,one,evanescent,black,abundant,grasses
edible,flat,scaly,brown,yes,anise,broad,pink,enlarging,one,pendant,black,scattered,grasses
edible,flat,fibrous,gray,no,none,broad,pink,tapering,one,evanescent,black,scattered,grasses
edible,flat,fibrous,gray,no,none,broad,brown,tapering,one,evanescent,brown,scattered,grasses
edible,flat,smooth,gray,no,none,broad,chocolate,tapering,one,evanescent,brown,scattered,grasses
edible,flat,fibrous,brown,no,none,broad,black,tapering,one,evanescent,black,scattered,grasses
edible,convex,smooth,gray,no,none,broad,chocolate,tapering,one,evanescent,brown,scattered,grasses
edible,convex,fibrous,white,no,none,broad,pink,tapering,one,evanescent,black,scattered,grasses
edible,flat,fibrous,white,no,none,broad,black,tapering,one,evanescent,black,abundant,grasses
edible,convex,smooth,brown,no,none,broad,pink,tapering,one,evanescent,brown,scattered,grasses
edible,convex,fibrous,brown,yes,none,broad,pink,tapering,one,pendant,black,several,woods
edible,flat,smooth,yellow,yes,almond,narrow,pink,tapering,one,pendant,purple,several,woods
edible,convex,fibrous,white,no,none,broad,pink,tapering,one,evanescent,black,scattered,grasses
edible,flat,smooth,white,no,none,broad,pink,tapering,one,evanescent,black,abundant,grasses
edible,bell,smooth,yellow,yes,almond,broad,black,enlarging,one,pendant,brown,numerous,grasses
edible,convex,fibrous,white,no,none,broad,chocolate,tapering,one,evanescent,brown,abundant,grasses
edible,convex,fibrous,gray,no,none,broad,black,tapering,one,evanescent,black,abundant,grasses
poisonous,flat,smooth,brown,yes,pungent,narrow,pink,enlarging,one,pendant,brown,several,urban
edible,convex,fibrous,gray,no,none,broad,brown,tapering,one,evanescent,black,abundant,grasses
poisonous,convex,smooth,brown,yes,pungent,narrow,pink,enlarging,one,pendant,black,scattered,grasses
edible,flat,smooth,white,no,none,broad,black,tapering,one,evanescent,brown,scattered,grasses
edible,convex,scaly,white,yes,almond,broad,gray,enlarging,one,pendant,black,numerous,grasses
edible,convex,fibrous,brown,no,none,broad,chocolate,tapering,one,evanescent,black,scattered,grasses
edible,convex,fibrous,brown,yes,none,broad,brown,tapering,one,pendant,brown,solitary,woods
edible,bell,scaly,yellow,yes,anise,broad,white,enlarging,one,pendant,brown,scattered,grasses
edible,flat,fibrous,white,no,none,broad,chocolate,tapering,one,evanescent,brown,abundant,grasses
edible,convex,smooth,brown,no,none,broad,brown,tapering,one,evanescent,brown,abundant,grasses
edible,flat,fibrous,white,no,none,broad,brown,tapering,one,evanescent,brown,abundant,grasses
edible,convex,fibrous,brown,yes,none,broad,pink,tapering,one,pendant,brown,several,woods
edible,flat,fibrous,white,no,none,broad,chocolate,tapering,one,evanescent,brown,scattered,grasses
edible,convex,smooth,white,no,none,broad,black,tapering,one,evanescent,black,abundant,grasses
edible,convex,smooth,brown,no,none,broad,brown,tapering,one,evanescent,brown,abundant,grasses
edible,convex,fibrous,white,no,none,broad,brown,tapering,one,evanescent,brown,scattered,grasses
edible,flat,smooth,gray,no,none,broad,black,tapering,one,evanescent,black,scattered,grasses
edible,convex,fibrous,gray,no,none,broad,brown,tapering,one,evanescent,brown,abundant,grasses
edible,convex,fibrous,gray,no,none,broad,chocolate,tapering,one,evanescent,black,abundant,grasses
edible,flat,smooth,brown,no,none,broad,chocolate,tapering,one,evanescent,black,abundant,grasses
edible,flat,smooth,white,no,none,broad,pink,tapering,one,evanescent,black,abundant,grasses
edible,flat,scaly,brown,yes,almond,broad,brown,enlarging,one,pendant,black,solitary,paths
poisonous,convex,scaly,white,yes,pungent,narrow,black,enlarging,one,pendant,brown,several,grasses
edible,flat,smooth,gray,no,none,broad,chocolate,tapering,one,evanescent,black,abundant,grasses
poisonous,convex,scaly,white,yes,pungent,narrow,brown,enlarging,one,pendant,black,several,grasses
edible,bell,scaly,white,yes,almond,broad,black,enlarging,one,pendant,brown,scattered,meadows
edible,convex,smooth,gray,no,none,broad,brown,tapering,one,evanescent,black,scattered,grasses
edible,flat,fibrous,gray,no,none,broad,chocolate,tapering,one,evanescent,black,abundant,grasses
edible,flat,fibrous,white,no,none,broad,brown,tapering,one,evanescent,brown,scattered,grasses
edible,flat,smooth,gray,no,none,broad,chocolate,tapering,one,evanescent,black,scattered,grasses
edible,bell,scaly,white,yes,almond,broad,gray,enlarging,one,pendant,brown,numerous,grasses
edible,convex,fibrous,gray,no,none,broad,brown,tapering,one,evanescent,black,scattered,grasses
edible,convex,fibrous,red,yes,none,broad,pink,tapering,one,pendant,brown,several,woods
edible,convex,scaly,yellow,yes,almond,broad,pink,enlarging,one,pendant,black,scattered,paths
edible,convex,smooth,white,no,none,broad,black,tapering,one,evanescent,black,scattered,grasses
edible,bell,smooth,white,yes,almond,broad,white,enlarging,one,pendant,brown,numerous,meadows
poisonous,convex,smooth,brown,yes,pungent,narrow,black,enlarging,one,pendant,black,several,grasses
edible,convex,fibrous,brown,yes,none,broad,pink,tapering,one,pendant,black,solitary,woods
edible,flat,smooth,brown,no,none,broad,brown,tapering,one,evanescent,black,scattered,grasses
edible,bell,smooth,white,yes,almond,broad,gray,enlarging,one,pendant,brown,numerous,meadows
edible,convex,smooth,gray,no,none,broad,brown,tapering,one,evanescent,black,scattered,grasses
edible,convex,fibrous,brown,yes,none,broad,purple,tapering,one,pendant,black,several,woods
edible,flat,fibrous,white,no,none,broad,pink,tapering,one,evanescent,brown,abundant,grasses
edible,convex,fibrous,brown,no,none,narrow,gray,enlarging,one,pendant,black,several,urban
edible,convex,fibrous,gray,no,none,narrow,gray,enlarging,one,pendant,black,several,urban
edible,convex,fibrous,gray,no,none,narrow,pink,enlarging,one,pendant,black,solitary,urban
edible,bell,scaly,yellow,yes,anise,broad,gray,enlarging,one,pendant,black,scattered,meadows
edible,flat,fibrous,brown,no,none,narrow,gray,enlarging,one,pendant,brown,several,urban
edible,convex,fibrous,white,no,none,broad,black,tapering,one,evanescent,brown,abundant,grasses
edible,flat,scaly,brown,yes,almond,broad,white,enlarging,one,pendant,black,scattered,paths
edible,convex,scaly,brown,yes,anise,broad,pink,enlarging,one,pendant,black,solitary,paths
edible,convex,scaly,yellow,yes,anise,broad,pink,enlarging,one,pendant,black,solitary,grasses
edible,flat,fibrous,gray,no,none,broad,chocolate,tapering,one,evanescent,brown,abundant,grasses
edible,convex,scaly,white,yes,almond,broad,brown,enlarging,one,pendant,black,numerous,grasses
edible,convex,scaly,white,yes,almond,broad,brown,enlarging,one,pendant,black,scattered,grasses
edible,flat,smooth,white,no,none,broad,brown,tapering,one,evanescent,brown,abundant,grasses
edible,flat,smooth,gray,no,none,broad,chocolate,tapering,one,evanescent,black,abundant,grasses
poisonous,flat,smooth,brown,yes,pungent,narrow,pink,enlarging,one,pendant,black,several,urban
edible,convex,scaly,yellow,yes,anise,broad,brown,enlarging,one,pendant,brown,scattered,grasses
edible,convex,fibrous,brown,no,none,broad,pink,tapering,one,evanescent,brown,scattered,grasses
edible,convex,fibrous,white,no,none,broad,pink,tapering,one,evanescent,black,scattered,grasses
edible,convex,smooth,yellow,yes,anise,broad,white,enlarging,one,pendant,brown,scattered,meadows
edible,convex,fibrous,red,yes,none,broad,pink,tapering,one,pendant,brown,several,woods
edible,flat,scaly,brown,yes,anise,broad,pink,enlarging,one,pendant,brown,scattered,paths
edible,bell,smooth,white,yes,almond,broad,gray,enlarging,one,pendant,black,numerous,grasses
poisonous,convex,smooth,brown,yes,pungent,narrow,black,enlarging,one,pendant,black,scattered,grasses
edible,convex,fibrous,gray,no,none,broad,black,tapering,one,evanescent,black,scattered,grasses
edible,bell,scaly,white,yes,almond,broad,brown,enlarging,one,pendant,brown,numerous,meadows
edible,convex,smooth,white,yes,anise,broad,black,enlarging,one,pendant,brown,numerous,grasses
edible,bell,scaly,yellow,yes,anise,broad,black,enlarging,one,pendant,black,scattered,meadows
edible,convex,scaly,white,yes,anise,broad,white,enlarging,one,pendant,brown,numerous,grasses
edible,convex,smooth,yellow,yes,almond,broad,gray,enlarging,one,pendant,brown,numerous,grasses
edible,bell,smooth,white,yes,almond,broad,white,enlarging,one,pendant,black,numerous,grasses
edible,flat,smooth,brown,no,none,broad,black,tapering,one,evanescent,black,scattered,grasses
poisonous,flat,smooth,white,yes,pungent,narrow,brown,enlarging,one,pendant,brown,scattered,grasses
edible,flat,smooth,brown,no,none,broad,chocolate,tapering,one,evanescent,brown,abundant,grasses
edible,flat,fibrous,brown,no,none,broad,chocolate,tapering,one,evanescent,black,abundant,grasses
poisonous,flat,scaly,white,yes,pungent,narrow,pink,enlarging,one,pendant,black,scattered,urban
edible,flat,smooth,white,no,none,broad,chocolate,tapering,one,evanescent,black,abundant,grasses
edible,convex,fibrous,white,no,none,broad,pink,tapering,one,evanescent,brown,scattered,grasses
edible,convex,smooth,brown,no,none,broad,pink,tapering,one,evanescent,black,abundant,grasses
edible,flat,smooth,brown,no,none,broad,pink,tapering,one,evanescent,black,abundant,grasses
edible,flat,scaly,yellow,yes,almond,broad,brown,enlarging,one,pendant,black,solitary,grasses
edible,convex,fibrous,gray,no,none,broad,brown,tapering,one,evanescent,black,abundant,grasses
edible,convex,fibrous,brown,no,none,broad,brown,tapering,one,evanescent,black,abundant,grasses
poisonous,flat,smooth,brown,yes,pungent,narrow,black,enlarging,one,pendant,brown,several,grasses
edible,convex,smooth,white,no,none,broad,pink,tapering,one,evanescent,brown,abundant,grasses
edible,flat,fibrous,brown,no,none,broad,pink,tapering,one,evanescent,black,scattered,grasses
edible,flat,fibrous,white,no,none,broad,chocolate,tapering,one,evanescent,brown,abundant,grasses
edible,flat,fibrous,white,no,none,broad,black,tapering,one,evanescent,brown,scattered,grasses
edible,convex,scaly,yellow,yes,almond,broad,brown,enlarging,one,pendant,black,scattered,grasses
edible,convex,smooth,gray,no,none,broad,black,tapering,one,evanescent,brown,scattered,grasses
edible,convex,fibrous,gray,no,none,broad,black,tapering,one,evanescent,brown,abundant,grasses
edible,flat,fibrous,brown,no,none,broad,chocolate,tapering,one,evanescent,black,scattered,grasses
edible,flat,smooth,brown,no,none,broad,pink,tapering,one,evanescent,black,abundant,grasses
edible,convex,fibrous,white,no,none,broad,black,tapering,one,evanescent,black,scattered,grasses
edible,convex,scaly,red,yes,none,broad,white,tapering,one,pendant,brown,several,woods
edible,convex,fibrous,brown,no,none,broad,pink,tapering,one,evanescent,black,abundant,grasses
poisonous,convex,smooth,white,yes,pungent,narrow,pink,enlarging,one,pendant,brown,several,grasses
edible,convex,scaly,brown,yes,none,broad,white,tapering,one,pendant,black,solitary,woods
edible,convex,fibrous,brown,no,none,broad,brown,tapering,one,evanescent,brown,scattered,grasses
poisonous,flat,scaly,white,yes,pungent,narrow,white,enlarging,one,pendant,brown,scattered,grasses
edible,flat,fibrous,gray,no,none,broad,black,tapering,one,evanescent,black,abundant,grasses
edible,convex,fibrous,white,no,none,broad,pink,tapering,one,evanescent,brown,abundant,grasses
edible,flat,smooth,brown,no,none,broad,chocolate,tapering,one,evanescent,black,abundant,grasses
edible,flat,fibrous,gray,no,none,broad,pink,tapering,one,evanescent,black,abundant,grasses
edible,flat,smooth,gray,no,none,broad,pink,tapering,one,evanescent,black,abundant,grasses
edible,flat,fibrous,gray,no,none,broad,chocolate,tapering,one,evanescent,brown,scattered,grasses
edible,convex,smooth,gray,no,none,broad,chocolate,tapering,one,evanescent,brown,scattered,grasses
edible,convex,smooth,brown,no,none,broad,chocolate,tapering,one,evanescent,black,scattered,grasses
poisonous,flat,smooth,white,yes,pungent,narrow,pink,enlarging,one,pendant,black,several,urban
edible,convex,smooth,gray,no,none,broad,black,tapering,one,evanescent,brown,abundant,grasses
poisonous,convex,smooth,white,yes,pungent,narrow,pink,enlarging,one,pendant,black,scattered,grasses
poisonous,flat,smooth,white,yes,pungent,narrow,white,enlarging,one,pendant,brown,scattered,urban
edible,flat,smooth,brown,no,none,broad,black,tapering,one,evanescent,brown,scattered,grasses
edible,convex,fibrous,gray,no,none,broad,black,tapering,one,evanescent,black,abundant,grasses
edible,flat,smooth,gray,no,none,broad,chocolate,tapering,one,evanescent,brown,abundant,grasses
edible,convex,smooth,gray,no,none,broad,black,tapering,one,evanescent,black,abundant,grasses
edible,flat,fibrous,gray,no,none,broad,brown,tapering,one,evanescent,black,abundant,grasses
edible,flat,fibrous,gray,no,none,broad,black,tapering,one,evanescent,brown,abundant,grasses
edible,convex,scaly,gray,yes,none,broad,brown,tapering,one,pendant,brown,solitary,woods
edible,convex,fibrous,brown,yes,none,broad,brown,tapering,one,pendant,brown,several,woods
edible,flat,smooth,white,no,none,broad,black,tapering,one,evanescent,brown,abundant,grasses
poisonous,flat,scaly,white,yes,pungent,narrow,pink,enlarging,one,pendant,brown,several,grasses
poisonous,flat,scaly,brown,yes,pungent,narrow,black,enlarging,one,pendant,brown,scattered,grasses
edible,convex,smooth,white,no,none,broad,pink,tapering,one,evanescent,brown,abundant,grasses
poisonous,flat,smooth,brown,yes,pungent,narrow,black,enlarging,one,pendant,brown,scattered,grasses
edible,flat,fibrous,brown,no,none,broad,chocolate,tapering,one,evanescent,black,scattered,grasses
edible,flat,smooth,white,no,none,broad,chocolate,tapering,one,evanescent,brown,abundant,grasses
poisonous,flat,smooth,brown,yes,pungent,narrow,white,enlarging,one,pendant,black,several,grasses
poisonous,flat,scaly,white,yes,pungent,narrow,pink,enlarging,one,pendant,black,several,grasses
poisonous,flat,scaly,brown,yes,pungent,narrow,white,enlarging,one,pendant,black,several,grasses
poisonous,flat,smooth,white,yes,pungent,narrow,black,enlarging,one,pendant,black,scattered,grasses
edible,convex,smooth,white,no,none,broad,black,tapering,one,evanescent,black,abundant,grasses
edible,convex,fibrous,brown,yes,none,broad,pink,tapering,one,pendant,brown,several,woods
edible,flat,smooth,white,no,none,broad,black,tapering,one,evanescent,brown,abundant,grasses
edible,flat,fibrous,gray,no,none,broad,pink,tapering,one,evanescent,black,abundant,grasses
poisonous,flat,scaly,brown,yes,pungent,narrow,black,enlarging,one,pendant,black,several,urban
edible,convex,smooth,white,no,none,broad,black,tapering,one,evanescent,brown,scattered,grasses
edible,convex,scaly,red,yes,none,broad,brown,tapering,one,pendant,brown,solitary,woods
edible,flat,smooth,gray,no,none,broad,brown,tapering,one,evanescent,black,scattered,grasses
edible,convex,smooth,white,no,none,broad,brown,tapering,one,evanescent,brown,scattered,grasses
poisonous,flat,smooth,white,yes,pungent,narrow,pink,enlarging,one,pendant,brown,scattered,grasses
edible,flat,fibrous,brown,no,none,broad,black,tapering,one,evanescent,brown,abundant,grasses
edible,convex,fibrous,white,no,none,broad,chocolate,tapering,one,evanescent,black,scattered,grasses
poisonous,flat,smooth,white,yes,pungent,narrow,black,enlarging,one,pendant,black,scattered,urban
edible,convex,fibrous,brown,no,none,broad,pink,tapering,one,evanescent,brown,abundant,grasses
edible,flat,fibrous,white,no,none,broad,brown,tapering,one,evanescent,brown,scattered,grasses
edible,convex,smooth,white,no,none,broad,chocolate,tapering,one,evanescent,black,scattered,grasses
edible,flat,smooth,white,no,none,broad,chocolate,tapering,one,evanescent,brown,scattered,grasses
edible,bell,scaly,yellow,yes,almond,broad,white,enlarging,one,pendant,black,numerous,meadows
edible,convex,smooth,gray,no,none,broad,brown,tapering,one,evanescent,brown,abundant,grasses
edible,convex,fibrous,white,no,none,broad,brown,tapering,one,evanescent,black,scattered,grasses
edible,convex,smooth,brown,no,none,broad,brown,tapering,one,evanescent,brown,scattered,grasses
edible,convex,fibrous,brown,no,none,broad,brown,tapering,one,evanescent,black,abundant,grasses
edible,flat,fibrous,gray,no,none,broad,chocolate,tapering,one,evanescent,black,abundant,grasses
poisonous,convex,scaly,brown,yes,pungent,narrow,brown,enlarging,one,pendant,black,scattered,urban
edible,flat,smooth,gray,no,none,broad,chocolate,tapering,one,evanescent,black,scattered,grasses
edible,convex,fibrous,brown,yes,none,broad,pink,tapering,one,pendant,black,solitary,woods
edible,flat,smooth,white,no,none,broad,brown,tapering,one,evanescent,black,abundant,grasses
edible,convex,fibrous,brown,yes,none,broad,brown,tapering,one,pendant,black,several,woods
edible,convex,fibrous,gray,no,none,broad,pink,tapering,one,evanescent,brown,abundant,grasses
edible,convex,fibrous,white,no,none,broad,brown,tapering,one,evanescent,black,abundant,grasses
poisonous,flat,smooth,white,yes,pungent,narrow,black,enlarging,one,pendant,brown,several,grasses
poisonous,flat,smooth,white,yes,pungent,narrow,pink,enlarging,one,pendant,black,several,grasses
edible,convex,smooth,gray,no,none,broad,black,tapering,one,evanescent,brown,abundant,grasses
edible,convex,fibrous,brown,yes,none,broad,purple,tapering,one,pendant,brown,several,woods
edible,convex,smooth,gray,no,none,broad,black,tapering,one,evanescent,black,scattered,grasses
edible,convex,scaly,yellow,yes,almond,broad,white,enlarging,one,pendant,black,scattered,paths
edible,flat,smooth,white,no,none,broad,brown,tapering,one,evanescent,brown,abundant,grasses
edible,convex,smooth,white,no,none,broad,pink,tapering,one,evanescent,brown,abundant,grasses
edible,convex,fibrous,gray,no,none,broad,black,tapering,one,evanescent,black,abundant,grasses
edible,flat,smooth,white,no,none,broad,chocolate,tapering,one,evanescent,brown,scattered,grasses
edible,convex,fibrous,brown,yes,none,broad,brown,tapering,one,pendant,brown,solitary,woods
edible,flat,smooth,gray,no,none,broad,black,tapering,one,evanescent,brown,abundant,grasses
edible,flat,smooth,gray,no,none,broad,chocolate,tapering,one,evanescent,brown,scattered,grasses
edible,flat,fibrous,brown,no,none,broad,pink,tapering,one,evanescent,brown,scattered,grasses
edible,flat,smooth,white,no,none,broad,black,tapering,one,evanescent,brown,scattered,grasses
edible,flat,smooth,white,no,none,broad,chocolate,tapering,one,evanescent,brown,abundant,grasses
edible,flat,smooth,gray,no,none,broad,pink,tapering,one,evanescent,brown,scattered,grasses
edible,flat,fibrous,white,no,none,broad,brown,tapering,one,evanescent,brown,scattered,grasses
edible,flat,smooth,brown,no,none,broad,pink,tapering,one,evanescent,brown,abundant,grasses
poisonous,flat,smooth,white,yes,pungent,narrow,black,enlarging,one,pendant,brown,scattered,grasses
edible,convex,fibrous,gray,no,none,broad,brown,tapering,one,evanescent,brown,abundant,grasses
edible,bell,scaly,yellow,yes,anise,broad,black,enlarging,one,pendant,black,numerous,grasses
edible,flat,fibrous,brown,no,none,broad,black,tapering,one,evanescent,brown,scattered,grasses
edible,flat,smooth,gray,no,none,broad,black,tapering,one,evanescent,brown,scattered,grasses
edible,convex,fibrous,brown,yes,none,broad,brown,tapering,one,pendant,black,solitary,woods
edible,bell,smooth,yellow,yes,anise,broad,brown,enlarging,one,pendant,black,scattered,meadows
edible,convex,smooth,white,no,none,broad,pink,tapering,one,evanescent,black,scattered,grasses
edible,flat,fibrous,brown,yes,none,broad,brown,tapering,one,pendant,brown,solitary,woods
poisonous,convex,smooth,white,yes,pungent,narrow,brown,enlarging,one,pendant,brown,scattered,grasses
edible,flat,fibrous,white,no,none,broad,brown,tapering,one,evanescent,black,scattered,grasses
poisonous,flat,scaly,white,yes,pungent,narrow,black,enlarging,one,pendant,brown,scattered,urban
edible,convex,smooth,brown,no,none,broad,black,tapering,one,evanescent,brown,abundant,grasses
edible,flat,smooth,brown,no,none,broad,brown,tapering,one,evanescent,black,abundant,grasses
edible,bell,smooth,yellow,yes,anise,broad,gray,enlarging,one,pendant,black,numerous,grasses
edible,flat,smooth,gray,no,none,broad,black,tapering,one,evanescent,brown,abundant,grasses
edible,convex,smooth,gray,no,none,broad,black,tapering,one,evanescent,brown,abundant,grasses
edible,flat,fibrous,gray,no,none,broad,black,tapering,one,evanescent,black,scattered,grasses
edible,convex,fibrous,gray,no,none,broad,black,tapering,one,evanescent,black,scattered,grasses
edible,flat,smooth,white,no,none,broad,brown,tapering,one,evanescent,black,abundant,grasses
poisonous,flat,smooth,brown,yes,pungent,narrow,black,enlarging,one,pendant,black,several,grasses
edible,flat,fibrous,gray,no,none,broad,pink,tapering,one,evanescent,brown,abundant,grasses
edible,flat,smooth,white,no,none,broad,chocolate,tapering,one,evanescent,black,abundant,grasses
edible,convex,fibrous,brown,yes,none,broad,brown,tapering,one,pendant,black,solitary,woods
edible,convex,smooth,brown,no,none,broad,pink,tapering,one,evanescent,brown,abundant,grasses
edible,convex,fibrous,red,yes,none,broad,purple,tapering,one,pendant,brown,solitary,woods
edible,convex,scaly,yellow,yes,almond,broad,brown,enlarging,one,pendant,brown,numerous,grasses
edible,flat,fibrous,white,no,none,broad,black,tapering,one,evanescent,black,scattered,grasses
edible,convex,smooth,white,no,none,broad,brown,tapering,one,evanescent,black,abundant,grasses
edible,flat,fibrous,brown,no,none,broad,chocolate,tapering,one,evanescent,brown,abundant,grasses
poisonous,flat,smooth,white,yes,pungent,narrow,white,enlarging,one,pendant,black,scattered,urban
edible,flat,fibrous,gray,yes,none,broad,brown,tapering,one,pendant,brown,solitary,woods
edible,flat,smooth,white,no,none,broad,brown,tapering,one,evanescent,brown,scattered,grasses
edible,flat,fibrous,white,no,none,broad,chocolate,tapering,one,evanescent,black,abundant,grasses
poisonous,flat,scaly,brown,yes,pungent,narrow,black,enlarging,one,pendant,brown,several,grasses
edible,convex,smooth,white,no,none,broad,pink,tapering,one,evanescent,black,scattered,grasses
edible,convex,fibrous,brown,yes,none,broad,pink,tapering,one,pendant,brown,solitary,woods
edible,convex,scaly,gray,yes,none,broad,purple,tapering,one,pendant,brown,several,woods
edible,convex,scaly,gray,yes,none,broad,pink,tapering,one,pendant,brown,several,woods
edible,flat,smooth,brown,no,none,broad,black,tapering,one,evanescent,brown,scattered,grasses
edible,flat,smooth,white,no,none,broad,chocolate,tapering,one,evanescent,brown,scattered,grasses
edible,flat,smooth,brown,no,none,broad,black,tapering,one,evanescent,brown,abundant,grasses
edible,convex,smooth,brown,no,none,broad,pink,tapering,one,evanescent,black,abundant,grasses
edible,flat,fibrous,white,no,none,broad,chocolate,tapering,one,evanescent,black,abundant,grasses
edible,convex,fibrous,brown,no,none,broad,brown,tapering,one,evanescent,black,scattered,grasses
edible,flat,fibrous,white,no,none,broad,pink,tapering,one,evanescent,black,abundant,grasses
edible,flat,fibrous,brown,no,none,broad,brown,tapering,one,evanescent,brown,abundant,grasses
edible,flat,smooth,white,no,none,broad,brown,tapering,one,evanescent,black,scattered,grasses
edible,flat,fibrous,brown,no,none,broad,pink,tapering,one,evanescent,brown,abundant,grasses
poisonous,flat,scaly,brown,yes,pungent,narrow,white,enlarging,one,pendant,black,several,urban
edible,flat,fibrous,white,no,none,broad,black,tapering,one,evanescent,black,abundant,grasses
edible,flat,smooth,white,no,none,broad,pink,tapering,one,evanescent,brown,scattered,grasses
edible,convex,fibrous,brown,no,none,broad,black,tapering,one,evanescent,brown,abundant,grasses
edible,flat,fibrous,white,no,none,broad,pink,tapering,one,evanescent,brown,scattered,grasses
edible,convex,fibrous,gray,no,none,broad,brown,tapering,one,evanescent,black,abundant,grasses
edible,flat,smooth,brown,no,none,broad,pink,tapering,one,evanescent,brown,abundant,grasses
edible,convex,fibrous,gray,yes,none,broad,brown,tapering,one,pendant,black,several,woods
edible,flat,fibrous,white,no,none,broad,brown,tapering,one,evanescent,brown,abundant,grasses
edible,flat,fibrous,brown,no,none,broad,pink,tapering,one,evanescent,black,scattered,grasses
edible,convex,smooth,brown,no,none,broad,pink,tapering,one,evanescent,black,scattered,grasses
edible,convex,fibrous,white,no,none,broad,chocolate,tapering,one,evanescent,black,scattered,grasses
edible,bell,smooth,yellow,yes,anise,broad,gray,enlarging,one,pendant,black,scattered,grasses
poisonous,convex,scaly,brown,yes,pungent,narrow,pink,enlarging,one,pendant,black,scattered,grasses
poisonous,flat,smooth,brown,yes,pungent,narrow,pink,enlarging,one,pendant,black,several,grasses
edible,flat,fibrous,white,no,none,broad,black,tapering,one,evanescent,black,scattered,grasses
edible,flat,fibrous,brown,no,none,broad,black,tapering,one,evanescent,black,scattered,grasses
poisonous,flat,scaly,brown,yes,pungent,narrow,black,enlarging,one,pendant,black,scattered,grasses
edible,flat,fibrous,brown,no,none,broad,pink,tapering,one,evanescent,black,scattered,grasses
poisonous,convex,smooth,white,yes,pungent,narrow,brown,enlarging,one,pendant,brown,several,urban
edible,flat,smooth,brown,no,none,broad,black,tapering,one,evanescent,brown,abundant,grasses
poisonous,flat,scaly,white,yes,pungent,narrow,brown,enlarging,one,pendant,brown,several,urban
edible,flat,smooth,brown,no,none,broad,brown,tapering,one,evanescent,black,abundant,grasses
edible,flat,smooth,gray,no,none,broad,chocolate,tapering,one,evanescent,black,abundant,grasses
edible,convex,fibrous,gray,no,none,broad,chocolate,tapering,one,evanescent,black,abundant,grasses
edible,flat,fibrous,brown,no,none,broad,black,tapering,one,evanescent,brown,scattered,grasses
edible,convex,fibrous,gray,yes,none,broad,white,tapering,one,pendant,brown,several,woods
edible,convex,fibrous,brown,yes,none,broad,pink,tapering,one,pendant,black,several,woods
edible,convex,fibrous,brown,no,none,broad,black,tapering,one,evanescent,brown,scattered,grasses
edible,convex,fibrous,gray,yes,none,broad,white,tapering,one,pendant,black,solitary,woods
edible,convex,smooth,white,no,none,broad,chocolate,tapering,one,evanescent,brown,scattered,grasses
edible,flat,smooth,white,no,none,broad,chocolate,tapering,one,evanescent,black,abundant,grasses
edible,convex,smooth,white,no,none,broad,pink,tapering,one,evanescent,black,scattered,grasses
edible,flat,fibrous,gray,no,none,broad,black,tapering,one,evanescent,black,scattered,grasses
edible,convex,fibrous,brown,yes,none,broad,pink,tapering,one,pendant,brown,solitary,woods
edible,convex,smooth,white,no,none,broad,black,tapering,one,evanescent,brown,scattered,grasses
edible,convex,smooth,brown,no,none,broad,chocolate,tapering,one,evanescent,black,scattered,grasses
edible,flat,smooth,gray,no,none,broad,pink,tapering,one,evanescent,brown,scattered,grasses
poisonous,flat,scaly,white,yes,pungent,narrow,black,enlarging,one,pendant,brown,scattered,grasses
edible,flat,smooth,brown,no,none,broad,black,tapering,one,evanescent,black,scattered,grasses
edible,flat,scaly,yellow,yes,almond,broad,pink,enlarging,one,pendant,brown,solitary,grasses
edible,convex,fibrous,gray,yes,none,broad,brown,tapering,one,pendant,black,solitary,woods
edible,flat,smooth,gray,no,none,broad,brown,tapering,one,evanescent,brown,abundant,grasses
edible,convex,smooth,gray,no,none,broad,chocolate,tapering,one,evanescent,brown,abundant,grasses
poisonous,flat,scaly,white,yes,pungent,narrow,pink,enlarging,one,pendant,brown,scattered,urban
edible,convex,smooth,white,no,none,broad,chocolate,tapering,one,evanescent,black,abundant,grasses
edible,convex,smooth,white,no,none,broad,pink,tapering,one,evanescent,black,abundant,grasses
edible,flat,smooth,gray,no,none,broad,brown,tapering,one,evanescent,black,abundant,grasses
edible,flat,smooth,brown,no,none,broad,brown,tapering,one,evanescent,brown,scattered,grasses
edible,convex,fibrous,brown,no,none,broad,black,tapering,one,evanescent,black,scattered,grasses
edible,flat,smooth,brown,no,none,broad,pink,tapering,one,evanescent,black,scattered,grasses
edible,flat,smooth,brown,no,none,broad,brown,tapering,one,evanescent,brown,abundant,grasses
edible,convex,fibrous,white,no,none,broad,brown,tapering,one,evanescent,brown,abundant,grasses
edible,flat,fibrous,white,no,none,broad,black,tapering,one,evanescent,brown,abundant,grasses
edible,flat,fibrous,brown,no,none,broad,chocolate,tapering,one,evanescent,black,abundant,grasses
edible,convex,scaly,white,yes,anise,broad,gray,enlarging,one,pendant,brown,scattered,meadows
edible,convex,smooth,brown,no,none,broad,brown,tapering,one,evanescent,black,abundant,grasses
edible,convex,smooth,gray,no,none,broad,chocolate,tapering,one,evanescent,brown,scattered,grasses
edible,flat,smooth,white,no,none,broad,black,tapering,one,evanescent,black,abundant,grasses
poisonous,convex,smooth,white,yes,pungent,narrow,white,enlarging,one,pendant,brown,scattered,urban
edible,convex,smooth,white,no,none,broad,pink,tapering,one,evanescent,black,scattered,grasses
edible,convex,fibrous,brown,yes,none,broad,brown,tapering,one,pendant,brown,several,woods
edible,flat,fibrous,gray,no,none,broad,brown,tapering,one,evanescent,brown,scattered,grasses
edible,convex,smooth,gray,no,none,broad,brown,tapering,one,evanescent,black,abundant,grasses
edible,flat,fibrous,brown,no,none,broad,brown,tapering,one,evanescent,brown,abundant,grasses
edible,flat,smooth,brown,no,none,broad,pink,tapering,one,evanescent,brown,scattered,grasses
edible,convex,smooth,gray,no,none,broad,chocolate,tapering,one,evanescent,black,scattered,grasses
edible,flat,scaly,brown,yes,anise,broad,brown,enlarging,one,pendant,black,scattered,paths
poisonous,flat,scaly,brown,yes,pungent,narrow,pink,enlarging,one,pendant,black,several,urban
edible,convex,smooth,brown,no,none,broad,pink,tapering,one,evanescent,brown,scattered,grasses
edible,convex,fibrous,brown,yes,none,broad,pink,tapering,one,pendant,black,several,woods
poisonous,flat,scaly,white,yes,pungent,narrow,white,enlarging,one,pendant,black,scattered,grasses
poisonous,convex,smooth,white,yes,pungent,narrow,pink,enlarging,one,pendant,black,scattered,urban
poisonous,flat,smooth,brown,yes,pungent,narrow,pink,enlarging,one,pendant,brown,scattered,urban
edible,convex,fibrous,brown,yes,none,broad,purple,tapering,one,pendant,black,solitary,woods
edible,bell,scaly,white,yes,anise,broad,gray,enlarging,one,pendant,black,numerous,meadows
poisonous,flat,scaly,white,yes,pungent,narrow,black,enlarging,one,pendant,black,scattered,grasses
edible,flat,fibrous,white,no,none,broad,pink,tapering,one,evanescent,black,abundant,grasses
edible,convex,smooth,white,no,none,broad,brown,tapering,one,evanescent,brown,scattered,grasses
edible,convex,fibrous,brown,yes,none,broad,brown,tapering,one,pendant,black,solitary,woods
edible,convex,smooth,brown,no,none,broad,chocolate,tapering,one,evanescent,black,abundant,grasses
edible,flat,fibrous,brown,no,none,broad,pink,tapering,one,evanescent,black,scattered,grasses
edible,flat,fibrous,brown,no,none,broad,brown,tapering,one,evanescent,brown,scattered,grasses
poisonous,flat,scaly,brown,yes,pungent,narrow,pink,enlarging,one,pendant,brown,scattered,urban
poisonous,flat,scaly,white,yes,pungent,narrow,white,enlarging,one,pendant,black,several,grasses
edible,convex,smooth,brown,no,none,broad,pink,tapering,one,evanescent,black,scattered,grasses
edible,flat,fibrous,gray,no,none,broad,pink,tapering,one,evanescent,brown,scattered,grasses
edible,convex,fibrous,brown,yes,none,broad,brown,tapering,one,pendant,black,several,woods
edible,flat,smooth,gray,no,none,broad,black,tapering,one,evanescent,brown,scattered,grasses
edible,flat,fibrous,brown,no,none,broad,chocolate,tapering,one,evanescent,black,abundant,grasses
poisonous,flat,smooth,brown,yes,pungent,narrow,black,enlarging,one,pendant,brown,several,urban
edible,convex,fibrous,brown,no,none,broad,brown,tapering,one,evanescent,brown,abundant,grasses
poisonous,flat,scaly,brown,yes,pungent,narrow,pink,enlarging,one,pendant,brown,several,grasses
edible,convex,smooth,gray,no,none,broad,brown,tapering,one,evanescent,black,abundant,grasses
edible,flat,fibrous,white,no,none,broad,pink,tapering,one,evanescent,black,scattered,grasses
edible,convex,smooth,white,no,none,broad,brown,tapering,one,evanescent,brown,abundant,grasses
edible,convex,fibrous,brown,yes,none,broad,brown,tapering,one,pendant,brown,solitary,woods
edible,convex,smooth,brown,no,none,broad,chocolate,tapering,one,evanescent,brown,scattered,grasses
poisonous,flat,smooth,white,yes,pungent,narrow,black,enlarging,one,pendant,brown,scattered,urban
edible,convex,fibrous,brown,yes,none,broad,pink,tapering,one,pendant,brown,several,woods
edible,convex,smooth,white,no,none,broad,brown,tapering,one,evanescent,black,scattered,grasses
edible,flat,smooth,white,no,none,broad,black,tapering,one,evanescent,black,scattered,grasses
edible,convex,smooth,white,yes,almond,narrow,brown,tapering,one,pendant,purple,several,woods
edible,convex,fibrous,brown,no,none,broad,pink,tapering,one,evanescent,brown,scattered,grasses
edible,convex,scaly,gray,yes,none,broad,pink,tapering,one,pendant,black,several,woods
edible,convex,fibrous,brown,yes,none,broad,brown,tapering,one,pendant,brown,solitary,woods
edible,convex,smooth,yellow,yes,almond,narrow,pink,tapering,one,pendant,purple,several,woods
edible,flat,fibrous,gray,no,none,broad,chocolate,tapering,one,evanescent,black,abundant,grasses
edible,convex,smooth,brown,no,none,broad,brown,tapering,one,evanescent,black,scattered,grasses
edible,convex,scaly,red,yes,none,broad,purple,tapering,one,pendant,brown,solitary,woods
edible,flat,smooth,gray,no,none,broad,pink,tapering,one,evanescent,black,abundant,grasses
poisonous,flat,smooth,white,yes,pungent,narrow,brown,enlarging,one,pendant,black,several,urban
edible,flat,fibrous,white,no,none,broad,pink,tapering,one,evanescent,brown,scattered,grasses
edible,convex,fibrous,gray,no,none,broad,chocolate,tapering,one,evanescent,brown,abundant,grasses
edible,flat,fibrous,brown,no,none,broad,black,tapering,one,evanescent,brown,scattered,grasses
edible,flat,smooth,brown,no,none,broad,pink,tapering,one,evanescent,black,abundant,grasses
edible,convex,fibrous,white,no,none,broad,black,tapering,one,evanescent,brown,abundant,grasses
poisonous,flat,scaly,white,yes,pungent,narrow,pink,enlarging,one,pendant,black,scattered,grasses
edible,convex,fibrous,white,no,none,broad,black,tapering,one,evanescent,brown,scattered,grasses
edible,flat,smooth,brown,no,none,broad,black,tapering,one,evanescent,brown,abundant,grasses
edible,convex,smooth,brown,no,none,broad,brown,tapering,one,evanescent,black,scattered,grasses
edible,convex,fibrous,gray,no,none,broad,pink,tapering,one,evanescent,black,scattered,grasses
edible,convex,smooth,brown,no,none,broad,black,tapering,one,evanescent,black,abundant,grasses
edible,flat,scaly,yellow,yes,anise,broad,brown,enlarging,one,pendant,black,solitary,grasses
poisonous,convex,scaly,brown,yes,pungent,narrow,brown,enlarging,one,pendant,black,several,urban
edible,convex,fibrous,white,no,none,broad,pink,tapering,one,evanescent,black,abundant,grasses
edible,flat,smooth,white,no,none,broad,black,tapering,one,evanescent,black,scattered,grasses
edible,convex,smooth,brown,no,none,broad,chocolate,tapering,one,evanescent,brown,scattered,grasses
poisonous,flat,scaly,brown,yes,pungent,narrow,pink,enlarging,one,pendant,brown,scattered,grasses
edible,flat,fibrous,gray,no,none,broad,pink,tapering,one,evanescent,black,scattered,grasses
poisonous,flat,smooth,white,yes,pungent,narrow,pink,enlarging,one,pendant,brown,scattered,urban
edible,flat,smooth,brown,no,none,broad,brown,tapering,one,evanescent,black,scattered,grasses
edible,convex,smooth,gray,no,none,broad,pink,tapering,one,evanescent,black,scattered,grasses
edible,convex,fibrous,gray,no,none,broad,brown,tapering,one,evanescent,black,abundant,grasses
edible,flat,fibrous,brown,no,none,broad,brown,tapering,one,evanescent,black,scattered,grasses
edible,flat,smooth,gray,no,none,broad,chocolate,tapering,one,evanescent,brown,scattered,grasses
edible,convex,smooth,white,no,none,broad,pink,tapering,one,evanescent,brown,scattered,grasses
edible,convex,fibrous,brown,no,none,broad,black,tapering,one,evanescent,black,abundant,grasses
edible,convex,fibrous,gray,no,none,broad,pink,tapering,one,evanescent,black,scattered,grasses
edible,flat,fibrous,brown,no,none,broad,pink,tapering,one,evanescent,brown,abundant,grasses
edible,bell,scaly,yellow,yes,almond,broad,brown,enlarging,one,pendant,black,numerous,meadows
edible,flat,fibrous,gray,no,none,broad,black,tapering,one,evanescent,brown,scattered,grasses
edible,convex,fibrous,gray,no,none,broad,chocolate,tapering,one,evanescent,black,abundant,grasses
edible,flat,fibrous,white,no,none,broad,brown,tapering,one,evanescent,brown,abundant,grasses
edible,convex,fibrous,brown,yes,none,broad,pink,tapering,one,pendant,brown,solitary,woods
poisonous,flat,smooth,brown,yes,pungent,narrow,white,enlarging,one,pendant,black,scattered,urban
edible,convex,fibrous,brown,yes,none,broad,pink,tapering,one,pendant,brown,solitary,woods
edible,convex,fibrous,brown,no,none,broad,chocolate,tapering,one,evanescent,brown,abundant,grasses
edible,convex,fibrous,brown,yes,none,broad,pink,tapering,one,pendant,black,solitary,woods
edible,convex,fibrous,white,no,none,broad,brown,tapering,one,evanescent,brown,abundant,grasses
edible,flat,smooth,gray,no,none,broad,black,tapering,one,evanescent,black,scattered,grasses
edible,flat,smooth,brown,no,none,broad,chocolate,tapering,one,evanescent,black,abundant,grasses
edible,convex,scaly,yellow,yes,almond,broad,gray,enlarging,one,pendant,black,scattered,meadows
edible,convex,fibrous,white,yes,almond,narrow,pink,tapering,one,pendant,purple,several,woods
edible,flat,fibrous,gray,no,none,broad,brown,tapering,one,evanescent,brown,abundant,grasses
edible,flat,fibrous,brown,no,none,broad,chocolate,tapering,one,evanescent,brown,abundant,grasses
edible,flat,fibrous,brown,no,none,broad,brown,tapering,one,evanescent,brown,scattered,grasses
edible,bell,scaly,yellow,yes,almond,broad,gray,enlarging,one,pendant,black,scattered,grasses
edible,convex,fibrous,brown,no,none,broad,chocolate,tapering,one,evanescent,black,scattered,grasses
edible,convex,scaly,white,yes,anise,broad,brown,enlarging,one,pendant,brown,scattered,grasses
edible,flat,smooth,white,no,none,broad,brown,tapering,one,evanescent,black,scattered,grasses
edible,convex,smooth,white,no,none,broad,black,tapering,one,evanescent,brown,abundant,grasses
edible,convex,fibrous,brown,no,none,broad,brown,tapering,one,evanescent,brown,scattered,grasses
edible,convex,smooth,brown,no,none,broad,brown,tapering,one,evanescent,brown,abundant,grasses
edible,convex,smooth,brown,no,none,broad,brown,tapering,one,evanescent,brown,scattered,grasses
edible,convex,scaly,brown,yes,none,broad,white,tapering,one,pendant,brown,solitary,woods
edible,flat,smooth,gray,no,none,broad,brown,tapering,one,evanescent,black,scattered,grasses
edible,convex,scaly,yellow,yes,almond,broad,gray,enlarging,one,pendant,black,numerous,meadows
edible,convex,smooth,white,no,none,broad,brown,tapering,one,evanescent,black,abundant,grasses
poisonous,flat,scaly,white,yes,pungent,narrow,brown,enlarging,one,pendant,black,scattered,urban
edible,flat,smooth,white,no,none,broad,chocolate,tapering,one,evanescent,brown,scattered,grasses
poisonous,flat,smooth,white,yes,pungent,narrow,brown,enlarging,one,pendant,brown,scattered,urban
edible,flat,smooth,gray,no,none,broad,chocolate,tapering,one,evanescent,black,scattered,grasses
edible,flat,fibrous,gray,no,none,broad,black,tapering,one,evanescent,brown,scattered,grasses
poisonous,convex,smooth,white,yes,pungent,narrow,pink,enlarging,one,pendant,brown,scattered,grasses
edible,convex,smooth,gray,no,none,broad,pink,tapering,one,evanescent,black,abundant,grasses
poisonous,convex,smooth,white,yes,pungent,narrow,pink,enlarging,one,pendant,brown,scattered,urban
edible,convex,smooth,gray,no,none,broad,pink,tapering,one,evanescent,brown,scattered,grasses
edible,flat,smooth,white,no,none,broad,pink,tapering,one,evanescent,black,scattered,grasses
poisonous,flat,scaly,white,yes,pungent,narrow,white,enlarging,one,pendant,brown,several,grasses
edible,convex,fibrous,white,no,none,broad,brown,tapering,one,evanescent,black,abundant,grasses
edible,convex,smooth,brown,no,none,broad,chocolate,tapering,one,evanescent,black,abundant,grasses
edible,convex,fibrous,white,no,none,broad,pink,tapering,one,evanescent,brown,scattered,grasses
edible,convex,fibrous,white,no,none,broad,pink,tapering,one,evanescent,black,abundant,grasses
edible,convex,scaly,red,yes,none,broad,purple,tapering,one,pendant,black,solitary,woods
poisonous,flat,smooth,brown,yes,pungent,narrow,black,enlarging,one,pendant,black,scattered,urban
edible,flat,fibrous,gray,no,none,broad,black,tapering,one,evanescent,black,scattered,grasses
edible,convex,scaly,yellow,yes,almond,broad,white,enlarging,one,pendant,black,solitary,grasses
edible,convex,fibrous,brown,no,none,broad,chocolate,tapering,one,evanescent,brown,abundant,grasses
edible,flat,fibrous,brown,no,none,broad,black,tapering,one,evanescent,black,abundant,grasses
edible,bell,smooth,white,yes,anise,broad,gray,enlarging,one,pendant,black,numerous,meadows
edible,flat,smooth,gray,no,none,broad,black,tapering,one,evanescent,black,abundant,grasses
edible,flat,fibrous,white,no,none,broad,brown,tapering,one,evanescent,black,abundant,grasses
edible,flat,fibrous,brown,no,none,broad,chocolate,tapering,one,evanescent,brown,abundant,grasses
poisonous,flat,smooth,brown,yes,pungent,narrow,white,enlarging,one,pendant,brown,scattered,urban
edible,convex,smooth,brown,no,none,broad,chocolate,tapering,one,evanescent,brown,abundant,grasses
edible,bell,scaly,yellow,yes,almond,broad,white,enlarging,one,pendant,black,numerous,grasses
edible,flat,smooth,gray,no,none,broad,pink,tapering,one,evanescent,brown,abundant,grasses
edible,flat,smooth,brown,no,none,broad,chocolate,tapering,one,evanescent,black,scattered,grasses
edible,convex,fibrous,gray,no,none,broad,chocolate,tapering,one,evanescent,brown,abundant,grasses
edible,flat,smooth,gray,no,none,broad,pink,tapering,one,evanescent,black,scattered,grasses
edible,convex,fibrous,brown,no,none,broad,pink,tapering,one,evanescent,black,abundant,grasses
edible,convex,fibrous,brown,yes,none,broad,pink,tapering,one,pendant,brown,several,woods
edible,bell,scaly,white,yes,anise,broad,gray,enlarging,one,pendant,brown,numerous,meadows
edible,convex,fibrous,gray,yes,none,broad,brown,tapering,one,pendant,brown,several,woods
poisonous,flat,scaly,brown,yes,pungent,narrow,pink,enlarging,one,pendant,black,scattered,grasses
edible,convex,smooth,white,no,none,broad,chocolate,tapering,one,evanescent,brown,abundant,grasses
poisonous,flat,smooth,brown,yes,pungent,narrow,black,enlarging,one,pendant,black,several,urban
edible,flat,smooth,brown,no,none,broad,brown,tapering,one,evanescent,brown,abundant,grasses
edible,flat,fibrous,brown,no,none,broad,black,tapering,one,evanescent,black,abundant,grasses
edible,convex,fibrous,white,no,none,broad,black,tapering,one,evanescent,black,abundant,grasses
edible,convex,fibrous,brown,no,none,broad,brown,tapering,one,evanescent,brown,abundant,grasses
edible,flat,smooth,brown,no,none,broad,brown,tapering,one,evanescent,brown,scattered,grasses
edible,convex,smooth,yellow,yes,anise,broad,gray,enlarging,one,pendant,black,scattered,grasses
edible,flat,smooth,white,no,none,broad,black,tapering,one,evanescent,black,abundant,grasses
edible,convex,smooth,white,no,none,broad,black,tapering,one,evanescent,black,scattered,grasses
poisonous,convex,scaly,brown,yes,pungent,narrow,pink,enlarging,one,pendant,black,several,grasses
edible,flat,fibrous,gray,no,none,broad,brown,tapering,one,evanescent,black,abundant,grasses
poisonous,flat,scaly,brown,yes,pungent,narrow,brown,enlarging,one,pendant,black,scattered,grasses
edible,flat,fibrous,white,no,none,broad,brown,tapering,one,evanescent,black,abundant,grasses
edible,convex,fibrous,brown,yes,none,broad,pink,tapering,one,pendant,black,several,woods
edible,convex,fibrous,gray,no,none,broad,black,tapering,one,evanescent,black,scattered,grasses
poisonous,flat,smooth,brown,yes,pungent,narrow,white,enlarging,one,pendant,brown,several,urban
edible,flat,smooth,gray,no,none,broad,chocolate,tapering,one,evanescent,black,scattered,grasses
poisonous,convex,smooth,white,yes,pungent,narrow,white,enlarging,one,pendant,brown,several,urban
edible,convex,fibrous,brown,yes,none,broad,pink,tapering,one,pendant,brown,several,woods
edible,convex,fibrous,brown,no,none,broad,pink,tapering,one,evanescent,brown,scattered,grasses
edible,convex,scaly,yellow,yes,almond,broad,brown,enlarging,one,pendant,brown,scattered,paths
edible,flat,fibrous,white,no,none,broad,chocolate,tapering,one,evanescent,black,scattered,grasses
edible,flat,smooth,white,no,none,broad,pink,tapering,one,evanescent,brown,abundant,grasses
edible,convex,fibrous,gray,no,none,broad,brown,tapering,one,evanescent,brown,scattered,grasses
edible,flat,fibrous,gray,no,none,broad,pink,tapering,one,evanescent,black,scattered,grasses
edible,flat,fibrous,white,no,none,broad,brown,tapering,one,evanescent,brown,abundant,grasses
edible,convex,fibrous,gray,no,none,broad,brown,tapering,one,evanescent,black,scattered,grasses
edible,flat,fibrous,gray,no,none,broad,black,tapering,one,evanescent,brown,abundant,grasses
edible,convex,fibrous,gray,yes,none,broad,white,tapering,one,pendant,brown,several,woods
edible,convex,smooth,gray,no,none,broad,pink,tapering,one,evanescent,black,abundant,grasses
edible,flat,smooth,gray,no,none,broad,pink,tapering,one,evanescent,black,scattered,grasses
edible,convex,scaly,brown,yes,anise,broad,white,enlarging,one,pendant,brown,scattered,grasses
edible,convex,scaly,gray,yes,none,broad,brown,tapering,one,pendant,black,solitary,woods
edible,flat,smooth,gray,no,none,broad,black,tapering,one,evanescent,black,abundant,grasses
edible,flat,fibrous,white,no,none,broad,black,tapering,one,evanescent,brown,scattered,grasses
edible,flat,smooth,brown,no,none,broad,chocolate,tapering,one,evanescent,brown,abundant,grasses
edible,flat,fibrous,white,no,none,broad,pink,tapering,one,evanescent,black,scattered,grasses
edible,flat,fibrous,brown,no,none,broad,brown,tapering,one,evanescent,black,abundant,grasses
edible,flat,smooth,gray,no,none,broad,black,tapering,one,evanescent,black,abundant,grasses
edible,convex,smooth,brown,no,none,broad,brown,tapering,one,evanescent,brown,scattered,grasses
edible,convex,fibrous,brown,yes,none,broad,pink,tapering,one,pendant,brown,solitary,woods
edible,convex,smooth,brown,no,none,broad,black,tapering,one,evanescent,brown,scattered,grasses
edible,convex,fibrous,brown,no,none,broad,black,tapering,one,evanescent,black,abundant,grasses
edible,flat,smooth,white,no,none,broad,pink,tapering,one,evanescent,brown,abundant,grasses
edible,convex,fibrous,brown,no,none,narrow,pink,enlarging,one,pendant,black,solitary,urban
poisonous,flat,smooth,white,yes,pungent,narrow,pink,enlarging,one,pendant,black,scattered,urban
poisonous,flat,smooth,brown,yes,pungent,narrow,pink,enlarging,one,pendant,brown,several,grasses
edible,convex,fibrous,brown,yes,none,broad,purple,tapering,one,pendant,black,several,woods
edible,convex,smooth,white,no,none,broad,brown,tapering,one,evanescent,brown,abundant,grasses
edible,flat,fibrous,gray,no,none,broad,black,tapering,one,evanescent,brown,abundant,grasses
edible,convex,smooth,brown,no,none,broad,chocolate,tapering,one,evanescent,brown,scattered,grasses
edible,convex,fibrous,brown,no,none,broad,chocolate,tapering,one,evanescent,brown,scattered,grasses
edible,convex,smooth,gray,no,none,broad,chocolate,tapering,one,evanescent,black,scattered,grasses
edible,flat,fibrous,gray,no,none,broad,brown,tapering,one,evanescent,black,abundant,grasses
edible,flat,smooth,brown,no,none,broad,pink,tapering,one,evanescent,brown,scattered,grasses
edible,flat,smooth,gray,no,none,broad,brown,tapering,one,evanescent,black,abundant,grasses
edible,convex,fibrous,red,yes,none,broad,brown,tapering,one,pendant,black,several,woods
poisonous,flat,scaly,white,yes,pungent,narrow,black,enlarging,one,pendant,brown,several,urban
edible,convex,fibrous,brown,no,none,broad,chocolate,tapering,one,evanescent,brown,scattered,grasses
edible,convex,fibrous,brown,yes,none,broad,brown,tapering,one,pendant,brown,several,woods
poisonous,flat,smooth,brown,yes,pungent,narrow,black,enlarging,one,pendant,brown,scattered,urban
poisonous,flat,smooth,white,yes,pungent,narrow,black,enlarging,one,pendant,black,several,grasses
poisonous,flat,smooth,white,yes,pungent,narrow,brown,enlarging,one,pendant,black,scattered,urban
edible,flat,fibrous,white,no,none,broad,chocolate,tapering,one,evanescent,brown,abundant,grasses
edible,flat,smooth,brown,no,none,broad,chocolate,tapering,one,evanescent,brown,scattered,grasses
edible,flat,fibrous,brown,no,none,broad,chocolate,tapering,one,evanescent,black,abundant,grasses
edible,convex,smooth,brown,no,none,broad,chocolate,tapering,one,evanescent,black,abundant,grasses
edible,flat,smooth,brown,no,none,broad,black,tapering,one,evanescent,black,abundant,grasses
poisonous,flat,smooth,white,yes,pungent,narrow,pink,enlarging,one,pendant,brown,several,grasses
poisonous,flat,smooth,white,yes,pungent,narrow,brown,enlarging,one,pendant,black,several,grasses
edible,flat,smooth,gray,no,none,broad,pink,tapering,one,evanescent,brown,abundant,grasses
edible,convex,smooth,brown,no,none,broad,black,tapering,one,evanescent,black,abundant,grasses
edible,convex,smooth,brown,no,none,broad,chocolate,tapering,one,evanescent,brown,scattered,grasses
edible,convex,fibrous,brown,yes,none,broad,white,tapering,one,pendant,black,several,woods
edible,convex,fibrous,brown,yes,none,broad,brown,tapering,one,pendant,brown,several,woods
edible,flat,fibrous,white,no,none,broad,pink,tapering,one,evanescent,black,abundant,grasses
edible,flat,fibrous,white,no,none,broad,brown,tapering,one,evanescent,brown,scattered,grasses
edible,convex,fibrous,white,no,none,broad,black,tapering,one,evanescent,black,abundant,grasses
edible,convex,smooth,yellow,yes,anise,broad,brown,enlarging,one,pendant,brown,numerous,meadows
edible,flat,smooth,gray,no,none,broad,brown,tapering,one,evanescent,brown,abundant,grasses
edible,convex,smooth,white,no,none,broad,chocolate,tapering,one,evanescent,brown,scattered,grasses
edible,convex,fibrous,brown,no,none,broad,brown,tapering,one,evanescent,brown,scattered,grasses
edible,convex,fibrous,brown,no,none,broad,pink,tapering,one,evanescent,brown,abundant,grasses
edible,convex,smooth,white,no,none,broad,brown,tapering,one,evanescent,brown,scattered,grasses
edible,convex,smooth,brown,no,none,broad,chocolate,tapering,one,evanescent,black,scattered,grasses
edible,convex,smooth,gray,no,none,broad,chocolate,tapering,one,evanescent,brown,scattered,grasses
edible,convex,smooth,gray,no,none,broad,pink,tapering,one,evanescent,black,scattered,grasses
edible,flat,smooth,white,no,none,broad,pink,tapering,one,evanescent,brown,scattered,grasses
edible,convex,smooth,brown,no,none,broad,brown,tapering,one,evanescent,black,abundant,grasses
edible,flat,fibrous,gray,no,none,broad,pink,tapering,one,evanescent,brown,scattered,grasses
edible,flat,fibrous,white,no,none,broad,chocolate,tapering,one,evanescent,black,scattered,grasses
edible,convex,fibrous,white,no,none,broad,brown,tapering,one,evanescent,brown,abundant,grasses
edible,flat,fibrous,gray,no,none,broad,chocolate,tapering,one,evanescent,black,scattered,grasses
edible,convex,fibrous,gray,no,none,broad,pink,tapering,one,evanescent,black,abundant,grasses
edible,convex,scaly,yellow,yes,almond,broad,gray,enlarging,one,pendant,black,numerous,grasses
edible,convex,smooth,yellow,yes,anise,broad,brown,enlarging,one,pendant,black,numerous,grasses
edible,convex,smooth,white,no,none,broad,pink,tapering,one,evanescent,black,abundant,grasses
poisonous,convex,scaly,brown,yes,pungent,narrow,black,enlarging,one,pendant,black,scattered,grasses
edible,convex,fibrous,white,no,none,broad,black,tapering,one,evanescent,brown,scattered,grasses
poisonous,convex,smooth,white,yes,pungent,narrow,white,enlarging,one,pendant,black,scattered,urban
edible,convex,scaly,gray,yes,none,broad,brown,tapering,one,pendant,brown,several,woods
poisonous,flat,smooth,white,yes,pungent,narrow,white,enlarging,one,pendant,black,several,urban
edible,convex,scaly,yellow,yes,anise,broad,gray,enlarging,one,pendant,brown,scattered,grasses
edible,convex,scaly,white,yes,anise,broad,brown,enlarging,one,pendant,brown,numerous,meadows
edible,flat,scaly,brown,yes,anise,broad,brown,enlarging,one,pendant,brown,solitary,paths
edible,convex,smooth,white,no,none,broad,brown,tapering,one,evanescent,brown,scattered,grasses
edible,flat,smooth,brown,no,none,broad,pink,tapering,one,evanescent,black,scattered,grasses
edible,convex,smooth,gray,no,none,broad,pink,tapering,one,evanescent,black,abundant,grasses
edible,convex,smooth,white,no,none,broad,brown,tapering,one,evanescent,black,abundant,grasses
edible,flat,smooth,brown,no,none,broad,chocolate,tapering,one,evanescent,brown,scattered,grasses
edible,flat,smooth,brown,no,none,broad,brown,tapering,one,evanescent,black,abundant,grasses
edible,convex,smooth,gray,no,none,broad,brown,tapering,one,evanescent,black,scattered,grasses
edible,bell,smooth,white,yes,anise,broad,brown,enlarging,one,pendant,brown,numerous,grasses
edible,convex,smooth,gray,no,none,broad,pink,tapering,one,evanescent,black,scattered,grasses
edible,convex,smooth,yellow,yes,anise,broad,white,enlarging,one,pendant,black,scattered,meadows
poisonous,flat,scaly,white,yes,pungent,narrow,brown,enlarging,one,pendant,black,several,grasses
edible,flat,smooth,white,no,none,broad,pink,tapering,one,evanescent,black,scattered,grasses
edible,flat,smooth,brown,no,none,broad,chocolate,tapering,one,evanescent,black,scattered,grasses
edible,flat,smooth,gray,no,none,broad,brown,tapering,one,evanescent,brown,scattered,grasses
edible,flat,fibrous,gray,no,none,broad,chocolate,tapering,one,evanescent,brown,scattered,grasses
edible,convex,scaly,brown,yes,none,broad,pink,tapering,one,pendant,brown,solitary,woods
edible,convex,fibrous,brown,yes,none,broad,brown,tapering,one,pendant,black,solitary,woods
edible,convex,scaly,yellow,yes,almond,broad,brown,enlarging,one,pendant,brown,solitary,paths
edible,convex,fibrous,gray,yes,none,broad,white,tapering,one,pendant,black,solitary,woods
edible,flat,fibrous,gray,no,none,broad,pink,tapering,one,evanescent,brown,abundant,grasses
edible,flat,smooth,brown,no,none,broad,chocolate,tapering,one,evanescent,black,scattered,grasses
edible,flat,smooth,white,no,none,broad,brown,tapering,one,evanescent,brown,abundant,grasses
edible,convex,fibrous,gray,no,none,broad,black,tapering,one,evanescent,brown,abundant,grasses
edible,flat,smooth,white,no,none,broad,brown,tapering,one,evanescent,black,scattered,grasses
edible,flat,fibrous,gray,no,none,broad,brown,tapering,one,evanescent,brown,abundant,grasses
edible,convex,fibrous,gray,no,none,broad,black,tapering,one,evanescent,brown,abundant,grasses
edible,convex,smooth,brown,no,none,broad,black,tapering,one,evanescent,brown,abundant,grasses
edible,convex,fibrous,brown,yes,none,broad,white,tapering,one,pendant,black,solitary,woods
edible,flat,smooth,white,no,none,broad,black,tapering,one,evanescent,brown,scattered,grasses
edible,flat,fibrous,brown,no,none,broad,brown,tapering,one,evanescent,black,scattered,grasses
poisonous,flat,scaly,brown,yes,pungent,narrow,white,enlarging,one,pendant,black,scattered,grasses
edible,convex,fibrous,brown,yes,none,broad,brown,tapering,one,pendant,black,solitary,woods
edible,convex,fibrous,brown,no,none,broad,pink,tapering,one,evanescent,black,scattered,grasses
edible,flat,fibrous,white,no,none,broad,brown,tapering,one,evanescent,black,scattered,grasses
poisonous,flat,scaly,brown,yes,pungent,narrow,brown,enlarging,one,pendant,brown,several,urban
edible,flat,fibrous,gray,no,none,broad,black,tapering,one,evanescent,black,scattered,grasses
edible,convex,fibrous,gray,yes,none,broad,brown,tapering,one,pendant,black,several,woods
edible,convex,fibrous,white,no,none,broad,pink,tapering,one,evanescent,black,abundant,grasses
edible,convex,fibrous,gray,no,none,broad,chocolate,tapering,one,evanescent,black,scattered,grasses
edible,convex,fibrous,brown,yes,none,broad,white,tapering,one,pendant,brown,several,woods
edible,convex,smooth,gray,no,none,broad,chocolate,tapering,one,evanescent,brown,abundant,grasses
edible,flat,fibrous,white,no,none,broad,pink,tapering,one,evanescent,brown,abundant,grasses
edible,convex,fibrous,gray,yes,none,broad,purple,tapering,one,pendant,black,solitary,woods
edible,convex,scaly,white,yes,anise,broad,white,enlarging,one,pendant,black,numerous,grasses
edible,convex,scaly,white,yes,anise,broad,black,enlarging,one,pendant,brown,numerous,meadows
edible,flat,smooth,gray,no,none,broad,pink,tapering,one,evanescent,brown,scattered,grasses
edible,flat,smooth,white,no,none,broad,black,tapering,one,evanescent,black,abundant,grasses
edible,flat,smooth,brown,no,none,broad,brown,tapering,one,evanescent,black,scattered,grasses
edible,flat,smooth,white,no,none,broad,pink,tapering,one,evanescent,black,abundant,grasses
edible,convex,fibrous,brown,no,none,broad,chocolate,tapering,one,evanescent,brown,abundant,grasses
edible,convex,smooth,brown,no,none,broad,brown,tapering,one,evanescent,brown,scattered,grasses
edible,bell,scaly,yellow,yes,almond,broad,gray,enlarging,one,pendant,brown,numerous,meadows
poisonous,flat,scaly,white,yes,pungent,narrow,black,enlarging,one,pendant,black,several,grasses
edible,convex,smooth,brown,no,none,broad,black,tapering,one,evanescent,black,abundant,grasses
edible,flat,smooth,brown,no,none,broad,black,tapering,one,evanescent,black,scattered,grasses
edible,convex,scaly,brown,yes,almond,broad,brown,enlarging,one,pendant,black,scattered,grasses
edible,convex,smooth,gray,no,none,broad,brown,tapering,one,evanescent,brown,abundant,grasses
edible,flat,smooth,white,no,none,broad,black,tapering,one,evanescent,brown,abundant,grasses
poisonous,convex,smooth,brown,yes,pungent,narrow,brown,enlarging,one,pendant,black,several,urban
edible,flat,smooth,gray,no,none,broad,brown,tapering,one,evanescent,black,abundant,grasses
edible,convex,fibrous,white,no,none,broad,pink,tapering,one,evanescent,brown,scattered,grasses
poisonous,flat,smooth,brown,yes,pungent,narrow,brown,enlarging,one,pendant,black,several,grasses
edible,convex,fibrous,brown,no,none,broad,pink,tapering,one,evanescent,brown,abundant,grasses
edible,convex,smooth,brown,no,none,broad,pink,tapering,one,evanescent,black,abundant,grasses
edible,convex,fibrous,brown,yes,none,broad,purple,tapering,one,pendant,black,several,woods
edible,flat,smooth,white,no,none,broad,pink,tapering,one,evanescent,black,scattered,grasses
poisonous,flat,smooth,white,yes,pungent,narrow,pink,enlarging,one,pendant,brown,several,urban
edible,convex,fibrous,white,no,none,broad,chocolate,tapering,one,evanescent,black,abundant,grasses
edible,flat,fibrous,brown,no,none,broad,chocolate,tapering,one,evanescent,brown,scattered,grasses
edible,flat,smooth,gray,no,none,broad,pink,tapering,one,evanescent,brown,scattered,grasses
edible,convex,fibrous,white,no,none,broad,brown,tapering,one,evanescent,black,abundant,grasses
edible,flat,scaly,brown,yes,anise,broad,white,enlarging,one,pendant,brown,solitary,grasses
poisonous,flat,smooth,white,yes,pungent,narrow,white,enlarging,one,pendant,brown,scattered,grasses
edible,convex,fibrous,white,no,none,broad,pink,tapering,one,evanescent,brown,abundant,grasses
edible,flat,fibrous,brown,no,none,narrow,pink,enlarging,one,pendant,black,solitary,urban
poisonous,flat,scaly,brown,yes,pungent,narrow,white,enlarging,one,pendant,brown,scattered,urban
edible,flat,smooth,white,no,none,broad,brown,tapering,one,evanescent,brown,scattered,grasses
edible,convex,fibrous,gray,no,none,broad,black,tapering,one,evanescent,brown,scattered,grasses
edible,flat,scaly,yellow,yes,almond,broad,brown,enlarging,one,pendant,brown,solitary,paths
edible,convex,fibrous,white,no,none,broad,chocolate,tapering,one,evanescent,brown,scattered,grasses
edible,convex,fibrous,white,no,none,broad,chocolate,tapering,one,evanescent,black,abundant,grasses
poisonous,flat,scaly,brown,yes,pungent,narrow,brown,enlarging,one,pendant,brown,scattered,grasses
edible,flat,fibrous,brown,no,none,broad,chocolate,tapering,one,evanescent,black,scattered,grasses
edible,flat,fibrous,gray,no,none,broad,black,tapering,one,evanescent,brown,scattered,grasses
edible,convex,fibrous,brown,no,none,broad,brown,tapering,one,evanescent,black,scattered,grasses
edible,convex,fibrous,brown,yes,none,broad,pink,tapering,one,pendant,brown,several,woods
edible,convex,smooth,gray,no,none,broad,black,tapering,one,evanescent,black,scattered,grasses
edible,convex,smooth,gray,no,none,broad,brown,tapering,one,evanescent,black,abundant,grasses
edible,convex,fibrous,white,no,none,broad,black,tapering,one,evanescent,black,scattered,grasses
edible,flat,fibrous,gray,no,none,broad,chocolate,tapering,one,evanescent,brown,scattered,grasses
edible,convex,fibrous,brown,yes,none,broad,brown,tapering,one,pendant,black,solitary,woods
edible,convex,smooth,white,no,none,broad,pink,tapering,one,evanescent,brown,scattered,grasses
poisonous,convex,smooth,white,yes,pungent,narrow,brown,enlarging,one,pendant,brown,scattered,urban
edible,flat,smooth,gray,no,none,broad,brown,tapering,one,evanescent,brown,abundant,grasses
edible,convex,smooth,brown,no,none,broad,black,tapering,one,evanescent,brown,scattered,grasses
edible,convex,fibrous,brown,yes,none,broad,pink,tapering,one,pendant,black,several,woods
edible,convex,scaly,yellow,yes,almond,broad,pink,enlarging,one,pendant,brown,solitary,grasses
edible,convex,smooth,gray,no,none,broad,black,tapering,one,evanescent,black,abundant,grasses
edible,convex,fibrous,brown,no,none,broad,chocolate,tapering,one,evanescent,black,abundant,grasses
edible,convex,fibrous,white,no,none,broad,black,tapering,one,evanescent,black,abundant,grasses
edible,convex,scaly,yellow,yes,almond,broad,black,enlarging,one,pendant,brown,scattered,grasses
edible,convex,fibrous,brown,yes,none,broad,pink,tapering,one,pendant,black,solitary,woods
edible,convex,fibrous,white,no,none,broad,pink,tapering,one,evanescent,black,abundant,grasses
edible,convex,fibrous,white,no,none,broad,brown,tapering,one,evanescent,black,abundant,grasses
poisonous,flat,smooth,brown,yes,pungent,narrow,brown,enlarging,one,pendant,brown,scattered,urban
poisonous,flat,smooth,white,yes,pungent,narrow,black,enlarging,one,pendant,black,several,urban
edible,convex,smooth,brown,no,none,broad,pink,tapering,one,evanescent,black,abundant,grasses
edible,convex,fibrous,gray,no,none,narrow,brown,enlarging,one,pendant,brown,several,urban
edible,flat,smooth,brown,no,none,broad,pink,tapering,one,evanescent,black,scattered,grasses
edible,convex,smooth,white,no,none,broad,black,tapering,one,evanescent,black,abundant,grasses
poisonous,flat,smooth,white,yes,pungent,narrow,white,enlarging,one,pendant,black,scattered,grasses
edible,bell,smooth,yellow,yes,almond,broad,black,enlarging,one,pendant,brown,scattered,grasses
edible,convex,fibrous,brown,no,none,broad,chocolate,tapering,one,evanescent,black,abundant,grasses
poisonous,flat,scaly,brown,yes,pungent,narrow,brown,enlarging,one,pendant,black,scattered,urban
edible,convex,smooth,gray,no,none,broad,chocolate,tapering,one,evanescent,black,abundant,grasses
edible,convex,smooth,gray,no,none,broad,black,tapering,one,evanescent,brown,scattered,grasses
edible,convex,smooth,white,no,none,broad,brown,tapering,one,evanescent,black,scattered,grasses
poisonous,flat,smooth,white,yes,pungent,narrow,brown,enlarging,one,pendant,brown,several,urban
edible,flat,smooth,white,no,none,broad,black,tapering,one,evanescent,black,abundant,grasses
edible,convex,fibrous,brown,no,none,broad,chocolate,tapering,one,evanescent,brown,abundant,grasses
edible,flat,fibrous,brown,no,none,broad,pink,tapering,one,evanescent,brown,scattered,grasses
edible,convex,fibrous,brown,no,none,broad,pink,tapering,one,evanescent,brown,abundant,grasses
poisonous,flat,scaly,brown,yes,pungent,narrow,black,enlarging,one,pendant,black,several,grasses
edible,convex,fibrous,white,no,none,broad,pink,tapering,one,evanescent,brown,scattered,grasses
edible,flat,smooth,white,no,none,broad,pink,tapering,one,evanescent,brown,abundant,grasses
poisonous,flat,scaly,white,yes,pungent,narrow,black,enlarging,one,pendant,black,several,urban
edible,flat,smooth,gray,no,none,broad,pink,tapering,one,evanescent,black,abundant,grasses
edible,flat,scaly,brown,yes,none,broad,white,tapering,one,pendant,brown,several,woods
edible,convex,fibrous,gray,no,none,broad,chocolate,tapering,one,evanescent,brown,abundant,grasses
edible,convex,fibrous,gray,yes,none,broad,purple,tapering,one,pendant,black,several,woods
edible,convex,scaly,brown,yes,none,broad,pink,tapering,one,pendant,brown,several,woods
edible,flat,fibrous,brown,yes,none,broad,brown,tapering,one,pendant,brown,solitary,woods
edible,flat,scaly,red,yes,none,broad,pink,tapering,one,pendant,black,several,woods
edible,flat,smooth,gray,no,none,broad,chocolate,tapering,one,evanescent,brown,scattered,grasses
edible,convex,fibrous,gray,yes,none,broad,purple,tapering,one,pendant,brown,solitary,woods
edible,convex,scaly,gray,yes,none,broad,pink,tapering,one,pendant,black,solitary,woods
edible,convex,fibrous,gray,no,none,broad,pink,tapering,one,evanescent,brown,scattered,grasses
poisonous,flat,smooth,brown,yes,pungent,narrow,brown,enlarging,one,pendant,brown,scattered,grasses
edible,flat,fibrous,brown,yes,none,broad,brown,tapering,one,pendant,black,several,woods
poisonous,convex,smooth,brown,yes,pungent,narrow,brown,enlarging,one,pendant,black,several,grasses
edible,convex,smooth,white,yes,almond,broad,brown,enlarging,one,pendant,brown,scattered,grasses
edible,convex,smooth,white,no,none,broad,chocolate,tapering,one,evanescent,black,abundant,grasses
edible,convex,scaly,yellow,yes,almond,broad,gray,enlarging,one,pendant,brown,scattered,grasses
poisonous,convex,fibrous,gray,no,foul,broad,chocolate,enlarging,one,large,chocolate,solitary,grasses
edible,flat,smooth,brown,no,none,broad,black,tapering,one,evanescent,brown,abundant,grasses
edible,flat,smooth,white,no,none,broad,pink,tapering,one,evanescent,brown,scattered,grasses
edible,convex,fibrous,brown,yes,none,broad,pink,tapering,one,pendant,black,several,woods
edible,flat,smooth,brown,no,none,broad,chocolate,tapering,one,evanescent,black,scattered,grasses
edible,convex,fibrous,brown,no,none,broad,chocolate,tapering,one,evanescent,black,scattered,grasses
poisonous,convex,smooth,white,yes,pungent,narrow,pink,enlarging,one,pendant,black,several,urban
edible,flat,fibrous,brown,yes,none,broad,pink,tapering,one,pendant,brown,solitary,woods
edible,convex,scaly,white,yes,anise,broad,black,enlarging,one,pendant,brown,numerous,grasses
edible,flat,fibrous,gray,no,none,broad,brown,tapering,one,evanescent,black,scattered,grasses
edible,convex,scaly,red,yes,none,broad,brown,tapering,one,pendant,brown,several,woods
edible,flat,fibrous,white,no,none,broad,brown,tapering,one,evanescent,black,scattered,grasses
edible,convex,smooth,gray,no,none,broad,pink,tapering,one,evanescent,brown,abundant,grasses
edible,convex,scaly,brown,yes,none,broad,brown,tapering,one,pendant,black,several,woods
edible,convex,scaly,gray,yes,none,broad,white,tapering,one,pendant,brown,solitary,woods
edible,convex,fibrous,gray,yes,none,broad,purple,tapering,one,pendant,black,several,woods
edible,flat,smooth,white,no,none,broad,brown,tapering,one,evanescent,brown,abundant,grasses
edible,convex,fibrous,gray,yes,none,broad,purple,tapering,one,pendant,black,several,woods
edible,convex,fibrous,brown,yes,none,broad,purple,tapering,one,pendant,brown,several,woods
edible,convex,fibrous,red,yes,none,broad,white,tapering,one,pendant,brown,several,woods
edible,convex,scaly,brown,yes,none,broad,white,tapering,one,pendant,brown,solitary,woods
edible,flat,fibrous,white,no,none,broad,chocolate,tapering,one,evanescent,brown,scattered,grasses
edible,convex,scaly,brown,yes,none,broad,pink,tapering,one,pendant,black,solitary,woods
edible,convex,smooth,gray,no,none,broad,brown,tapering,one,evanescent,black,scattered,grasses
edible,convex,fibrous,gray,no,none,broad,chocolate,tapering,one,evanescent,black,abundant,grasses
edible,flat,fibrous,white,no,none,broad,pink,tapering,one,evanescent,brown,abundant,grasses
edible,convex,scaly,gray,yes,none,broad,pink,tapering,one,pendant,black,several,woods
poisonous,flat,scaly,brown,yes,pungent,narrow,black,enlarging,one,pendant,brown,scattered,urban
edible,convex,scaly,red,yes,none,broad,pink,tapering,one,pendant,black,several,woods
edible,flat,fibrous,white,no,none,broad,pink,tapering,one,evanescent,black,scattered,grasses
edible,flat,smooth,gray,no,none,broad,chocolate,tapering,one,evanescent,brown,abundant,grasses
edible,convex,scaly,gray,yes,none,broad,white,tapering,one,pendant,brown,several,woods
edible,flat,fibrous,gray,yes,none,broad,pink,tapering,one,pendant,black,several,woods
edible,convex,fibrous,brown,yes,none,broad,white,tapering,one,pendant,black,several,woods
edible,flat,fibrous,red,yes,none,broad,brown,tapering,one,pendant,black,several,woods
edible,convex,smooth,white,no,none,broad,chocolate,tapering,one,evanescent,brown,abundant,grasses
edible,convex,fibrous,red,yes,none,broad,white,tapering,one,pendant,brown,several,woods
edible,convex,fibrous,brown,yes,none,broad,pink,tapering,one,pendant,black,several,woods
edible,convex,fibrous,gray,yes,none,broad,purple,tapering,one,pendant,black,solitary,woods
edible,convex,fibrous,brown,yes,none,broad,brown,tapering,one,pendant,brown,solitary,woods
edible,convex,fibrous,yellow,yes,almond,narrow,white,tapering,one,pendant,brown,several,woods
edible,convex,fibrous,red,yes,none,broad,white,tapering,one,pendant,brown,several,woods
poisonous,flat,smooth,white,yes,pungent,narrow,white,enlarging,one,pendant,brown,several,grasses
edible,convex,smooth,white,no,none,broad,chocolate,tapering,one,evanescent,black,scattered,grasses
edible,convex,fibrous,red,yes,none,broad,purple,tapering,one,pendant,brown,solitary,woods
edible,convex,scaly,brown,yes,none,broad,white,tapering,one,pendant,black,several,woods
edible,convex,fibrous,white,no,none,broad,chocolate,tapering,one,evanescent,black,abundant,grasses
edible,convex,fibrous,gray,yes,none,broad,white,tapering,one,pendant,brown,solitary,woods
edible,convex,smooth,gray,no,none,broad,brown,tapering,one,evanescent,brown,scattered,grasses
edible,convex,scaly,red,yes,none,broad,white,tapering,one,pendant,brown,solitary,woods
edible,convex,scaly,brown,yes,none,broad,purple,tapering,one,pendant,brown,several,woods
edible,convex,smooth,white,no,none,broad,pink,tapering,one,evanescent,black,abundant,grasses
edible,convex,smooth,brown,no,none,broad,brown,tapering,one,evanescent,black,abundant,grasses
edible,convex,smooth,white,no,none,broad,brown,tapering,one,evanescent,black,scattered,grasses
edible,convex,smooth,brown,no,none,broad,brown,tapering,one,evanescent,black,scattered,grasses
edible,flat,fibrous,red,yes,none,broad,brown,tapering,one,pendant,brown,solitary,woods
edible,flat,fibrous,white,no,none,broad,brown,tapering,one,evanescent,black,abundant,grasses
edible,flat,fibrous,gray,no,none,broad,black,tapering,one,evanescent,black,abundant,grasses
edible,convex,scaly,red,yes,none,broad,white,tapering,one,pendant,brown,several,woods
edible,convex,fibrous,red,yes,none,broad,pink,tapering,one,pendant,brown,solitary,woods
edible,convex,scaly,gray,yes,none,broad,purple,tapering,one,pendant,brown,several,woods
edible,convex,fibrous,red,yes,none,broad,pink,tapering,one,pendant,black,solitary,woods
edible,flat,smooth,brown,no,none,broad,chocolate,tapering,one,evanescent,brown,scattered,grasses
edible,convex,smooth,white,no,none,broad,brown,tapering,one,evanescent,black,abundant,grasses
edible,convex,smooth,white,no,none,broad,chocolate,tapering,one,evanescent,black,abundant,grasses
edible,convex,fibrous,white,no,none,broad,black,tapering,one,evanescent,brown,abundant,grasses
edible,convex,fibrous,red,yes,none,broad,purple,tapering,one,pendant,brown,several,woods
edible,convex,fibrous,brown,yes,none,broad,purple,tapering,one,pendant,brown,solitary,woods
edible,flat,fibrous,brown,yes,none,broad,white,tapering,one,pendant,black,several,woods
edible,flat,fibrous,white,yes,anise,narrow,pink,tapering,one,pendant,brown,several,woods
edible,flat,fibrous,white,no,none,broad,black,tapering,one,evanescent,black,abundant,grasses
poisonous,flat,scaly,white,yes,pungent,narrow,brown,enlarging,one,pendant,black,scattered,grasses
edible,flat,fibrous,gray,yes,none,broad,brown,tapering,one,pendant,black,several,woods
edible,convex,fibrous,brown,yes,none,broad,white,tapering,one,pendant,brown,several,woods
edible,convex,smooth,white,no,none,broad,black,tapering,one,evanescent,brown,abundant,grasses
edible,convex,fibrous,white,no,none,broad,chocolate,tapering,one,evanescent,brown,abundant,grasses
edible,convex,smooth,brown,no,none,broad,chocolate,tapering,one,evanescent,brown,abundant,grasses
edible,convex,fibrous,brown,no,none,broad,brown,tapering,one,evanescent,brown,abundant,grasses
edible,convex,smooth,gray,no,none,broad,chocolate,tapering,one,evanescent,brown,abundant,grasses
edible,convex,scaly,brown,yes,none,broad,white,tapering,one,pendant,brown,several,woods
edible,convex,fibrous,brown,yes,none,broad,purple,tapering,one,pendant,brown,solitary,woods
edible,flat,smooth,gray,no,none,broad,black,tapering,one,evanescent,brown,scattered,grasses
edible,flat,smooth,brown,no,none,broad,brown,tapering,one,evanescent,black,abundant,grasses
edible,convex,smooth,gray,no,none,broad,pink,tapering,one,evanescent,brown,scattered,grasses
edible,flat,fibrous,gray,yes,none,broad,brown,tapering,one,pendant,black,solitary,woods
edible,convex,smooth,white,no,none,broad,chocolate,tapering,one,evanescent,brown,abundant,grasses
edible,flat,fibrous,brown,no,none,broad,black,tapering,one,evanescent,brown,abundant,grasses
edible,flat,smooth,white,no,none,broad,chocolate,tapering,one,evanescent,black,scattered,grasses
edible,convex,fibrous,gray,no,none,broad,black,tapering,one,evanescent,brown,scattered,grasses
edible,flat,fibrous,brown,no,none,broad,black,tapering,one,evanescent,brown,abundant,grasses
edible,flat,fibrous,brown,no,none,broad,pink,tapering,one,evanescent,black,abundant,grasses
edible,convex,fibrous,brown,yes,none,broad,white,tapering,one,pendant,brown,several,woods
edible,flat,smooth,gray,no,none,broad,chocolate,tapering,one,evanescent,black,abundant,grasses
edible,flat,smooth,white,no,none,broad,brown,tapering,one,evanescent,brown,scattered,grasses
edible,convex,scaly,red,yes,none,broad,pink,tapering,one,pendant,black,several,woods
edible,convex,scaly,gray,yes,none,broad,purple,tapering,one,pendant,black,several,woods
edible,convex,scaly,red,yes,none,broad,brown,tapering,one,pendant,black,several,woods
edible,convex,fibrous,gray,no,none,broad,chocolate,tapering,one,evanescent,black,scattered,grasses
edible,flat,fibrous,gray,no,none,broad,pink,tapering,one,evanescent,brown,abundant,grasses
edible,flat,scaly,yellow,yes,anise,broad,pink,enlarging,one,pendant,brown,solitary,grasses
poisonous,flat,scaly,white,yes,pungent,narrow,white,enlarging,one,pendant,black,several,urban
edible,flat,smooth,brown,no,none,broad,chocolate,tapering,one,evanescent,black,abundant,grasses
edible,flat,fibrous,brown,no,none,broad,black,tapering,one,evanescent,black,scattered,grasses
edible,flat,fibrous,brown,yes,none,broad,pink,tapering,one,pendant,black,several,woods
edible,convex,fibrous,red,yes,none,broad,purple,tapering,one,pendant,black,solitary,woods
edible,flat,fibrous,gray,no,none,broad,pink,tapering,one,evanescent,brown,abundant,grasses
edible,convex,fibrous,brown,no,none,broad,brown,tapering,one,evanescent,black,scattered,grasses
edible,convex,fibrous,gray,no,none,broad,chocolate,tapering,one,evanescent,brown,scattered,grasses
edible,convex,scaly,red,yes,none,broad,white,tapering,one,pendant,brown,several,woods
edible,flat,fibrous,brown,yes,none,broad,white,tapering,one,pendant,black,several,woods
edible,convex,fibrous,brown,no,none,broad,pink,tapering,one,evanescent,black,scattered,grasses
edible,convex,fibrous,brown,no,none,broad,pink,tapering,one,evanescent,black,abundant,grasses
edible,flat,smooth,white,no,none,broad,chocolate,tapering,one,evanescent,black,scattered,grasses
edible,flat,smooth,gray,no,none,broad,pink,tapering,one,evanescent,black,scattered,grasses
poisonous,flat,scaly,white,yes,pungent,narrow,white,enlarging,one,pendant,black,scattered,urban
edible,bell,smooth,white,yes,almond,broad,black,enlarging,one,pendant,brown,scattered,grasses
edible,convex,fibrous,brown,yes,none,broad,white,tapering,one,pendant,brown,several,woods
edible,flat,fibrous,gray,no,none,broad,black,tapering,one,evanescent,black,abundant,grasses
edible,convex,fibrous,brown,no,none,broad,black,tapering,one,evanescent,brown,scattered,grasses
edible,convex,smooth,brown,no,none,broad,black,tapering,one,evanescent,brown,scattered,grasses
edible,flat,smooth,white,yes,anise,narrow,brown,tapering,one,pendant,purple,several,woods
edible,convex,fibrous,white,no,none,broad,chocolate,tapering,one,evanescent,brown,abundant,grasses
edible,convex,smooth,white,no,none,broad,chocolate,tapering,one,evanescent,black,abundant,grasses
edible,convex,smooth,gray,no,none,broad,black,tapering,one,evanescent,black,scattered,grasses
edible,convex,scaly,red,yes,none,broad,pink,tapering,one,pendant,black,several,woods
edible,flat,fibrous,brown,yes,none,broad,brown,tapering,one,pendant,black,several,woods
edible,convex,fibrous,brown,yes,none,broad,brown,tapering,one,pendant,black,several,woods
edible,flat,fibrous,white,no,none,broad,black,tapering,one,evanescent,black,scattered,grasses
edible,flat,smooth,brown,no,none,broad,brown,tapering,one,evanescent,brown,scattered,grasses
poisonous,flat,smooth,white,yes,pungent,narrow,black,enlarging,one,pendant,brown,several,urban
edible,flat,fibrous,brown,no,none,broad,pink,tapering,one,evanescent,brown,scattered,grasses
edible,convex,scaly,gray,yes,none,broad,white,tapering,one,pendant,brown,solitary,woods
edible,convex,scaly,gray,yes,none,broad,brown,tapering,one,pendant,brown,several,woods
edible,convex,fibrous,gray,no,none,broad,pink,tapering,one,evanescent,brown,abundant,grasses
edible,convex,fibrous,gray,yes,none,broad,white,tapering,one,pendant,brown,several,woods
edible,convex,scaly,red,yes,none,broad,purple,tapering,one,pendant,brown,several,woods
edible,convex,fibrous,gray,yes,none,broad,pink,tapering,one,pendant,black,solitary,woods
edible,convex,fibrous,gray,yes,none,broad,purple,tapering,one,pendant,brown,several,woods
edible,convex,fibrous,brown,yes,none,broad,pink,tapering,one,pendant,black,several,woods
poisonous,convex,smooth,white,yes,pungent,narrow,pink,enlarging,one,pendant,black,several,grasses
edible,convex,fibrous,brown,no,none,broad,black,tapering,one,evanescent,black,scattered,grasses
edible,convex,scaly,brown,yes,none,broad,white,tapering,one,pendant,brown,several,woods
edible,convex,fibrous,gray,yes,none,broad,pink,tapering,one,pendant,brown,solitary,woods
poisonous,flat,scaly,brown,yes,pungent,narrow,white,enlarging,one,pendant,brown,scattered,grasses
edible,convex,fibrous,gray,yes,none,broad,purple,tapering,one,pendant,black,solitary,woods
edible,convex,fibrous,gray,no,none,broad,chocolate,tapering,one,evanescent,black,scattered,grasses
edible,convex,fibrous,red,yes,none,broad,purple,tapering,one,pendant,black,several,woods
edible,flat,fibrous,brown,no,none,broad,black,tapering,one,evanescent,brown,scattered,grasses
edible,flat,smooth,white,no,none,broad,chocolate,tapering,one,evanescent,brown,abundant,grasses
edible,flat,smooth,brown,no,none,broad,pink,tapering,one,evanescent,black,scattered,grasses
edible,convex,scaly,red,yes,none,broad,white,tapering,one,pendant,brown,several,woods
edible,flat,smooth,brown,no,none,broad,black,tapering,one,evanescent,black,scattered,grasses
edible,flat,fibrous,brown,yes,none,broad,brown,tapering,one,pendant,brown,several,woods
edible,flat,smooth,white,no,none,broad,chocolate,tapering,one,evanescent,black,scattered,grasses
edible,convex,fibrous,brown,no,none,broad,black,tapering,one,evanescent,black,abundant,grasses
edible,flat,fibrous,brown,no,none,broad,chocolate,tapering,one,evanescent,brown,scattered,grasses
poisonous,convex,smooth,brown,yes,pungent,narrow,white,enlarging,one,pendant,black,several,urban
edible,convex,fibrous,brown,yes,none,broad,pink,tapering,one,pendant,black,solitary,woods
edible,flat,smooth,brown,no,none,broad,black,tapering,one,evanescent,brown,scattered,grasses
poisonous,flat,scaly,white,yes,pungent,narrow,brown,enlarging,one,pendant,brown,scattered,grasses
edible,convex,fibrous,brown,yes,none,broad,brown,tapering,one,pendant,brown,several,woods
edible,convex,fibrous,gray,yes,none,broad,purple,tapering,one,pendant,brown,solitary,woods
edible,flat,fibrous,brown,no,none,broad,pink,tapering,one,evanescent,brown,abundant,grasses
edible,convex,fibrous,red,yes,none,broad,pink,tapering,one,pendant,black,several,woods
edible,flat,fibrous,white,no,none,broad,pink,tapering,one,evanescent,brown,scattered,grasses
edible,convex,fibrous,white,no,none,broad,chocolate,tapering,one,evanescent,black,scattered,grasses
edible,convex,scaly,white,yes,anise,broad,black,enlarging,one,pendant,black,numerous,meadows
edible,convex,smooth,white,no,none,broad,pink,tapering,one,evanescent,brown,scattered,grasses
edible,convex,scaly,gray,yes,none,broad,purple,tapering,one,pendant,brown,several,woods
edible,convex,fibrous,gray,yes,none,broad,brown,tapering,one,pendant,black,solitary,woods
edible,convex,smooth,gray,no,none,broad,brown,tapering,one,evanescent,brown,abundant,grasses
poisonous,flat,scaly,white,yes,pungent,narrow,brown,enlarging,one,pendant,brown,scattered,urban
edible,convex,fibrous,red,yes,none,broad,white,tapering,one,pendant,brown,several,woods
poisonous,flat,smooth,brown,yes,pungent,narrow,brown,enlarging,one,pendant,black,scattered,urban
poisonous,flat,scaly,brown,yes,pungent,narrow,white,enlarging,one,pendant,brown,several,grasses
edible,convex,fibrous,gray,yes,none,broad,pink,tapering,one,pendant,brown,several,woods
edible,flat,smooth,brown,no,none,broad,chocolate,tapering,one,evanescent,brown,abundant,grasses
edible,convex,fibrous,gray,yes,none,broad,pink,tapering,one,pendant,brown,solitary,woods
edible,convex,fibrous,brown,no,none,broad,chocolate,tapering,one,evanescent,black,abundant,grasses
edible,convex,fibrous,brown,yes,none,broad,white,tapering,one,pendant,brown,solitary,woods
edible,flat,smooth,brown,no,none,broad,pink,tapering,one,evanescent,brown,scattered,grasses
edible,flat,fibrous,brown,no,none,broad,pink,tapering,one,evanescent,black,abundant,grasses
edible,convex,smooth,brown,no,none,broad,black,tapering,one,evanescent,black,abundant,grasses
edible,convex,smooth,brown,no,none,broad,black,tapering,one,evanescent,black,scattered,grasses
edible,convex,fibrous,brown,yes,none,broad,white,tapering,one,pendant,brown,several,woods
edible,convex,scaly,red,yes,none,broad,purple,tapering,one,pendant,brown,several,woods
edible,flat,smooth,brown,no,none,broad,black,tapering,one,evanescent,black,abundant,grasses
edible,convex,fibrous,brown,yes,none,broad,white,tapering,one,pendant,black,solitary,woods
poisonous,flat,scaly,white,yes,pungent,narrow,white,enlarging,one,pendant,brown,several,urban
edible,convex,scaly,yellow,yes,anise,broad,brown,enlarging,one,pendant,brown,scattered,grasses
poisonous,flat,smooth,brown,yes,pungent,narrow,pink,enlarging,one,pendant,black,scattered,grasses
edible,flat,fibrous,white,no,none,broad,chocolate,tapering,one,evanescent,brown,scattered,grasses
edible,flat,fibrous,brown,no,none,broad,brown,tapering,one,evanescent,black,abundant,grasses
poisonous,flat,smooth,brown,yes,pungent,narrow,white,enlarging,one,pendant,brown,several,grasses
edible,convex,smooth,brown,no,none,broad,black,tapering,one,evanescent,brown,abundant,grasses
edible,convex,fibrous,brown,no,none,broad,brown,tapering,one,evanescent,black,scattered,grasses
edible,convex,fibrous,red,yes,none,broad,purple,tapering,one,pendant,black,several,woods
edible,flat,fibrous,brown,no,none,broad,black,tapering,one,evanescent,black,abundant,grasses
edible,convex,fibrous,white,no,none,broad,black,tapering,one,evanescent,brown,scattered,grasses
edible,flat,smooth,gray,no,none,broad,pink,tapering,one,evanescent,brown,abundant,grasses
edible,flat,fibrous,white,no,none,broad,chocolate,tapering,one,evanescent,black,scattered,grasses
edible,flat,smooth,yellow,yes,almond,narrow,brown,tapering,one,pendant,brown,several,woods
edible,flat,fibrous,white,yes,almond,narrow,brown,tapering,one,pendant,brown,several,woods
edible,flat,fibrous,brown,no,none,broad,pink,tapering,one,evanescent,brown,abundant,grasses
edible,convex,fibrous,brown,yes,none,broad,purple,tapering,one,pendant,brown,solitary,woods
edible,convex,scaly,gray,yes,none,broad,brown,tapering,one,pendant,black,solitary,woods
edible,convex,fibrous,brown,yes,none,broad,purple,tapering,one,pendant,brown,solitary,woods
edible,convex,fibrous,brown,no,none,broad,black,tapering,one,evanescent,black,scattered,grasses
edible,convex,fibrous,gray,yes,none,broad,purple,tapering,one,pendant,brown,solitary,woods
edible,convex,fibrous,brown,yes,none,broad,brown,tapering,one,pendant,black,several,woods
edible,convex,fibrous,gray,no,none,broad,pink,tapering,one,evanescent,black,abundant,grasses
edible,convex,fibrous,brown,yes,none,broad,brown,tapering,one,pendant,brown,several,woods
edible,convex,smooth,brown,no,none,broad,chocolate,tapering,one,evanescent,black,abundant,grasses
edible,bell,scaly,white,yes,anise,broad,black,enlarging,one,pendant,black,scattered,meadows
edible,convex,scaly,red,yes,none,broad,purple,tapering,one,pendant,black,several,woods
edible,flat,smooth,brown,no,none,broad,chocolate,tapering,one,evanescent,brown,scattered,grasses
edible,convex,fibrous,red,yes,none,broad,white,tapering,one,pendant,black,solitary,woods
edible,flat,scaly,brown,yes,none,broad,pink,tapering,one,pendant,black,solitary,woods
edible,convex,scaly,gray,yes,none,broad,purple,tapering,one,pendant,black,several,woods
edible,convex,smooth,gray,no,none,broad,pink,tapering,one,evanescent,brown,abundant,grasses
edible,convex,smooth,brown,no,none,broad,black,tapering,one,evanescent,black,scattered,grasses
edible,convex,fibrous,gray,no,none,broad,pink,tapering,one,evanescent,brown,abundant,grasses
edible,convex,smooth,gray,no,none,broad,brown,tapering,one,evanescent,black,abundant,grasses
edible,convex,scaly,red,yes,none,broad,white,tapering,one,pendant,black,solitary,woods
edible,flat,fibrous,gray,yes,none,broad,white,tapering,one,pendant,brown,solitary,woods
edible,flat,fibrous,brown,yes,none,broad,brown,tapering,one,pendant,black,solitary,woods
edible,convex,fibrous,brown,no,none,broad,black,tapering,one,evanescent,brown,scattered,grasses
edible,flat,smooth,brown,no,none,broad,brown,tapering,one,evanescent,brown,scattered,grasses
edible,convex,fibrous,white,no,none,broad,brown,tapering,one,evanescent,black,scattered,grasses
edible,convex,scaly,yellow,yes,almond,broad,pink,enlarging,one,pendant,brown,scattered,paths
edible,convex,fibrous,red,yes,none,broad,purple,tapering,one,pendant,brown,several,woods
edible,convex,fibrous,brown,no,none,broad,chocolate,tapering,one,evanescent,black,scattered,grasses
edible,convex,scaly,brown,yes,none,broad,pink,tapering,one,pendant,black,several,woods
edible,flat,fibrous,gray,yes,none,broad,brown,tapering,one,pendant,brown,solitary,woods
edible,convex,fibrous,white,no,none,broad,black,tapering,one,evanescent,brown,abundant,grasses
edible,convex,scaly,white,yes,almond,broad,black,enlarging,one,pendant,black,scattered,meadows
edible,convex,smooth,brown,no,none,broad,pink,tapering,one,evanescent,brown,scattered,grasses
edible,flat,smooth,white,no,none,broad,pink,tapering,one,evanescent,brown,abundant,grasses
edible,flat,fibrous,brown,yes,none,broad,purple,tapering,one,pendant,brown,several,woods
edible,flat,fibrous,white,no,none,broad,black,tapering,one,evanescent,black,scattered,grasses
edible,convex,fibrous,gray,yes,none,broad,purple,tapering,one,pendant,brown,several,woods
edible,convex,fibrous,brown,yes,none,broad,pink,tapering,one,pendant,brown,solitary,woods
edible,convex,fibrous,white,no,none,broad,pink,tapering,one,evanescent,brown,abundant,grasses
edible,convex,smooth,white,yes,almond,broad,brown,enlarging,one,pendant,black,numerous,meadows
edible,flat,smooth,gray,no,none,broad,brown,tapering,one,evanescent,brown,scattered,grasses
poisonous,flat,scaly,brown,yes,pungent,narrow,brown,enlarging,one,pendant,brown,several,grasses
edible,flat,fibrous,gray,no,none,broad,pink,tapering,one,evanescent,brown,scattered,grasses
edible,convex,fibrous,brown,yes,none,broad,brown,tapering,one,pendant,brown,several,woods
edible,convex,fibrous,white,no,none,broad,brown,tapering,one,evanescent,brown,scattered,grasses
edible,convex,scaly,brown,yes,none,broad,purple,tapering,one,pendant,black,several,woods
edible,convex,scaly,red,yes,none,broad,pink,tapering,one,pendant,brown,several,woods
poisonous,flat,smooth,brown,yes,pungent,narrow,brown,enlarging,one,pendant,black,several,urban
edible,flat,smooth,gray,no,none,broad,pink,tapering,one,evanescent,brown,abundant,grasses
edible,convex,fibrous,gray,yes,none,broad,brown,tapering,one,pendant,black,solitary,woods
edible,flat,fibrous,gray,yes,none,broad,brown,tapering,one,pendant,black,solitary,woods
edible,convex,fibrous,gray,yes,none,broad,brown,tapering,one,pendant,black,several,woods
edible,convex,fibrous,gray,yes,none,broad,white,tapering,one,pendant,brown,solitary,woods
edible,convex,fibrous,brown,yes,none,broad,purple,tapering,one,pendant,black,solitary,woods
poisonous,convex,smooth,white,yes,pungent,narrow,pink,enlarging,one,pendant,brown,several,urban
edible,convex,smooth,yellow,yes,anise,broad,black,enlarging,one,pendant,black,numerous,meadows
edible,convex,fibrous,brown,yes,none,broad,brown,tapering,one,pendant,brown,several,woods
edible,flat,scaly,brown,yes,none,broad,white,tapering,one,pendant,brown,solitary,woods
edible,convex,smooth,gray,no,none,broad,brown,tapering,one,evanescent,brown,scattered,grasses
edible,convex,scaly,red,yes,none,broad,purple,tapering,one,pendant,brown,solitary,woods
edible,convex,fibrous,gray,no,none,broad,black,tapering,one,evanescent,brown,scattered,grasses
edible,flat,smooth,white,no,none,broad,pink,tapering,one,evanescent,brown,scattered,grasses
edible,convex,fibrous,brown,yes,none,broad,brown,tapering,one,pendant,brown,several,woods
edible,flat,fibrous,brown,yes,none,broad,purple,tapering,one,pendant,brown,several,woods
edible,flat,fibrous,gray,no,none,broad,brown,tapering,one,evanescent,black,scattered,grasses
edible,flat,fibrous,gray,no,none,broad,brown,tapering,one,evanescent,black,scattered,grasses
edible,flat,fibrous,brown,no,none,broad,chocolate,tapering,one,evanescent,brown,scattered,grasses
edible,convex,fibrous,gray,yes,none,broad,pink,tapering,one,pendant,black,solitary,woods
edible,convex,fibrous,red,yes,none,broad,brown,tapering,one,pendant,brown,solitary,woods
poisonous,flat,scaly,brown,yes,pungent,narrow,pink,enlarging,one,pendant,black,scattered,urban
edible,convex,scaly,gray,yes,none,broad,pink,tapering,one,pendant,black,several,woods
edible,convex,smooth,white,no,none,broad,black,tapering,one,evanescent,brown,abundant,grasses
edible,bell,smooth,white,yes,almond,broad,gray,enlarging,one,pendant,brown,scattered,meadows
edible,convex,smooth,white,no,none,broad,chocolate,tapering,one,evanescent,brown,scattered,grasses
edible,flat,fibrous,brown,no,none,broad,black,tapering,one,evanescent,black,scattered,grasses
edible,convex,scaly,gray,yes,none,broad,pink,tapering,one,pendant,black,solitary,woods
edible,flat,fibrous,gray,yes,none,broad,brown,tapering,one,pendant,brown,several,woods
edible,convex,fibrous,gray,no,none,broad,pink,tapering,one,evanescent,black,scattered,grasses
poisonous,convex,smooth,white,yes,pungent,narrow,brown,enlarging,one,pendant,black,scattered,grasses
edible,convex,smooth,brown,no,none,broad,black,tapering,one,evanescent,brown,abundant,grasses
edible,convex,scaly,gray,yes,none,broad,pink,tapering,one,pendant,black,solitary,woods
edible,flat,fibrous,gray,yes,none,broad,pink,tapering,one,pendant,brown,several,woods
edible,convex,scaly,brown,yes,none,broad,white,tapering,one,pendant,brown,several,woods
edible,convex,fibrous,red,yes,none,broad,pink,tapering,one,pendant,brown,solitary,woods
edible,flat,fibrous,brown,yes,none,broad,white,tapering,one,pendant,brown,solitary,woods
edible,convex,fibrous,red,yes,none,broad,purple,tapering,one,pendant,black,solitary,woods
edible,flat,fibrous,brown,yes,none,broad,pink,tapering,one,pendant,brown,several,woods
edible,convex,scaly,red,yes,none,broad,purple,tapering,one,pendant,black,solitary,woods
edible,convex,fibrous,gray,yes,none,broad,white,tapering,one,pendant,black,several,woods
edible,flat,fibrous,gray,yes,none,broad,pink,tapering,one,pendant,black,several,woods
edible,convex,fibrous,red,yes,none,broad,white,tapering,one,pendant,black,several,woods
edible,convex,scaly,red,yes,none,broad,purple,tapering,one,pendant,brown,several,woods
poisonous,convex,smooth,white,yes,pungent,narrow,white,enlarging,one,pendant,brown,several,grasses
edible,convex,fibrous,red,yes,none,broad,brown,tapering,one,pendant,brown,several,woods
edible,convex,scaly,gray,yes,none,broad,pink,tapering,one,pendant,black,several,woods
edible,convex,fibrous,brown,yes,none,broad,pink,tapering,one,pendant,brown,solitary,woods
edible,convex,scaly,red,yes,none,broad,white,tapering,one,pendant,black,solitary,woods
edible,convex,scaly,gray,yes,none,broad,brown,tapering,one,pendant,black,several,woods
edible,convex,fibrous,gray,yes,none,broad,brown,tapering,one,pendant,black,several,woods
edible,convex,scaly,gray,yes,none,broad,purple,tapering,one,pendant,black,several,woods
edible,convex,fibrous,red,yes,none,broad,pink,tapering,one,pendant,brown,solitary,woods
edible,flat,scaly,red,yes,none,broad,brown,tapering,one,pendant,brown,solitary,woods
edible,flat,fibrous,brown,yes,none,broad,pink,tapering,one,pendant,black,several,woods
edible,convex,fibrous,brown,yes,none,broad,purple,tapering,one,pendant,black,several,woods
edible,flat,scaly,gray,yes,none,broad,white,tapering,one,pendant,black,several,woods
edible,convex,scaly,red,yes,none,broad,purple,tapering,one,pendant,brown,several,woods
edible,convex,fibrous,gray,yes,none,broad,pink,tapering,one,pendant,brown,solitary,woods
edible,convex,scaly,gray,yes,none,broad,brown,tapering,one,pendant,black,several,woods
poisonous,convex,fibrous,gray,no,foul,broad,pink,enlarging,one,large,chocolate,solitary,grasses
poisonous,flat,smooth,white,yes,pungent,narrow,pink,enlarging,one,pendant,black,scattered,grasses
edible,convex,fibrous,red,yes,none,broad,brown,tapering,one,pendant,black,several,woods
edible,convex,fibrous,white,no,none,broad,chocolate,tapering,one,evanescent,brown,scattered,grasses
edible,convex,scaly,brown,yes,none,broad,purple,tapering,one,pendant,brown,several,woods
edible,flat,fibrous,brown,yes,none,broad,brown,tapering,one,pendant,brown,solitary,woods
edible,convex,fibrous,brown,yes,none,broad,white,tapering,one,pendant,brown,several,woods
edible,convex,scaly,gray,yes,none,broad,purple,tapering,one,pendant,brown,solitary,woods
edible,convex,scaly,gray,yes,none,broad,white,tapering,one,pendant,brown,several,woods
edible,convex,fibrous,red,yes,none,broad,purple,tapering,one,pendant,black,several,woods
edible,convex,scaly,brown,yes,none,broad,brown,tapering,one,pendant,brown,solitary,woods
edible,convex,fibrous,gray,yes,none,broad,white,tapering,one,pendant,black,solitary,woods
edible,convex,fibrous,red,yes,none,broad,white,tapering,one,pendant,black,several,woods
edible,convex,scaly,red,yes,none,broad,purple,tapering,one,pendant,black,several,woods
edible,convex,scaly,brown,yes,none,broad,pink,tapering,one,pendant,brown,solitary,woods
edible,convex,scaly,red,yes,none,broad,brown,tapering,one,pendant,black,solitary,woods
edible,flat,scaly,brown,yes,none,broad,pink,tapering,one,pendant,brown,several,woods
edible,flat,scaly,brown,yes,none,broad,brown,tapering,one,pendant,black,several,woods
edible,convex,scaly,brown,yes,none,broad,brown,tapering,one,pendant,brown,several,woods
poisonous,flat,smooth,brown,yes,pungent,narrow,brown,enlarging,one,pendant,brown,several,urban
edible,flat,fibrous,red,yes,none,broad,purple,tapering,one,pendant,brown,solitary,woods
poisonous,convex,smooth,white,yes,pungent,narrow,white,enlarging,one,pendant,black,scattered,grasses
edible,convex,fibrous,red,yes,none,broad,purple,tapering,one,pendant,black,solitary,woods
edible,flat,fibrous,brown,yes,none,broad,pink,tapering,one,pendant,black,solitary,woods
edible,convex,scaly,brown,yes,none,broad,purple,tapering,one,pendant,brown,several,woods
edible,flat,fibrous,red,yes,none,broad,pink,tapering,one,pendant,brown,several,woods
edible,convex,fibrous,red,yes,none,broad,brown,tapering,one,pendant,brown,solitary,woods
edible,convex,fibrous,gray,yes,none,broad,pink,tapering,one,pendant,brown,several,woods
edible,convex,scaly,brown,yes,none,broad,brown,tapering,one,pendant,brown,solitary,woods
edible,flat,fibrous,brown,yes,none,broad,purple,tapering,one,pendant,brown,several,woods
edible,flat,fibrous,brown,yes,none,broad,white,tapering,one,pendant,brown,solitary,woods
edible,convex,fibrous,red,yes,none,broad,purple,tapering,one,pendant,black,several,woods
edible,convex,fibrous,brown,yes,none,broad,purple,tapering,one,pendant,black,solitary,woods
edible,convex,fibrous,red,yes,none,broad,pink,tapering,one,pendant,brown,solitary,woods
edible,flat,fibrous,gray,yes,none,broad,pink,tapering,one,pendant,black,several,woods
edible,convex,scaly,brown,yes,none,broad,purple,tapering,one,pendant,black,solitary,woods
edible,flat,fibrous,brown,yes,none,broad,purple,tapering,one,pendant,brown,solitary,woods
edible,convex,fibrous,red,yes,none,broad,brown,tapering,one,pendant,brown,solitary,woods
edible,convex,scaly,red,yes,none,broad,white,tapering,one,pendant,brown,solitary,woods
edible,convex,fibrous,gray,yes,none,broad,pink,tapering,one,pendant,black,solitary,woods
edible,convex,scaly,gray,yes,none,broad,brown,tapering,one,pendant,black,solitary,woods
edible,convex,scaly,red,yes,none,broad,pink,tapering,one,pendant,brown,several,woods
edible,convex,scaly,gray,yes,none,broad,pink,tapering,one,pendant,black,several,woods
edible,convex,fibrous,gray,yes,none,broad,brown,tapering,one,pendant,brown,several,woods
edible,flat,fibrous,gray,yes,none,broad,brown,tapering,one,pendant,brown,several,woods
edible,convex,scaly,gray,yes,none,broad,brown,tapering,one,pendant,black,several,woods
edible,convex,scaly,red,yes,none,broad,brown,tapering,one,pendant,brown,solitary,woods
edible,flat,fibrous,brown,yes,none,broad,pink,tapering,one,pendant,black,several,woods
edible,flat,fibrous,brown,yes,none,broad,white,tapering,one,pendant,black,solitary,woods
edible,convex,scaly,red,yes,none,broad,pink,tapering,one,pendant,brown,several,woods
poisonous,convex,fibrous,gray,no,foul,broad,pink,enlarging,one,large,chocolate,solitary,woods
edible,convex,scaly,gray,yes,none,broad,purple,tapering,one,pendant,black,solitary,woods
edible,convex,fibrous,red,yes,none,broad,white,tapering,one,pendant,brown,solitary,woods
edible,convex,scaly,brown,yes,none,broad,purple,tapering,one,pendant,brown,several,woods
edible,flat,fibrous,brown,yes,none,broad,pink,tapering,one,pendant,brown,solitary,woods
edible,convex,scaly,red,yes,none,broad,white,tapering,one,pendant,black,several,woods
edible,flat,fibrous,brown,yes,none,broad,pink,tapering,one,pendant,black,several,woods
edible,flat,scaly,brown,yes,none,broad,pink,tapering,one,pendant,black,solitary,woods
edible,flat,fibrous,gray,yes,none,broad,pink,tapering,one,pendant,black,solitary,woods
edible,convex,fibrous,red,yes,none,broad,brown,tapering,one,pendant,black,solitary,woods
edible,convex,fibrous,gray,yes,none,broad,white,tapering,one,pendant,black,several,woods
edible,convex,fibrous,gray,yes,none,broad,purple,tapering,one,pendant,brown,several,woods
edible,convex,fibrous,brown,yes,none,broad,purple,tapering,one,pendant,black,several,woods
edible,convex,fibrous,gray,yes,none,broad,white,tapering,one,pendant,black,solitary,woods
edible,convex,smooth,gray,no,none,broad,black,tapering,one,evanescent,brown,scattered,grasses
edible,convex,scaly,red,yes,none,broad,purple,tapering,one,pendant,black,solitary,woods
edible,flat,fibrous,gray,yes,none,broad,pink,tapering,one,pendant,black,solitary,woods
edible,convex,scaly,red,yes,none,broad,brown,tapering,one,pendant,brown,several,woods
edible,flat,fibrous,gray,yes,none,broad,brown,tapering,one,pendant,black,several,woods
edible,convex,fibrous,gray,yes,none,broad,purple,tapering,one,pendant,black,solitary,woods
edible,convex,fibrous,gray,yes,none,broad,brown,tapering,one,pendant,brown,several,woods
edible,flat,fibrous,gray,yes,none,broad,pink,tapering,one,pendant,brown,solitary,woods
edible,convex,smooth,white,no,none,broad,pink,tapering,one,evanescent,brown,abundant,grasses
edible,convex,fibrous,brown,yes,none,broad,white,tapering,one,pendant,brown,solitary,woods
edible,flat,fibrous,brown,yes,none,broad,white,tapering,one,pendant,black,several,woods
edible,flat,fibrous,gray,yes,none,broad,pink,tapering,one,pendant,black,solitary,woods
edible,convex,scaly,gray,yes,none,broad,white,tapering,one,pendant,black,solitary,woods
edible,convex,fibrous,red,yes,none,broad,purple,tapering,one,pendant,brown,several,woods
edible,convex,scaly,red,yes,none,broad,purple,tapering,one,pendant,black,several,woods
edible,convex,fibrous,brown,yes,none,broad,white,tapering,one,pendant,black,solitary,woods
edible,flat,scaly,gray,yes,none,broad,white,tapering,one,pendant,black,solitary,woods
edible,convex,scaly,gray,yes,none,broad,white,tapering,one,pendant,brown,several,woods
poisonous,convex,smooth,pink,no,creosote,narrow,gray,enlarging,one,pendant,brown,scattered,woods
edible,convex,scaly,brown,yes,none,broad,pink,tapering,one,pendant,brown,solitary,woods
edible,flat,fibrous,gray,yes,none,broad,brown,tapering,one,pendant,black,several,woods
edible,convex,scaly,red,yes,none,broad,pink,tapering,one,pendant,black,solitary,woods
edible,flat,fibrous,brown,yes,none,broad,pink,tapering,one,pendant,brown,several,woods
edible,convex,scaly,brown,yes,none,broad,white,tapering,one,pendant,brown,several,woods
edible,convex,fibrous,gray,yes,none,broad,white,tapering,one,pendant,brown,solitary,woods
edible,flat,fibrous,brown,yes,none,broad,pink,tapering,one,pendant,brown,several,woods
edible,convex,scaly,brown,yes,none,broad,brown,tapering,one,pendant,black,several,woods
edible,convex,scaly,brown,yes,none,broad,white,tapering,one,pendant,black,several,woods
edible,convex,fibrous,red,yes,none,broad,white,tapering,one,pendant,brown,several,woods
edible,flat,fibrous,gray,yes,none,broad,pink,tapering,one,pendant,black,several,woods
edible,convex,scaly,red,yes,none,broad,brown,tapering,one,pendant,brown,several,woods
edible,convex,scaly,red,yes,none,broad,purple,tapering,one,pendant,brown,several,woods
edible,flat,fibrous,brown,yes,none,broad,white,tapering,one,pendant,brown,solitary,woods
edible,convex,fibrous,red,yes,none,broad,pink,tapering,one,pendant,black,several,woods
edible,convex,fibrous,red,yes,none,broad,brown,tapering,one,pendant,brown,solitary,woods
edible,convex,fibrous,white,no,none,broad,black,tapering,one,evanescent,brown,scattered,grasses
edible,convex,scaly,gray,yes,none,broad,pink,tapering,one,pendant,black,solitary,woods
edible,convex,fibrous,red,yes,none,broad,pink,tapering,one,pendant,black,several,woods
edible,convex,scaly,gray,yes,none,broad,pink,tapering,one,pendant,brown,several,woods
edible,convex,fibrous,red,yes,none,broad,white,tapering,one,pendant,black,several,woods
edible,convex,fibrous,gray,yes,none,broad,pink,tapering,one,pendant,brown,solitary,woods
edible,flat,scaly,red,yes,none,broad,pink,tapering,one,pendant,brown,several,woods
edible,flat,scaly,gray,yes,none,broad,pink,tapering,one,pendant,black,several,woods
edible,convex,scaly,red,yes,none,broad,pink,tapering,one,pendant,black,solitary,woods
edible,convex,scaly,gray,yes,none,broad,pink,tapering,one,pendant,brown,solitary,woods
edible,flat,fibrous,gray,no,none,broad,chocolate,tapering,one,evanescent,black,scattered,grasses
poisonous,convex,fibrous,gray,no,foul,broad,gray,enlarging,one,large,chocolate,solitary,paths
edible,convex,fibrous,red,yes,none,broad,pink,tapering,one,pendant,black,solitary,woods
edible,convex,scaly,red,yes,none,broad,white,tapering,one,pendant,brown,solitary,woods
poisonous,flat,smooth,white,yes,pungent,narrow,white,enlarging,one,pendant,black,several,grasses
edible,flat,scaly,brown,yes,none,broad,purple,tapering,one,pendant,black,solitary,woods
edible,convex,fibrous,red,yes,none,broad,brown,tapering,one,pendant,brown,solitary,woods
edible,convex,scaly,red,yes,none,broad,brown,tapering,one,pendant,black,several,woods
edible,convex,fibrous,gray,yes,none,broad,brown,tapering,one,pendant,black,several,woods
edible,convex,scaly,gray,yes,none,broad,pink,tapering,one,pendant,brown,several,woods
edible,convex,fibrous,gray,no,none,broad,brown,tapering,one,evanescent,brown,abundant,grasses
edible,convex,fibrous,brown,yes,none,broad,purple,tapering,one,pendant,brown,solitary,woods
edible,flat,fibrous,red,yes,none,broad,brown,tapering,one,pendant,black,solitary,woods
edible,convex,scaly,gray,yes,none,broad,purple,tapering,one,pendant,brown,solitary,woods
edible,flat,fibrous,brown,yes,none,broad,white,tapering,one,pendant,black,solitary,woods
edible,flat,fibrous,gray,no,none,broad,chocolate,tapering,one,evanescent,brown,scattered,grasses
edible,flat,fibrous,gray,yes,none,broad,pink,tapering,one,pendant,brown,several,woods
edible,convex,scaly,brown,yes,none,broad,white,tapering,one,pendant,black,several,woods
edible,flat,fibrous,gray,yes,none,broad,pink,tapering,one,pendant,black,solitary,woods
edible,flat,scaly,brown,yes,none,broad,purple,tapering,one,pendant,brown,solitary,woods
edible,convex,fibrous,gray,yes,none,broad,white,tapering,one,pendant,brown,several,woods
edible,convex,scaly,red,yes,none,broad,purple,tapering,one,pendant,brown,several,woods
edible,convex,scaly,brown,yes,none,broad,brown,tapering,one,pendant,brown,several,woods
edible,flat,smooth,gray,no,none,broad,brown,tapering,one,evanescent,brown,abundant,grasses
edible,convex,fibrous,brown,yes,none,broad,white,tapering,one,pendant,black,solitary,woods
edible,flat,fibrous,brown,yes,none,broad,brown,tapering,one,pendant,black,solitary,woods
edible,convex,scaly,red,yes,none,broad,white,tapering,one,pendant,brown,solitary,woods
edible,convex,scaly,red,yes,none,broad,white,tapering,one,pendant,black,solitary,woods
edible,convex,scaly,brown,yes,none,broad,brown,tapering,one,pendant,black,solitary,woods
edible,flat,smooth,white,no,none,broad,chocolate,tapering,one,evanescent,black,abundant,grasses
edible,convex,scaly,brown,yes,none,broad,pink,tapering,one,pendant,brown,several,woods
edible,convex,scaly,red,yes,none,broad,pink,tapering,one,pendant,black,solitary,woods
edible,convex,fibrous,gray,yes,none,broad,pink,tapering,one,pendant,brown,several,woods
edible,flat,fibrous,gray,yes,none,broad,brown,tapering,one,pendant,brown,several,woods
edible,flat,fibrous,brown,no,none,broad,brown,tapering,one,evanescent,black,scattered,grasses
edible,flat,fibrous,gray,yes,none,broad,brown,tapering,one,pendant,black,several,woods
edible,convex,scaly,red,yes,none,broad,purple,tapering,one,pendant,black,solitary,woods
edible,flat,fibrous,gray,yes,none,broad,brown,tapering,one,pendant,black,several,woods
edible,convex,scaly,brown,yes,none,broad,purple,tapering,one,pendant,brown,solitary,woods
edible,convex,fibrous,red,yes,none,broad,purple,tapering,one,pendant,black,solitary,woods
edible,convex,fibrous,brown,yes,none,broad,white,tapering,one,pendant,brown,solitary,woods
edible,convex,fibrous,gray,yes,none,broad,brown,tapering,one,pendant,brown,several,woods
edible,flat,fibrous,gray,yes,none,broad,white,tapering,one,pendant,brown,several,woods
edible,convex,fibrous,brown,yes,none,broad,pink,tapering,one,pendant,black,solitary,woods
edible,convex,scaly,brown,yes,none,broad,purple,tapering,one,pendant,brown,solitary,woods
edible,convex,fibrous,red,yes,none,broad,pink,tapering,one,pendant,brown,several,woods
edible,flat,fibrous,gray,yes,none,broad,brown,tapering,one,pendant,black,solitary,woods
edible,convex,scaly,brown,yes,none,broad,pink,tapering,one,pendant,black,solitary,woods
poisonous,convex,smooth,pink,no,creosote,narrow,brown,enlarging,one,pendant,black,several,woods
edible,flat,scaly,gray,yes,none,broad,white,tapering,one,pendant,black,solitary,woods
edible,flat,fibrous,brown,yes,none,broad,pink,tapering,one,pendant,brown,solitary,woods
poisonous,flat,smooth,brown,yes,pungent,narrow,pink,enlarging,one,pendant,black,scattered,urban
edible,convex,scaly,brown,yes,none,broad,purple,tapering,one,pendant,black,solitary,woods
edible,convex,scaly,gray,yes,none,broad,purple,tapering,one,pendant,black,solitary,woods
edible,convex,scaly,red,yes,none,broad,brown,tapering,one,pendant,black,several,woods
edible,convex,scaly,red,yes,none,broad,brown,tapering,one,pendant,brown,several,woods
edible,convex,scaly,red,yes,none,broad,pink,tapering,one,pendant,black,several,woods
edible,convex,fibrous,gray,yes,none,broad,pink,tapering,one,pendant,brown,solitary,woods
edible,flat,smooth,white,no,none,broad,brown,tapering,one,evanescent,black,scattered,grasses
edible,convex,scaly,gray,yes,none,broad,pink,tapering,one,pendant,brown,several,woods
edible,convex,fibrous,brown,no,none,broad,pink,tapering,one,evanescent,brown,scattered,grasses
edible,convex,fibrous,brown,yes,none,broad,white,tapering,one,pendant,brown,solitary,woods
edible,convex,scaly,gray,yes,none,broad,pink,tapering,one,pendant,black,several,woods
edible,convex,scaly,red,yes,none,broad,pink,tapering,one,pendant,brown,several,woods
edible,convex,scaly,brown,yes,none,broad,purple,tapering,one,pendant,black,several,woods
edible,convex,fibrous,gray,yes,none,broad,white,tapering,one,pendant,brown,several,woods
edible,convex,fibrous,gray,yes,none,broad,white,tapering,one,pendant,black,solitary,woods
edible,convex,scaly,gray,yes,none,broad,white,tapering,one,pendant,black,several,woods
edible,convex,scaly,gray,yes,none,broad,brown,tapering,one,pendant,brown,solitary,woods
edible,flat,scaly,gray,yes,none,broad,pink,tapering,one,pendant,brown,several,woods
edible,convex,fibrous,red,yes,none,broad,pink,tapering,one,pendant,black,several,woods
edible,convex,scaly,red,yes,none,broad,brown,tapering,one,pendant,black,solitary,woods
edible,convex,fibrous,brown,yes,none,broad,white,tapering,one,pendant,brown,several,woods
edible,convex,fibrous,brown,yes,none,broad,white,tapering,one,pendant,brown,solitary,woods
edible,flat,fibrous,brown,yes,none,broad,brown,tapering,one,pendant,black,several,woods
edible,flat,fibrous,brown,yes,none,broad,pink,tapering,one,pendant,brown,solitary,woods
edible,convex,scaly,gray,yes,none,broad,purple,tapering,one,pendant,brown,several,woods
edible,convex,fibrous,red,yes,none,broad,white,tapering,one,pendant,black,solitary,woods
edible,flat,scaly,brown,yes,none,broad,white,tapering,one,pendant,black,several,woods
edible,convex,scaly,red,yes,none,broad,pink,tapering,one,pendant,black,several,woods
edible,flat,scaly,brown,yes,none,broad,white,tapering,one,pendant,black,solitary,woods
edible,convex,scaly,gray,yes,none,broad,pink,tapering,one,pendant,black,solitary,woods
edible,flat,fibrous,brown,yes,none,broad,brown,tapering,one,pendant,brown,several,woods
edible,convex,scaly,gray,yes,none,broad,white,tapering,one,pendant,black,solitary,woods
edible,convex,scaly,red,yes,none,broad,white,tapering,one,pendant,black,several,woods
edible,convex,scaly,brown,yes,none,broad,pink,tapering,one,pendant,black,solitary,woods
edible,convex,fibrous,gray,yes,none,broad,white,tapering,one,pendant,black,solitary,woods
edible,convex,fibrous,red,yes,none,broad,purple,tapering,one,pendant,brown,solitary,woods
edible,convex,fibrous,brown,yes,none,broad,purple,tapering,one,pendant,black,several,woods
edible,flat,fibrous,brown,yes,none,broad,white,tapering,one,pendant,brown,solitary,woods
edible,flat,scaly,gray,yes,none,broad,purple,tapering,one,pendant,brown,several,woods
edible,convex,fibrous,brown,yes,none,broad,white,tapering,one,pendant,black,several,woods
edible,convex,scaly,red,yes,none,broad,white,tapering,one,pendant,black,solitary,woods
edible,flat,fibrous,brown,yes,none,broad,white,tapering,one,pendant,black,several,woods
edible,convex,scaly,brown,yes,none,broad,white,tapering,one,pendant,black,several,woods
edible,flat,fibrous,brown,yes,none,broad,brown,tapering,one,pendant,black,solitary,woods
edible,convex,scaly,red,yes,none,broad,purple,tapering,one,pendant,brown,solitary,woods
edible,convex,scaly,red,yes,none,broad,purple,tapering,one,pendant,brown,solitary,woods
edible,convex,fibrous,gray,yes,none,broad,white,tapering,one,pendant,brown,several,woods
edible,convex,fibrous,gray,yes,none,broad,pink,tapering,one,pendant,brown,several,woods
edible,flat,fibrous,red,yes,none,broad,purple,tapering,one,pendant,brown,several,woods
edible,convex,fibrous,brown,yes,none,broad,white,tapering,one,pendant,brown,solitary,woods
edible,convex,scaly,red,yes,none,broad,brown,tapering,one,pendant,brown,solitary,woods
edible,convex,scaly,gray,yes,none,broad,purple,tapering,one,pendant,brown,several,woods
edible,convex,scaly,gray,yes,none,broad,purple,tapering,one,pendant,black,solitary,woods
edible,convex,fibrous,red,yes,none,broad,purple,tapering,one,pendant,brown,several,woods
edible,flat,fibrous,brown,yes,none,broad,white,tapering,one,pendant,brown,several,woods
edible,convex,scaly,brown,yes,none,broad,pink,tapering,one,pendant,brown,solitary,woods
edible,convex,scaly,gray,yes,none,broad,purple,tapering,one,pendant,black,several,woods
edible,convex,fibrous,white,no,none,broad,chocolate,tapering,one,evanescent,brown,scattered,grasses
edible,flat,scaly,gray,yes,none,broad,white,tapering,one,pendant,brown,solitary,woods
edible,flat,smooth,gray,no,none,broad,brown,tapering,one,evanescent,brown,scattered,grasses
edible,flat,fibrous,brown,yes,none,broad,purple,tapering,one,pendant,brown,solitary,woods
edible,convex,scaly,red,yes,none,broad,white,tapering,one,pendant,black,solitary,woods
poisonous,flat,scaly,white,yes,pungent,narrow,white,enlarging,one,pendant,brown,scattered,urban
edible,convex,scaly,gray,yes,none,broad,brown,tapering,one,pendant,black,several,woods
edible,flat,fibrous,brown,yes,none,broad,white,tapering,one,pendant,black,solitary,woods
edible,convex,fibrous,gray,yes,none,broad,white,tapering,one,pendant,brown,solitary,woods
edible,convex,fibrous,red,yes,none,broad,brown,tapering,one,pendant,black,several,woods
edible,flat,fibrous,gray,yes,none,broad,brown,tapering,one,pendant,black,several,woods
edible,convex,scaly,brown,yes,none,broad,pink,tapering,one,pendant,brown,solitary,woods
edible,convex,scaly,red,yes,none,broad,brown,tapering,one,pendant,black,solitary,woods
edible,convex,scaly,brown,yes,none,broad,brown,tapering,one,pendant,brown,several,woods
edible,convex,scaly,brown,yes,none,broad,brown,tapering,one,pendant,brown,solitary,woods
edible,flat,fibrous,brown,yes,none,broad,pink,tapering,one,pendant,black,solitary,woods
edible,convex,scaly,gray,yes,none,broad,purple,tapering,one,pendant,black,solitary,woods
edible,convex,scaly,brown,yes,none,broad,brown,tapering,one,pendant,black,solitary,woods
edible,convex,fibrous,red,yes,none,broad,white,tapering,one,pendant,black,several,woods
edible,flat,fibrous,brown,yes,none,broad,pink,tapering,one,pendant,black,solitary,woods
edible,convex,fibrous,red,yes,none,broad,brown,tapering,one,pendant,black,several,woods
edible,flat,smooth,white,no,none,broad,black,tapering,one,evanescent,brown,abundant,grasses
edible,convex,scaly,brown,yes,none,broad,brown,tapering,one,pendant,black,several,woods
edible,convex,fibrous,gray,yes,none,broad,white,tapering,one,pendant,black,solitary,woods
edible,convex,fibrous,brown,yes,none,broad,white,tapering,one,pendant,black,solitary,woods
edible,convex,fibrous,red,yes,none,broad,pink,tapering,one,pendant,brown,solitary,woods
edible,flat,fibrous,brown,yes,none,broad,brown,tapering,one,pendant,black,solitary,woods
edible,convex,fibrous,brown,yes,none,broad,purple,tapering,one,pendant,brown,several,woods
edible,convex,scaly,brown,yes,none,broad,pink,tapering,one,pendant,brown,solitary,woods
poisonous,flat,smooth,white,yes,pungent,narrow,white,enlarging,one,pendant,brown,several,urban
edible,convex,fibrous,gray,yes,none,broad,white,tapering,one,pendant,black,several,woods
edible,flat,smooth,white,no,none,broad,black,tapering,one,evanescent,black,scattered,grasses
edible,convex,smooth,gray,no,none,broad,pink,tapering,one,evanescent,brown,scattered,grasses
edible,convex,fibrous,gray,yes,none,broad,pink,tapering,one,pendant,black,several,woods
edible,flat,fibrous,brown,yes,none,broad,brown,tapering,one,pendant,black,solitary,woods
edible,convex,fibrous,red,yes,none,broad,brown,tapering,one,pendant,black,several,woods
edible,convex,scaly,gray,yes,none,broad,brown,tapering,one,pendant,black,several,woods
edible,flat,fibrous,brown,yes,none,broad,purple,tapering,one,pendant,black,solitary,woods
edible,convex,fibrous,brown,yes,none,broad,white,tapering,one,pendant,brown,several,woods
poisonous,convex,fibrous,gray,no,foul,broad,chocolate,enlarging,one,large,chocolate,solitary,woods
edible,convex,scaly,red,yes,none,broad,white,tapering,one,pendant,black,solitary,woods
edible,convex,fibrous,brown,no,none,broad,chocolate,tapering,one,evanescent,black,abundant,grasses
poisonous,convex,smooth,white,yes,pungent,narrow,brown,enlarging,one,pendant,brown,several,grasses
edible,convex,scaly,gray,yes,none,broad,pink,tapering,one,pendant,brown,solitary,woods
edible,flat,fibrous,brown,yes,none,broad,brown,tapering,one,pendant,brown,several,woods
edible,convex,fibrous,brown,yes,none,broad,pink,tapering,one,pendant,black,solitary,woods
edible,convex,scaly,gray,yes,none,broad,purple,tapering,one,pendant,black,several,woods
edible,convex,scaly,gray,yes,none,broad,white,tapering,one,pendant,black,several,woods
edible,flat,fibrous,brown,yes,none,broad,purple,tapering,one,pendant,brown,several,woods
edible,flat,fibrous,brown,yes,none,broad,purple,tapering,one,pendant,black,solitary,woods
edible,convex,fibrous,gray,yes,none,broad,purple,tapering,one,pendant,black,several,woods
edible,flat,fibrous,gray,yes,none,broad,brown,tapering,one,pendant,brown,solitary,woods
edible,convex,scaly,red,yes,none,broad,purple,tapering,one,pendant,brown,solitary,woods
edible,convex,fibrous,red,yes,none,broad,brown,tapering,one,pendant,black,solitary,woods
poisonous,convex,smooth,white,yes,pungent,narrow,brown,enlarging,one,pendant,black,several,grasses
edible,flat,fibrous,gray,yes,none,broad,brown,tapering,one,pendant,black,several,woods
edible,convex,fibrous,gray,yes,none,broad,pink,tapering,one,pendant,black,several,woods
edible,flat,scaly,red,yes,none,broad,white,tapering,one,pendant,black,several,woods
edible,flat,scaly,gray,yes,none,broad,pink,tapering,one,pendant,black,several,woods
edible,convex,scaly,brown,yes,none,broad,white,tapering,one,pendant,brown,several,woods
edible,convex,scaly,red,yes,none,broad,white,tapering,one,pendant,brown,solitary,woods
edible,convex,fibrous,red,yes,none,broad,white,tapering,one,pendant,brown,solitary,woods
edible,convex,scaly,red,yes,none,broad,white,tapering,one,pendant,black,solitary,woods
edible,flat,fibrous,gray,yes,none,broad,brown,tapering,one,pendant,brown,solitary,woods
edible,convex,fibrous,gray,yes,none,broad,pink,tapering,one,pendant,black,several,woods
edible,flat,fibrous,brown,yes,none,broad,pink,tapering,one,pendant,brown,several,woods
edible,convex,scaly,brown,yes,none,broad,pink,tapering,one,pendant,brown,several,woods
edible,convex,scaly,gray,yes,none,broad,brown,tapering,one,pendant,black,several,woods
edible,convex,fibrous,gray,yes,none,broad,purple,tapering,one,pendant,brown,several,woods
edible,convex,scaly,brown,yes,none,broad,pink,tapering,one,pendant,black,solitary,woods
edible,flat,fibrous,brown,yes,none,broad,white,tapering,one,pendant,brown,several,woods
edible,convex,scaly,brown,yes,none,broad,purple,tapering,one,pendant,black,solitary,woods
edible,convex,scaly,brown,yes,none,broad,pink,tapering,one,pendant,black,solitary,woods
edible,flat,fibrous,brown,yes,none,broad,pink,tapering,one,pendant,black,several,woods
edible,convex,fibrous,brown,yes,none,broad,purple,tapering,one,pendant,brown,solitary,woods
edible,convex,fibrous,brown,yes,none,broad,pink,tapering,one,pendant,brown,several,woods
edible,convex,scaly,brown,yes,none,broad,pink,tapering,one,pendant,black,solitary,woods
edible,flat,fibrous,gray,yes,none,broad,brown,tapering,one,pendant,brown,solitary,woods
edible,convex,fibrous,red,yes,none,broad,purple,tapering,one,pendant,brown,solitary,woods
edible,flat,fibrous,brown,yes,none,broad,pink,tapering,one,pendant,brown,several,woods
poisonous,convex,smooth,pink,no,creosote,narrow,gray,enlarging,one,pendant,black,several,woods
edible,convex,fibrous,red,yes,none,broad,purple,tapering,one,pendant,brown,solitary,woods
edible,flat,fibrous,brown,yes,none,broad,white,tapering,one,pendant,black,solitary,woods
edible,convex,fibrous,brown,yes,none,broad,white,tapering,one,pendant,black,solitary,woods
edible,flat,fibrous,red,yes,none,broad,purple,tapering,one,pendant,brown,several,woods
edible,convex,scaly,red,yes,none,broad,brown,tapering,one,pendant,black,solitary,woods
edible,convex,fibrous,gray,yes,none,broad,white,tapering,one,pendant,brown,solitary,woods
edible,convex,fibrous,gray,yes,none,broad,brown,tapering,one,pendant,brown,solitary,woods
edible,convex,fibrous,gray,yes,none,broad,pink,tapering,one,pendant,black,several,woods
edible,convex,fibrous,gray,yes,none,broad,purple,tapering,one,pendant,brown,solitary,woods
edible,flat,fibrous,gray,yes,none,broad,pink,tapering,one,pendant,brown,solitary,woods
edible,convex,fibrous,red,yes,none,broad,purple,tapering,one,pendant,brown,several,woods
edible,flat,scaly,brown,yes,none,broad,pink,tapering,one,pendant,black,solitary,woods
edible,flat,scaly,red,yes,none,broad,purple,tapering,one,pendant,black,several,woods
edible,convex,scaly,gray,yes,none,broad,purple,tapering,one,pendant,brown,solitary,woods
edible,convex,scaly,gray,yes,none,broad,white,tapering,one,pendant,black,solitary,woods
edible,convex,fibrous,gray,yes,none,broad,brown,tapering,one,pendant,black,solitary,woods
poisonous,convex,fibrous,gray,no,foul,broad,chocolate,enlarging,one,large,chocolate,solitary,grasses
edible,convex,scaly,brown,yes,none,broad,purple,tapering,one,pendant,black,several,woods
edible,convex,scaly,red,yes,none,broad,pink,tapering,one,pendant,brown,solitary,woods
edible,convex,fibrous,brown,yes,none,broad,white,tapering,one,pendant,black,several,woods
edible,flat,fibrous,brown,yes,none,broad,pink,tapering,one,pendant,brown,solitary,woods
edible,flat,fibrous,brown,yes,none,broad,pink,tapering,one,pendant,black,several,woods
edible,flat,fibrous,gray,yes,none,broad,brown,tapering,one,pendant,black,solitary,woods
edible,flat,fibrous,gray,yes,none,broad,pink,tapering,one,pendant,brown,solitary,woods
edible,convex,scaly,gray,yes,none,broad,white,tapering,one,pendant,brown,solitary,woods
edible,convex,fibrous,gray,no,none,broad,black,tapering,one,evanescent,brown,abundant,grasses
edible,convex,scaly,gray,yes,none,broad,brown,tapering,one,pendant,black,solitary,woods
edible,convex,fibrous,red,yes,none,broad,pink,tapering,one,pendant,black,solitary,woods
edible,flat,fibrous,brown,yes,none,broad,pink,tapering,one,pendant,black,several,woods
edible,convex,scaly,red,yes,none,broad,brown,tapering,one,pendant,brown,solitary,woods
edible,convex,fibrous,gray,yes,none,broad,pink,tapering,one,pendant,brown,several,woods
edible,convex,fibrous,brown,yes,none,broad,pink,tapering,one,pendant,black,solitary,woods
edible,convex,scaly,red,yes,none,broad,white,tapering,one,pendant,brown,several,woods
edible,convex,fibrous,brown,yes,none,broad,white,tapering,one,pendant,black,several,woods
edible,flat,fibrous,gray,yes,none,broad,pink,tapering,one,pendant,black,solitary,woods
edible,convex,scaly,gray,yes,none,broad,brown,tapering,one,pendant,black,solitary,woods
edible,convex,scaly,gray,yes,none,broad,purple,tapering,one,pendant,black,several,woods
edible,flat,fibrous,brown,yes,none,broad,purple,tapering,one,pendant,brown,solitary,woods
edible,convex,fibrous,gray,yes,none,broad,pink,tapering,one,pendant,black,several,woods
edible,flat,fibrous,brown,yes,none,broad,pink,tapering,one,pendant,brown,several,woods
edible,convex,scaly,red,yes,none,broad,pink,tapering,one,pendant,black,several,woods
edible,convex,fibrous,brown,yes,none,broad,purple,tapering,one,pendant,black,solitary,woods
edible,convex,scaly,gray,yes,none,broad,white,tapering,one,pendant,black,several,woods
edible,flat,fibrous,gray,yes,none,broad,pink,tapering,one,pendant,black,several,woods
edible,convex,fibrous,gray,yes,none,broad,pink,tapering,one,pendant,brown,several,woods
edible,convex,fibrous,brown,yes,none,broad,white,tapering,one,pendant,black,several,woods
edible,convex,scaly,gray,yes,none,broad,white,tapering,one,pendant,brown,several,woods
edible,convex,scaly,gray,yes,none,broad,pink,tapering,one,pendant,brown,solitary,woods
edible,convex,scaly,red,yes,none,broad,brown,tapering,one,pendant,brown,several,woods
edible,convex,scaly,brown,yes,none,broad,white,tapering,one,pendant,black,several,woods
edible,convex,scaly,gray,yes,none,broad,purple,tapering,one,pendant,black,solitary,woods
poisonous,flat,scaly,brown,yes,pungent,narrow,black,enlarging,one,pendant,black,scattered,urban
edible,convex,smooth,gray,no,none,broad,brown,tapering,one,evanescent,brown,scattered,grasses
edible,convex,fibrous,gray,yes,none,broad,purple,tapering,one,pendant,black,several,woods
edible,convex,fibrous,red,yes,none,broad,brown,tapering,one,pendant,black,solitary,woods
poisonous,convex,smooth,pink,no,creosote,narrow,purple,enlarging,one,pendant,brown,scattered,woods
edible,convex,scaly,brown,yes,none,broad,white,tapering,one,pendant,black,solitary,woods
edible,convex,fibrous,red,yes,none,broad,pink,tapering,one,pendant,black,several,woods
edible,convex,scaly,brown,yes,none,broad,pink,tapering,one,pendant,brown,solitary,woods
edible,convex,scaly,red,yes,none,broad,purple,tapering,one,pendant,black,several,woods
edible,convex,smooth,white,no,none,broad,black,tapering,one,evanescent,brown,scattered,grasses
edible,flat,fibrous,gray,yes,none,broad,pink,tapering,one,pendant,brown,several,woods
edible,convex,scaly,gray,yes,none,broad,brown,tapering,one,pendant,brown,several,woods
edible,convex,scaly,gray,yes,none,broad,brown,tapering,one,pendant,brown,several,woods
edible,convex,fibrous,red,yes,none,broad,brown,tapering,one,pendant,brown,solitary,woods
edible,convex,scaly,gray,yes,none,broad,brown,tapering,one,pendant,black,several,woods
edible,convex,scaly,gray,yes,none,broad,white,tapering,one,pendant,brown,several,woods
edible,convex,fibrous,red,yes,none,broad,pink,tapering,one,pendant,black,solitary,woods
poisonous,flat,scaly,white,yes,pungent,narrow,pink,enlarging,one,pendant,brown,several,urban
edible,flat,fibrous,brown,yes,none,broad,purple,tapering,one,pendant,brown,solitary,woods
edible,convex,fibrous,red,yes,none,broad,white,tapering,one,pendant,black,solitary,woods
edible,convex,fibrous,red,yes,none,broad,brown,tapering,one,pendant,brown,several,woods
edible,convex,scaly,gray,yes,none,broad,pink,tapering,one,pendant,black,several,woods
edible,flat,smooth,white,no,none,broad,chocolate,tapering,one,evanescent,black,scattered,grasses
edible,convex,fibrous,brown,no,none,broad,black,tapering,one,evanescent,brown,abundant,grasses
edible,convex,fibrous,brown,yes,none,broad,white,tapering,one,pendant,black,several,woods
edible,flat,fibrous,brown,yes,none,broad,brown,tapering,one,pendant,brown,several,woods
edible,convex,scaly,red,yes,none,broad,pink,tapering,one,pendant,brown,solitary,woods
edible,convex,scaly,red,yes,none,broad,purple,tapering,one,pendant,brown,solitary,woods
edible,convex,scaly,red,yes,none,broad,pink,tapering,one,pendant,brown,solitary,woods
edible,flat,fibrous,brown,yes,none,broad,white,tapering,one,pendant,black,solitary,woods
edible,convex,fibrous,gray,yes,none,broad,white,tapering,one,pendant,black,several,woods
edible,flat,fibrous,brown,yes,none,broad,white,tapering,one,pendant,black,several,woods
edible,flat,fibrous,red,yes,none,broad,brown,tapering,one,pendant,brown,solitary,woods
edible,convex,scaly,red,yes,none,broad,white,tapering,one,pendant,brown,several,woods
poisonous,convex,smooth,white,no,creosote,narrow,pink,enlarging,one,pendant,brown,scattered,woods
edible,flat,fibrous,brown,yes,none,broad,purple,tapering,one,pendant,black,solitary,woods
edible,flat,fibrous,gray,yes,none,broad,pink,tapering,one,pendant,brown,solitary,woods
edible,flat,fibrous,brown,yes,none,broad,purple,tapering,one,pendant,black,several,woods
edible,convex,scaly,brown,yes,none,broad,pink,tapering,one,pendant,black,several,woods
edible,convex,fibrous,red,yes,none,broad,white,tapering,one,pendant,black,solitary,woods
edible,flat,smooth,white,no,none,broad,brown,tapering,one,evanescent,brown,scattered,grasses
edible,convex,scaly,gray,yes,none,broad,purple,tapering,one,pendant,brown,solitary,woods
edible,convex,fibrous,red,yes,none,broad,pink,tapering,one,pendant,black,several,woods
edible,flat,fibrous,brown,yes,none,broad,brown,tapering,one,pendant,brown,several,woods
edible,flat,fibrous,brown,yes,none,broad,pink,tapering,one,pendant,black,several,woods
edible,convex,scaly,brown,yes,none,broad,brown,tapering,one,pendant,black,solitary,woods
edible,convex,scaly,gray,yes,none,broad,brown,tapering,one,pendant,brown,solitary,woods
edible,convex,scaly,brown,yes,none,broad,brown,tapering,one,pendant,black,several,woods
edible,convex,fibrous,gray,yes,none,broad,purple,tapering,one,pendant,brown,solitary,woods
edible,convex,scaly,brown,yes,none,broad,white,tapering,one,pendant,black,solitary,woods
edible,convex,scaly,brown,yes,none,broad,pink,tapering,one,pendant,black,several,woods
edible,flat,fibrous,brown,yes,none,broad,pink,tapering,one,pendant,brown,solitary,woods
edible,convex,scaly,gray,yes,none,broad,brown,tapering,one,pendant,brown,several,woods
edible,convex,scaly,red,yes,none,broad,white,tapering,one,pendant,black,solitary,woods
edible,convex,scaly,brown,yes,none,broad,brown,tapering,one,pendant,black,solitary,woods
poisonous,convex,fibrous,gray,no,foul,broad,gray,enlarging,one,large,chocolate,solitary,paths
edible,flat,fibrous,gray,yes,none,broad,purple,tapering,one,pendant,black,several,woods
edible,convex,scaly,red,yes,none,broad,purple,tapering,one,pendant,black,several,woods
poisonous,convex,fibrous,gray,no,foul,broad,chocolate,enlarging,one,large,chocolate,several,woods
edible,convex,scaly,red,yes,none,broad,brown,tapering,one,pendant,black,several,woods
edible,convex,fibrous,red,yes,none,broad,brown,tapering,one,pendant,black,several,woods
poisonous,convex,fibrous,gray,no,foul,broad,chocolate,enlarging,one,large,chocolate,solitary,woods
poisonous,convex,fibrous,pink,no,creosote,narrow,brown,enlarging,one,pendant,brown,scattered,woods
edible,convex,fibrous,gray,yes,none,broad,purple,tapering,one,pendant,black,several,woods
edible,flat,fibrous,gray,yes,none,broad,pink,tapering,one,pendant,brown,solitary,woods
edible,convex,fibrous,gray,yes,none,broad,purple,tapering,one,pendant,brown,several,woods
edible,convex,scaly,gray,yes,none,broad,white,tapering,one,pendant,black,solitary,woods
edible,convex,scaly,gray,yes,none,broad,brown,tapering,one,pendant,brown,several,woods
edible,flat,fibrous,gray,yes,none,broad,brown,tapering,one,pendant,brown,solitary,woods
edible,convex,fibrous,gray,yes,none,broad,white,tapering,one,pendant,brown,solitary,woods
edible,convex,fibrous,red,yes,none,broad,pink,tapering,one,pendant,black,several,woods
edible,convex,fibrous,brown,yes,none,broad,white,tapering,one,pendant,black,solitary,woods
edible,convex,scaly,brown,yes,none,broad,purple,tapering,one,pendant,black,several,woods
edible,flat,fibrous,brown,yes,none,broad,pink,tapering,one,pendant,black,solitary,woods
edible,flat,fibrous,brown,yes,none,broad,purple,tapering,one,pendant,brown,several,woods
edible,flat,fibrous,gray,yes,none,broad,brown,tapering,one,pendant,black,solitary,woods
edible,convex,fibrous,gray,yes,none,broad,pink,tapering,one,pendant,black,solitary,woods
edible,convex,scaly,brown,yes,none,broad,purple,tapering,one,pendant,brown,several,woods
edible,convex,scaly,red,yes,none,broad,white,tapering,one,pendant,brown,several,woods
edible,flat,fibrous,brown,yes,none,broad,purple,tapering,one,pendant,brown,several,woods
edible,convex,scaly,gray,yes,none,broad,brown,tapering,one,pendant,brown,several,woods
edible,convex,scaly,brown,yes,none,broad,purple,tapering,one,pendant,black,solitary,woods
poisonous,convex,fibrous,white,no,creosote,narrow,gray,enlarging,one,pendant,black,several,woods
edible,flat,fibrous,brown,yes,none,broad,purple,tapering,one,pendant,black,solitary,woods
edible,convex,scaly,red,yes,none,broad,white,tapering,one,pendant,brown,several,woods
edible,convex,scaly,brown,yes,none,broad,brown,tapering,one,pendant,brown,solitary,woods
edible,flat,fibrous,gray,yes,none,broad,brown,tapering,one,pendant,black,several,woods
edible,convex,fibrous,red,yes,none,broad,white,tapering,one,pendant,black,solitary,woods
poisonous,convex,fibrous,gray,no,foul,broad,pink,enlarging,one,large,chocolate,solitary,woods
edible,convex,scaly,red,yes,none,broad,brown,tapering,one,pendant,black,solitary,woods
edible,flat,fibrous,gray,yes,none,broad,pink,tapering,one,pendant,brown,several,woods
edible,flat,scaly,red,yes,none,broad,white,tapering,one,pendant,black,several,woods
edible,convex,fibrous,red,yes,none,broad,pink,tapering,one,pendant,brown,several,woods
poisonous,convex,fibrous,gray,no,foul,broad,pink,enlarging,one,large,chocolate,several,grasses
edible,convex,scaly,brown,yes,none,broad,white,tapering,one,pendant,brown,solitary,woods
edible,convex,scaly,brown,yes,none,broad,pink,tapering,one,pendant,black,several,woods
edible,convex,scaly,brown,yes,none,broad,pink,tapering,one,pendant,black,several,woods
edible,convex,scaly,brown,yes,none,broad,brown,tapering,one,pendant,black,solitary,woods
edible,convex,scaly,gray,yes,none,broad,purple,tapering,one,pendant,brown,solitary,woods
edible,convex,scaly,brown,yes,none,broad,brown,tapering,one,pendant,black,solitary,woods
edible,convex,fibrous,gray,yes,none,broad,pink,tapering,one,pendant,black,solitary,woods
edible,convex,scaly,red,yes,none,broad,brown,tapering,one,pendant,black,solitary,woods
edible,convex,scaly,red,yes,none,broad,brown,tapering,one,pendant,black,several,woods
edible,convex,scaly,gray,yes,none,broad,pink,tapering,one,pendant,brown,several,woods
edible,flat,fibrous,red,yes,none,broad,brown,tapering,one,pendant,brown,several,woods
edible,flat,fibrous,brown,yes,none,broad,brown,tapering,one,pendant,black,several,woods
edible,flat,fibrous,brown,yes,none,broad,white,tapering,one,pendant,brown,several,woods
edible,convex,scaly,gray,yes,none,broad,pink,tapering,one,pendant,brown,several,woods
edible,convex,scaly,gray,yes,none,broad,white,tapering,one,pendant,brown,solitary,woods
edible,convex,fibrous,red,yes,none,broad,purple,tapering,one,pendant,black,several,woods
edible,flat,fibrous,brown,yes,none,broad,white,tapering,one,pendant,brown,several,woods
edible,flat,fibrous,brown,yes,none,broad,pink,tapering,one,pendant,brown,several,woods
edible,convex,scaly,red,yes,none,broad,pink,tapering,one,pendant,black,solitary,woods
edible,convex,scaly,brown,yes,none,broad,brown,tapering,one,pendant,brown,several,woods
edible,flat,fibrous,brown,yes,none,broad,pink,tapering,one,pendant,black,solitary,woods
edible,flat,fibrous,brown,yes,none,broad,white,tapering,one,pendant,brown,several,woods
poisonous,convex,fibrous,gray,no,foul,broad,gray,enlarging,one,large,chocolate,several,paths
edible,convex,fibrous,gray,yes,none,broad,brown,tapering,one,pendant,black,solitary,woods
edible,convex,scaly,brown,yes,none,broad,white,tapering,one,pendant,brown,solitary,woods
edible,convex,fibrous,gray,yes,none,broad,brown,tapering,one,pendant,brown,solitary,woods
edible,convex,fibrous,gray,yes,none,broad,brown,tapering,one,pendant,brown,solitary,woods
edible,convex,scaly,gray,yes,none,broad,white,tapering,one,pendant,black,several,woods
edible,flat,fibrous,brown,yes,none,broad,purple,tapering,one,pendant,black,solitary,woods
edible,flat,fibrous,gray,yes,none,broad,brown,tapering,one,pendant,black,solitary,woods
edible,convex,scaly,brown,yes,none,broad,brown,tapering,one,pendant,black,several,woods
edible,convex,fibrous,red,yes,none,broad,white,tapering,one,pendant,black,solitary,woods
edible,flat,fibrous,brown,yes,none,broad,brown,tapering,one,pendant,brown,several,woods
poisonous,convex,fibrous,gray,no,foul,broad,gray,enlarging,one,large,chocolate,several,paths
edible,convex,fibrous,red,yes,none,broad,pink,tapering,one,pendant,brown,several,woods
edible,flat,fibrous,brown,yes,none,broad,brown,tapering,one,pendant,brown,several,woods
edible,convex,fibrous,red,yes,none,broad,brown,tapering,one,pendant,black,solitary,woods
edible,convex,fibrous,red,yes,none,broad,brown,tapering,one,pendant,brown,several,woods
edible,convex,scaly,red,yes,none,broad,pink,tapering,one,pendant,black,solitary,woods
edible,flat,scaly,gray,yes,none,broad,white,tapering,one,pendant,brown,several,woods
edible,flat,fibrous,brown,yes,none,broad,purple,tapering,one,pendant,brown,solitary,woods
edible,convex,fibrous,gray,yes,none,broad,brown,tapering,one,pendant,brown,solitary,woods
edible,flat,fibrous,gray,yes,none,broad,pink,tapering,one,pendant,black,several,woods
edible,convex,scaly,brown,yes,none,broad,white,tapering,one,pendant,black,solitary,woods
edible,convex,scaly,gray,yes,none,broad,pink,tapering,one,pendant,brown,solitary,woods
edible,convex,scaly,gray,yes,none,broad,purple,tapering,one,pendant,brown,solitary,woods
edible,convex,fibrous,brown,yes,none,broad,white,tapering,one,pendant,brown,solitary,woods
edible,convex,scaly,red,yes,none,broad,pink,tapering,one,pendant,black,solitary,woods
edible,flat,fibrous,brown,yes,none,broad,purple,tapering,one,pendant,brown,several,woods
edible,convex,scaly,red,yes,none,broad,brown,tapering,one,pendant,brown,several,woods
edible,convex,fibrous,brown,yes,none,broad,brown,tapering,one,pendant,brown,solitary,woods
edible,flat,fibrous,brown,yes,none,broad,purple,tapering,one,pendant,black,solitary,woods
edible,convex,scaly,red,yes,none,broad,pink,tapering,one,pendant,brown,several,woods
edible,convex,fibrous,gray,yes,none,broad,white,tapering,one,pendant,brown,several,woods
edible,convex,scaly,brown,yes,none,broad,pink,tapering,one,pendant,brown,several,woods
poisonous,convex,fibrous,gray,no,creosote,narrow,gray,enlarging,one,pendant,brown,several,woods
edible,flat,fibrous,gray,yes,none,broad,brown,tapering,one,pendant,brown,several,woods
edible,convex,fibrous,brown,yes,none,broad,white,tapering,one,pendant,brown,solitary,woods
edible,flat,smooth,brown,no,none,broad,pink,tapering,one,evanescent,black,abundant,grasses
edible,flat,fibrous,brown,yes,none,broad,white,tapering,one,pendant,brown,several,woods
edible,convex,scaly,gray,yes,none,broad,brown,tapering,one,pendant,brown,solitary,woods
edible,flat,scaly,gray,yes,none,broad,white,tapering,one,pendant,brown,several,woods
edible,convex,scaly,gray,yes,none,broad,white,tapering,one,pendant,brown,several,woods
edible,flat,scaly,red,yes,none,broad,pink,tapering,one,pendant,brown,several,woods
edible,convex,scaly,gray,yes,none,broad,brown,tapering,one,pendant,brown,solitary,woods
edible,convex,fibrous,gray,yes,none,broad,brown,tapering,one,pendant,brown,several,woods
edible,flat,fibrous,gray,yes,none,broad,brown,tapering,one,pendant,brown,several,woods
edible,convex,scaly,brown,yes,none,broad,pink,tapering,one,pendant,black,several,woods
edible,flat,fibrous,brown,yes,none,broad,purple,tapering,one,pendant,black,solitary,woods
edible,convex,scaly,red,yes,none,broad,pink,tapering,one,pendant,brown,several,woods
edible,convex,scaly,red,yes,none,broad,white,tapering,one,pendant,black,several,woods
edible,flat,scaly,brown,yes,none,broad,purple,tapering,one,pendant,black,several,woods
edible,convex,scaly,brown,yes,none,broad,white,tapering,one,pendant,brown,solitary,woods
edible,convex,fibrous,gray,yes,none,broad,purple,tapering,one,pendant,brown,solitary,woods
edible,flat,fibrous,gray,yes,none,broad,pink,tapering,one,pendant,black,solitary,woods
edible,flat,fibrous,white,no,none,broad,chocolate,tapering,one,evanescent,black,scattered,grasses
edible,convex,scaly,brown,yes,none,broad,pink,tapering,one,pendant,brown,several,woods
edible,convex,fibrous,gray,yes,none,broad,purple,tapering,one,pendant,black,solitary,woods
edible,flat,scaly,red,yes,none,broad,brown,tapering,one,pendant,brown,solitary,woods
edible,convex,fibrous,red,yes,none,broad,white,tapering,one,pendant,black,several,woods
edible,convex,scaly,brown,yes,none,broad,purple,tapering,one,pendant,brown,solitary,woods
edible,flat,scaly,brown,yes,none,broad,white,tapering,one,pendant,black,solitary,woods
edible,convex,scaly,gray,yes,none,broad,pink,tapering,one,pendant,black,several,woods
edible,flat,fibrous,brown,yes,none,broad,white,tapering,one,pendant,black,several,woods
edible,convex,scaly,red,yes,none,broad,purple,tapering,one,pendant,black,solitary,woods
edible,convex,scaly,red,yes,none,broad,pink,tapering,one,pendant,black,several,woods
edible,convex,scaly,red,yes,none,broad,white,tapering,one,pendant,black,several,woods
edible,convex,fibrous,red,yes,none,broad,white,tapering,one,pendant,brown,solitary,woods
edible,convex,fibrous,red,yes,none,broad,pink,tapering,one,pendant,brown,several,woods
edible,convex,fibrous,red,yes,none,broad,pink,tapering,one,pendant,brown,several,woods
edible,flat,fibrous,brown,yes,none,broad,pink,tapering,one,pendant,brown,solitary,woods
edible,convex,fibrous,gray,yes,none,broad,brown,tapering,one,pendant,black,several,woods
edible,convex,fibrous,gray,yes,none,broad,pink,tapering,one,pendant,black,several,woods
edible,convex,scaly,gray,yes,none,broad,purple,tapering,one,pendant,black,solitary,woods
edible,convex,scaly,brown,yes,none,broad,brown,tapering,one,pendant,brown,several,woods
edible,convex,fibrous,red,yes,none,broad,brown,tapering,one,pendant,black,solitary,woods
edible,convex,fibrous,red,yes,none,broad,white,tapering,one,pendant,brown,solitary,woods
edible,convex,fibrous,gray,yes,none,broad,purple,tapering,one,pendant,brown,solitary,woods
edible,convex,fibrous,red,yes,none,broad,white,tapering,one,pendant,brown,several,woods
edible,flat,fibrous,brown,yes,none,broad,brown,tapering,one,pendant,brown,solitary,woods
edible,convex,fibrous,red,yes,none,broad,pink,tapering,one,pendant,brown,several,woods
edible,flat,fibrous,brown,yes,none,broad,white,tapering,one,pendant,brown,solitary,woods
edible,flat,fibrous,brown,yes,none,broad,white,tapering,one,pendant,black,several,woods
edible,flat,fibrous,brown,yes,none,broad,purple,tapering,one,pendant,black,several,woods
edible,convex,fibrous,gray,yes,none,broad,brown,tapering,one,pendant,black,several,woods
edible,convex,fibrous,red,yes,none,broad,purple,tapering,one,pendant,brown,several,woods
edible,convex,scaly,red,yes,none,broad,purple,tapering,one,pendant,brown,solitary,woods
edible,flat,fibrous,gray,yes,none,broad,brown,tapering,one,pendant,black,solitary,woods
edible,flat,fibrous,brown,yes,none,broad,pink,tapering,one,pendant,brown,several,woods
edible,convex,scaly,brown,yes,none,broad,brown,tapering,one,pendant,brown,solitary,woods
edible,flat,fibrous,brown,yes,none,broad,purple,tapering,one,pendant,black,several,woods
poisonous,convex,fibrous,pink,no,creosote,narrow,pink,enlarging,one,pendant,brown,several,woods
edible,convex,fibrous,red,yes,none,broad,pink,tapering,one,pendant,black,solitary,woods
edible,convex,fibrous,brown,yes,none,broad,white,tapering,one,pendant,brown,several,woods
edible,convex,scaly,red,yes,none,broad,white,tapering,one,pendant,brown,solitary,woods
edible,flat,fibrous,brown,yes,none,broad,brown,tapering,one,pendant,brown,several,woods
edible,flat,fibrous,brown,yes,none,broad,white,tapering,one,pendant,black,solitary,woods
edible,convex,scaly,gray,yes,none,broad,white,tapering,one,pendant,black,several,woods
edible,flat,smooth,brown,no,none,broad,brown,tapering,one,evanescent,brown,abundant,grasses
edible,convex,scaly,gray,yes,none,broad,white,tapering,one,pendant,black,solitary,woods
edible,convex,scaly,brown,yes,none,broad,white,tapering,one,pendant,brown,several,woods
edible,convex,scaly,brown,yes,none,broad,pink,tapering,one,pendant,black,several,woods
edible,flat,fibrous,gray,yes,none,broad,pink,tapering,one,pendant,brown,several,woods
edible,convex,fibrous,red,yes,none,broad,brown,tapering,one,pendant,brown,solitary,woods
edible,flat,fibrous,brown,yes,none,broad,pink,tapering,one,pendant,black,solitary,woods
poisonous,convex,fibrous,gray,no,foul,broad,chocolate,enlarging,one,large,chocolate,solitary,grasses
edible,convex,scaly,red,yes,none,broad,white,tapering,one,pendant,brown,several,woods
edible,convex,fibrous,gray,yes,none,broad,purple,tapering,one,pendant,black,several,woods
edible,convex,fibrous,red,yes,none,broad,brown,tapering,one,pendant,brown,several,woods
edible,convex,fibrous,red,yes,none,broad,brown,tapering,one,pendant,black,solitary,woods
edible,convex,scaly,red,yes,none,broad,brown,tapering,one,pendant,black,several,woods
edible,flat,fibrous,brown,yes,none,broad,white,tapering,one,pendant,brown,solitary,woods
edible,flat,fibrous,brown,yes,none,broad,purple,tapering,one,pendant,black,several,woods
edible,convex,scaly,brown,yes,none,broad,white,tapering,one,pendant,black,several,woods
edible,convex,fibrous,red,yes,none,broad,purple,tapering,one,pendant,brown,solitary,woods
edible,convex,scaly,red,yes,none,broad,white,tapering,one,pendant,black,several,woods
edible,convex,scaly,brown,yes,none,broad,brown,tapering,one,pendant,black,solitary,woods
edible,convex,scaly,gray,yes,none,broad,purple,tapering,one,pendant,black,several,woods
edible,convex,scaly,brown,yes,none,broad,purple,tapering,one,pendant,black,several,woods
edible,convex,scaly,red,yes,none,broad,pink,tapering,one,pendant,brown,solitary,woods
edible,convex,fibrous,red,yes,none,broad,purple,tapering,one,pendant,brown,solitary,woods
edible,convex,fibrous,red,yes,none,broad,purple,tapering,one,pendant,black,solitary,woods
edible,convex,scaly,red,yes,none,broad,pink,tapering,one,pendant,brown,several,woods
edible,convex,scaly,brown,yes,none,broad,pink,tapering,one,pendant,black,solitary,woods
edible,convex,fibrous,red,yes,none,broad,pink,tapering,one,pendant,brown,solitary,woods
edible,flat,fibrous,red,yes,none,broad,white,tapering,one,pendant,brown,several,woods
edible,flat,fibrous,brown,yes,none,broad,white,tapering,one,pendant,black,solitary,woods
edible,convex,scaly,red,yes,none,broad,purple,tapering,one,pendant,black,several,woods
edible,convex,fibrous,brown,yes,none,broad,purple,tapering,one,pendant,brown,several,woods
edible,convex,scaly,red,yes,none,broad,brown,tapering,one,pendant,brown,solitary,woods
edible,flat,fibrous,gray,yes,none,broad,pink,tapering,one,pendant,brown,solitary,woods
edible,convex,scaly,brown,yes,none,broad,pink,tapering,one,pendant,brown,several,woods
edible,flat,scaly,red,yes,none,broad,brown,tapering,one,pendant,black,several,woods
edible,convex,scaly,brown,yes,none,broad,purple,tapering,one,pendant,black,solitary,woods
edible,convex,scaly,red,yes,none,broad,pink,tapering,one,pendant,brown,solitary,woods
edible,convex,scaly,gray,yes,none,broad,purple,tapering,one,pendant,brown,solitary,woods
edible,flat,scaly,gray,yes,none,broad,pink,tapering,one,pendant,black,several,woods
edible,convex,scaly,brown,yes,none,broad,purple,tapering,one,pendant,brown,solitary,woods
edible,convex,smooth,gray,no,none,broad,chocolate,tapering,one,evanescent,black,scattered,grasses
edible,flat,fibrous,brown,yes,none,broad,brown,tapering,one,pendant,brown,solitary,woods
edible,convex,scaly,gray,yes,none,broad,white,tapering,one,pendant,brown,solitary,woods
edible,convex,scaly,gray,yes,none,broad,brown,tapering,one,pendant,black,solitary,woods
edible,convex,fibrous,brown,yes,none,broad,purple,tapering,one,pendant,black,solitary,woods
edible,convex,fibrous,red,yes,none,broad,purple,tapering,one,pendant,brown,several,woods
edible,convex,scaly,red,yes,none,broad,brown,tapering,one,pendant,black,solitary,woods
edible,convex,scaly,brown,yes,none,broad,white,tapering,one,pendant,black,solitary,woods
edible,convex,fibrous,red,yes,none,broad,white,tapering,one,pendant,black,solitary,woods
edible,convex,scaly,red,yes,none,broad,purple,tapering,one,pendant,black,solitary,woods
edible,convex,scaly,brown,yes,none,broad,purple,tapering,one,pendant,brown,solitary,woods
edible,flat,fibrous,gray,yes,none,broad,pink,tapering,one,pendant,brown,solitary,woods
edible,convex,fibrous,red,yes,none,broad,purple,tapering,one,pendant,black,solitary,woods
edible,flat,scaly,brown,yes,none,broad,pink,tapering,one,pendant,black,several,woods
edible,convex,scaly,brown,yes,none,broad,white,tapering,one,pendant,brown,several,woods
edible,convex,fibrous,red,yes,none,broad,white,tapering,one,pendant,brown,solitary,woods
edible,convex,fibrous,gray,yes,none,broad,brown,tapering,one,pendant,black,several,woods
edible,convex,scaly,brown,yes,none,broad,purple,tapering,one,pendant,black,solitary,woods
edible,convex,scaly,gray,yes,none,broad,brown,tapering,one,pendant,brown,solitary,woods
poisonous,convex,fibrous,gray,no,creosote,narrow,pink,enlarging,one,pendant,black,several,woods
edible,convex,scaly,brown,yes,none,broad,brown,tapering,one,pendant,brown,solitary,woods
edible,convex,fibrous,gray,yes,none,broad,pink,tapering,one,pendant,brown,solitary,woods
edible,convex,scaly,brown,yes,none,broad,brown,tapering,one,pendant,black,solitary,woods
edible,convex,scaly,gray,yes,none,broad,white,tapering,one,pendant,black,several,woods
edible,convex,scaly,brown,yes,none,broad,white,tapering,one,pendant,brown,several,woods
edible,flat,fibrous,brown,yes,none,broad,pink,tapering,one,pendant,brown,several,woods
edible,flat,fibrous,brown,yes,none,broad,white,tapering,one,pendant,black,solitary,woods
edible,convex,scaly,brown,yes,none,broad,brown,tapering,one,pendant,brown,several,woods
edible,flat,fibrous,brown,yes,none,broad,pink,tapering,one,pendant,black,solitary,woods
edible,flat,fibrous,brown,yes,none,broad,white,tapering,one,pendant,brown,solitary,woods
edible,flat,scaly,gray,yes,none,broad,purple,tapering,one,pendant,black,solitary,woods
edible,convex,fibrous,gray,yes,none,broad,purple,tapering,one,pendant,black,solitary,woods
edible,convex,scaly,gray,yes,none,broad,white,tapering,one,pendant,black,solitary,woods
edible,convex,scaly,gray,yes,none,broad,purple,tapering,one,pendant,brown,several,woods
edible,flat,fibrous,brown,yes,none,broad,purple,tapering,one,pendant,brown,several,woods
edible,convex,fibrous,gray,yes,none,broad,brown,tapering,one,pendant,brown,several,woods
poisonous,convex,fibrous,gray,no,foul,broad,gray,enlarging,one,large,chocolate,several,woods
edible,flat,fibrous,brown,yes,none,broad,white,tapering,one,pendant,brown,several,woods
edible,convex,scaly,gray,yes,none,broad,white,tapering,one,pendant,black,solitary,woods
edible,convex,fibrous,gray,yes,none,broad,purple,tapering,one,pendant,brown,solitary,woods
poisonous,convex,fibrous,gray,no,foul,broad,gray,enlarging,one,large,chocolate,solitary,woods
edible,flat,fibrous,brown,yes,none,broad,purple,tapering,one,pendant,brown,several,woods
edible,convex,scaly,red,yes,none,broad,brown,tapering,one,pendant,brown,several,woods
edible,convex,scaly,brown,yes,none,broad,purple,tapering,one,pendant,black,several,woods
edible,convex,fibrous,red,yes,none,broad,pink,tapering,one,pendant,black,several,woods
edible,convex,fibrous,red,yes,none,broad,pink,tapering,one,pendant,brown,solitary,woods
edible,convex,scaly,brown,yes,none,broad,pink,tapering,one,pendant,brown,several,woods
edible,flat,fibrous,brown,yes,none,broad,brown,tapering,one,pendant,black,several,woods
edible,convex,fibrous,red,yes,none,broad,brown,tapering,one,pendant,brown,several,woods
edible,convex,fibrous,gray,yes,none,broad,white,tapering,one,pendant,black,several,woods
edible,flat,fibrous,brown,yes,none,broad,purple,tapering,one,pendant,black,solitary,woods
edible,convex,scaly,red,yes,none,broad,pink,tapering,one,pendant,brown,several,woods
edible,convex,fibrous,gray,yes,none,broad,purple,tapering,one,pendant,black,solitary,woods
edible,flat,fibrous,gray,yes,none,broad,pink,tapering,one,pendant,black,solitary,woods
edible,flat,fibrous,gray,yes,none,broad,pink,tapering,one,pendant,black,several,woods
edible,flat,fibrous,brown,yes,none,broad,brown,tapering,one,pendant,black,solitary,woods
edible,convex,fibrous,brown,yes,none,broad,white,tapering,one,pendant,brown,solitary,woods
edible,convex,scaly,red,yes,none,broad,white,tapering,one,pendant,brown,solitary,woods
edible,flat,smooth,gray,no,none,broad,pink,tapering,one,evanescent,black,scattered,grasses
edible,convex,scaly,red,yes,none,broad,pink,tapering,one,pendant,black,solitary,woods
edible,flat,fibrous,gray,yes,none,broad,pink,tapering,one,pendant,brown,solitary,woods
edible,convex,scaly,red,yes,none,broad,white,tapering,one,pendant,black,solitary,woods
edible,convex,fibrous,gray,yes,none,broad,purple,tapering,one,pendant,brown,several,woods
edible,flat,fibrous,brown,yes,none,broad,white,tapering,one,pendant,black,solitary,woods
edible,convex,fibrous,red,yes,none,broad,white,tapering,one,pendant,brown,several,woods
edible,convex,fibrous,red,yes,none,broad,brown,tapering,one,pendant,brown,several,woods
edible,convex,fibrous,gray,yes,none,broad,white,tapering,one,pendant,black,several,woods
poisonous,convex,fibrous,white,no,creosote,narrow,gray,enlarging,one,pendant,brown,scattered,woods
edible,convex,scaly,red,yes,none,broad,pink,tapering,one,pendant,brown,solitary,woods
edible,convex,fibrous,red,yes,none,broad,brown,tapering,one,pendant,black,several,woods
edible,convex,scaly,brown,yes,none,broad,white,tapering,one,pendant,brown,solitary,woods
edible,flat,fibrous,white,no,none,broad,chocolate,tapering,one,evanescent,brown,scattered,grasses
edible,convex,fibrous,gray,yes,none,broad,brown,tapering,one,pendant,brown,solitary,woods
edible,flat,fibrous,gray,yes,none,broad,brown,tapering,one,pendant,brown,several,woods
edible,convex,fibrous,gray,yes,none,broad,white,tapering,one,pendant,brown,solitary,woods
edible,flat,scaly,red,yes,none,broad,white,tapering,one,pendant,black,solitary,woods
edible,convex,fibrous,red,yes,none,broad,brown,tapering,one,pendant,black,solitary,woods
edible,convex,scaly,brown,yes,none,broad,brown,tapering,one,pendant,black,several,woods
edible,convex,scaly,red,yes,none,broad,brown,tapering,one,pendant,brown,several,woods
edible,convex,fibrous,red,yes,none,broad,brown,tapering,one,pendant,brown,several,woods
edible,flat,scaly,red,yes,none,broad,brown,tapering,one,pendant,black,several,woods
edible,flat,fibrous,brown,yes,none,broad,white,tapering,one,pendant,brown,several,woods
edible,convex,scaly,gray,yes,none,broad,pink,tapering,one,pendant,brown,several,woods
edible,convex,scaly,gray,yes,none,broad,pink,tapering,one,pendant,brown,solitary,woods
edible,convex,fibrous,gray,yes,none,broad,brown,tapering,one,pendant,brown,several,woods
edible,convex,fibrous,red,yes,none,broad,white,tapering,one,pendant,brown,several,woods
edible,convex,fibrous,brown,yes,none,broad,white,tapering,one,pendant,black,solitary,woods
edible,flat,fibrous,brown,no,none,broad,brown,tapering,one,evanescent,black,scattered,grasses
edible,convex,fibrous,red,yes,none,broad,white,tapering,one,pendant,brown,solitary,woods
edible,convex,scaly,gray,yes,none,broad,brown,tapering,one,pendant,brown,solitary,woods
edible,convex,scaly,brown,yes,none,broad,purple,tapering,one,pendant,black,several,woods
edible,convex,fibrous,gray,yes,none,broad,pink,tapering,one,pendant,brown,solitary,woods
edible,convex,scaly,red,yes,none,broad,brown,tapering,one,pendant,brown,solitary,woods
edible,flat,fibrous,brown,yes,none,broad,purple,tapering,one,pendant,black,several,woods
edible,convex,scaly,gray,yes,none,broad,purple,tapering,one,pendant,black,solitary,woods
edible,flat,fibrous,gray,yes,none,broad,pink,tapering,one,pendant,brown,several,woods
edible,convex,fibrous,red,yes,none,broad,purple,tapering,one,pendant,black,several,woods
edible,flat,fibrous,brown,yes,none,broad,brown,tapering,one,pendant,black,several,woods
edible,convex,scaly,gray,yes,none,broad,pink,tapering,one,pendant,brown,solitary,woods
edible,convex,scaly,brown,yes,none,broad,pink,tapering,one,pendant,brown,solitary,woods
edible,convex,scaly,red,yes,none,broad,white,tapering,one,pendant,black,several,woods
edible,convex,fibrous,red,yes,none,broad,purple,tapering,one,pendant,black,solitary,woods
edible,convex,fibrous,brown,yes,none,broad,purple,tapering,one,pendant,brown,several,woods
edible,flat,fibrous,brown,yes,none,broad,brown,tapering,one,pendant,black,solitary,woods
edible,convex,scaly,gray,yes,none,broad,brown,tapering,one,pendant,black,several,woods
edible,convex,fibrous,red,yes,none,broad,white,tapering,one,pendant,brown,solitary,woods
edible,flat,fibrous,brown,yes,none,broad,white,tapering,one,pendant,brown,several,woods
edible,flat,fibrous,brown,yes,none,broad,brown,tapering,one,pendant,brown,solitary,woods
edible,convex,scaly,red,yes,none,broad,purple,tapering,one,pendant,black,solitary,woods
edible,convex,fibrous,gray,yes,none,broad,purple,tapering,one,pendant,black,solitary,woods
edible,convex,fibrous,gray,yes,none,broad,purple,tapering,one,pendant,black,several,woods
poisonous,convex,fibrous,pink,no,creosote,narrow,purple,enlarging,one,pendant,black,several,woods
edible,convex,scaly,brown,yes,none,broad,pink,tapering,one,pendant,brown,solitary,woods
edible,convex,fibrous,red,yes,none,broad,pink,tapering,one,pendant,brown,several,woods
edible,flat,smooth,brown,no,none,broad,pink,tapering,one,evanescent,brown,scattered,grasses
edible,convex,scaly,gray,yes,none,broad,pink,tapering,one,pendant,black,solitary,woods
edible,convex,scaly,gray,yes,none,broad,purple,tapering,one,pendant,black,solitary,woods
edible,convex,fibrous,brown,yes,none,broad,purple,tapering,one,pendant,black,solitary,woods
edible,flat,fibrous,gray,yes,none,broad,brown,tapering,one,pendant,brown,solitary,woods
edible,convex,fibrous,gray,yes,none,broad,white,tapering,one,pendant,brown,several,woods
edible,convex,scaly,brown,yes,none,broad,white,tapering,one,pendant,black,solitary,woods
edible,convex,fibrous,red,yes,none,broad,white,tapering,one,pendant,brown,solitary,woods
edible,convex,fibrous,brown,yes,none,broad,purple,tapering,one,pendant,brown,several,woods
edible,flat,fibrous,gray,yes,none,broad,brown,tapering,one,pendant,brown,several,woods
edible,flat,fibrous,brown,yes,none,broad,white,tapering,one,pendant,brown,solitary,woods
edible,convex,scaly,gray,yes,none,broad,white,tapering,one,pendant,brown,several,woods
edible,convex,scaly,red,yes,none,broad,purple,tapering,one,pendant,brown,solitary,woods
edible,convex,scaly,gray,yes,none,broad,pink,tapering,one,pendant,black,several,woods
edible,flat,fibrous,gray,yes,none,broad,pink,tapering,one,pendant,black,solitary,woods
edible,convex,fibrous,red,yes,none,broad,purple,tapering,one,pendant,brown,solitary,woods
poisonous,convex,smooth,pink,no,creosote,narrow,purple,enlarging,one,pendant,black,scattered,woods
edible,flat,scaly,brown,yes,none,broad,white,tapering,one,pendant,black,several,woods
edible,convex,scaly,red,yes,none,broad,white,tapering,one,pendant,black,several,woods
edible,convex,scaly,gray,yes,none,broad,purple,tapering,one,pendant,black,solitary,woods
edible,convex,scaly,gray,yes,none,broad,brown,tapering,one,pendant,black,several,woods
edible,convex,fibrous,gray,yes,none,broad,brown,tapering,one,pendant,black,solitary,woods
edible,convex,fibrous,red,yes,none,broad,brown,tapering,one,pendant,brown,solitary,woods
edible,convex,scaly,brown,yes,none,broad,purple,tapering,one,pendant,brown,solitary,woods
edible,convex,scaly,gray,yes,none,broad,pink,tapering,one,pendant,brown,solitary,woods
edible,convex,scaly,red,yes,none,broad,purple,tapering,one,pendant,black,several,woods
edible,convex,scaly,brown,yes,none,broad,pink,tapering,one,pendant,black,several,woods
edible,convex,scaly,gray,yes,none,broad,white,tapering,one,pendant,brown,several,woods
edible,convex,scaly,brown,yes,none,broad,purple,tapering,one,pendant,brown,solitary,woods
edible,convex,fibrous,red,yes,none,broad,pink,tapering,one,pendant,black,solitary,woods
edible,convex,fibrous,red,yes,none,broad,pink,tapering,one,pendant,brown,solitary,woods
edible,convex,scaly,gray,yes,none,broad,white,tapering,one,pendant,brown,solitary,woods
edible,flat,fibrous,gray,yes,none,broad,brown,tapering,one,pendant,black,solitary,woods
edible,flat,fibrous,red,yes,none,broad,white,tapering,one,pendant,brown,solitary,woods
edible,flat,fibrous,gray,yes,none,broad,pink,tapering,one,pendant,brown,solitary,woods
edible,convex,scaly,red,yes,none,broad,pink,tapering,one,pendant,brown,solitary,woods
edible,convex,scaly,red,yes,none,broad,pink,tapering,one,pendant,brown,several,woods
edible,convex,smooth,white,no,none,broad,black,tapering,one,evanescent,black,scattered,grasses
edible,convex,scaly,brown,yes,none,broad,white,tapering,one,pendant,black,several,woods
edible,convex,scaly,red,yes,none,broad,brown,tapering,one,pendant,brown,solitary,woods
edible,flat,fibrous,red,yes,none,broad,purple,tapering,one,pendant,black,several,woods
edible,convex,fibrous,gray,yes,none,broad,brown,tapering,one,pendant,black,solitary,woods
edible,flat,fibrous,brown,yes,none,broad,brown,tapering,one,pendant,black,several,woods
poisonous,convex,smooth,gray,no,creosote,narrow,brown,enlarging,one,pendant,black,several,woods
edible,flat,scaly,red,yes,none,broad,white,tapering,one,pendant,black,several,woods
edible,convex,scaly,gray,yes,none,broad,white,tapering,one,pendant,black,several,woods
edible,convex,fibrous,brown,no,none,broad,black,tapering,one,evanescent,black,abundant,grasses
edible,convex,scaly,red,yes,none,broad,purple,tapering,one,pendant,black,solitary,woods
poisonous,convex,fibrous,white,no,creosote,narrow,purple,enlarging,one,pendant,brown,several,woods
edible,convex,scaly,red,yes,none,broad,pink,tapering,one,pendant,black,several,woods
edible,flat,fibrous,gray,yes,none,broad,pink,tapering,one,pendant,black,several,woods
edible,flat,fibrous,brown,yes,none,broad,purple,tapering,one,pendant,black,several,woods
edible,convex,scaly,brown,yes,none,broad,pink,tapering,one,pendant,black,several,woods
edible,flat,fibrous,brown,yes,none,broad,purple,tapering,one,pendant,black,several,woods
edible,convex,fibrous,gray,yes,none,broad,brown,tapering,one,pendant,brown,solitary,woods
edible,flat,scaly,brown,yes,none,broad,brown,tapering,one,pendant,black,several,woods
edible,convex,scaly,gray,yes,none,broad,white,tapering,one,pendant,brown,solitary,woods
edible,flat,scaly,brown,yes,none,broad,pink,tapering,one,pendant,brown,solitary,woods
edible,convex,fibrous,gray,yes,none,broad,brown,tapering,one,pendant,brown,several,woods
poisonous,convex,fibrous,gray,no,foul,broad,chocolate,enlarging,one,large,chocolate,solitary,paths
edible,convex,scaly,gray,yes,none,broad,brown,tapering,one,pendant,brown,solitary,woods
edible,convex,scaly,gray,yes,none,broad,white,tapering,one,pendant,black,several,woods
edible,convex,fibrous,gray,yes,none,broad,brown,tapering,one,pendant,black,solitary,woods
edible,convex,fibrous,red,yes,none,broad,pink,tapering,one,pendant,black,solitary,woods
edible,convex,fibrous,gray,yes,none,broad,pink,tapering,one,pendant,black,solitary,woods
edible,convex,fibrous,gray,yes,none,broad,pink,tapering,one,pendant,brown,solitary,woods
edible,flat,fibrous,gray,yes,none,broad,brown,tapering,one,pendant,brown,solitary,woods
edible,convex,scaly,red,yes,none,broad,brown,tapering,one,pendant,brown,solitary,woods
edible,convex,fibrous,gray,yes,none,broad,pink,tapering,one,pendant,brown,several,woods
edible,convex,scaly,red,yes,none,broad,purple,tapering,one,pendant,black,several,woods
edible,convex,fibrous,brown,yes,none,broad,white,tapering,one,pendant,black,solitary,woods
edible,convex,scaly,gray,yes,none,broad,purple,tapering,one,pendant,brown,several,woods
edible,convex,scaly,red,yes,none,broad,brown,tapering,one,pendant,brown,solitary,woods
edible,flat,fibrous,brown,yes,none,broad,pink,tapering,one,pendant,black,solitary,woods
edible,convex,fibrous,red,yes,none,broad,white,tapering,one,pendant,black,solitary,woods
edible,flat,scaly,brown,yes,none,broad,purple,tapering,one,pendant,brown,several,woods
edible,convex,scaly,brown,yes,none,broad,white,tapering,one,pendant,black,solitary,woods
edible,convex,scaly,gray,yes,none,broad,purple,tapering,one,pendant,brown,several,woods
edible,flat,fibrous,red,yes,none,broad,purple,tapering,one,pendant,black,solitary,woods
edible,convex,fibrous,gray,yes,none,broad,purple,tapering,one,pendant,black,solitary,woods
edible,convex,scaly,gray,yes,none,broad,brown,tapering,one,pendant,black,solitary,woods
edible,convex,scaly,gray,yes,none,broad,white,tapering,one,pendant,brown,solitary,woods
poisonous,convex,fibrous,gray,no,foul,broad,gray,enlarging,one,large,chocolate,solitary,paths
edible,convex,fibrous,gray,yes,none,broad,pink,tapering,one,pendant,black,several,woods
edible,convex,fibrous,gray,yes,none,broad,brown,tapering,one,pendant,brown,solitary,woods
edible,convex,fibrous,brown,yes,none,broad,pink,tapering,one,pendant,brown,several,woods
edible,convex,fibrous,gray,yes,none,broad,white,tapering,one,pendant,brown,several,woods
edible,flat,fibrous,brown,yes,none,broad,brown,tapering,one,pendant,black,solitary,woods
edible,convex,scaly,brown,yes,none,broad,pink,tapering,one,pendant,black,solitary,woods
edible,convex,fibrous,red,yes,none,broad,pink,tapering,one,pendant,black,several,woods
edible,convex,scaly,brown,yes,none,broad,white,tapering,one,pendant,black,several,woods
edible,flat,scaly,gray,yes,none,broad,white,tapering,one,pendant,black,several,woods
edible,flat,fibrous,gray,yes,none,broad,brown,tapering,one,pendant,brown,several,woods
poisonous,convex,fibrous,gray,no,foul,broad,chocolate,enlarging,one,large,chocolate,several,paths
edible,convex,fibrous,brown,yes,none,broad,purple,tapering,one,pendant,brown,solitary,woods
edible,convex,scaly,brown,yes,none,broad,purple,tapering,one,pendant,black,solitary,woods
edible,convex,fibrous,red,yes,none,broad,brown,tapering,one,pendant,brown,several,woods
edible,convex,fibrous,brown,yes,none,broad,purple,tapering,one,pendant,brown,several,woods
edible,flat,fibrous,brown,yes,none,broad,pink,tapering,one,pendant,brown,solitary,woods
edible,convex,scaly,gray,yes,none,broad,white,tapering,one,pendant,brown,several,woods
edible,convex,scaly,brown,yes,none,broad,purple,tapering,one,pendant,black,several,woods
edible,convex,scaly,red,yes,none,broad,pink,tapering,one,pendant,brown,solitary,woods
edible,flat,fibrous,gray,yes,none,broad,pink,tapering,one,pendant,black,solitary,woods
edible,convex,fibrous,gray,yes,none,broad,white,tapering,one,pendant,black,several,woods
edible,convex,scaly,red,yes,none,broad,brown,tapering,one,pendant,brown,several,woods
edible,convex,scaly,red,yes,none,broad,purple,tapering,one,pendant,brown,several,woods
edible,convex,fibrous,gray,yes,none,broad,pink,tapering,one,pendant,black,solitary,woods
edible,convex,scaly,brown,yes,none,broad,pink,tapering,one,pendant,brown,several,woods
edible,convex,fibrous,red,yes,none,broad,purple,tapering,one,pendant,black,solitary,woods
edible,flat,fibrous,brown,yes,none,broad,brown,tapering,one,pendant,brown,solitary,woods
edible,convex,fibrous,red,yes,none,broad,pink,tapering,one,pendant,brown,solitary,woods
edible,flat,fibrous,brown,yes,none,broad,brown,tapering,one,pendant,brown,several,woods
edible,convex,scaly,red,yes,none,broad,brown,tapering,one,pendant,black,solitary,woods
edible,convex,fibrous,brown,yes,none,broad,brown,tapering,one,pendant,black,solitary,woods
edible,convex,fibrous,red,yes,none,broad,white,tapering,one,pendant,brown,solitary,woods
edible,convex,fibrous,red,yes,none,broad,white,tapering,one,pendant,black,several,woods
edible,convex,fibrous,brown,yes,none,broad,purple,tapering,one,pendant,black,several,woods
edible,convex,scaly,brown,yes,none,broad,brown,tapering,one,pendant,brown,solitary,woods
edible,convex,scaly,red,yes,none,broad,white,tapering,one,pendant,brown,solitary,woods
edible,flat,fibrous,brown,yes,none,broad,purple,tapering,one,pendant,brown,solitary,woods
edible,convex,scaly,brown,yes,none,broad,purple,tapering,one,pendant,black,solitary,woods
edible,convex,scaly,red,yes,none,broad,purple,tapering,one,pendant,brown,several,woods
edible,flat,fibrous,gray,no,none,broad,brown,tapering,one,evanescent,brown,scattered,grasses
edible,convex,scaly,red,yes,none,broad,white,tapering,one,pendant,black,several,woods
edible,convex,scaly,red,yes,none,broad,pink,tapering,one,pendant,brown,solitary,woods
edible,flat,fibrous,brown,yes,none,broad,purple,tapering,one,pendant,brown,solitary,woods
edible,flat,fibrous,brown,yes,none,broad,brown,tapering,one,pendant,black,solitary,woods
edible,convex,fibrous,gray,yes,none,broad,purple,tapering,one,pendant,black,several,woods
edible,convex,scaly,gray,yes,none,broad,white,tapering,one,pendant,black,several,woods
edible,convex,fibrous,brown,yes,none,broad,purple,tapering,one,pendant,brown,solitary,woods
edible,flat,fibrous,brown,yes,none,broad,white,tapering,one,pendant,brown,solitary,woods
edible,convex,scaly,brown,yes,none,broad,purple,tapering,one,pendant,black,solitary,woods
edible,convex,scaly,gray,yes,none,broad,purple,tapering,one,pendant,black,several,woods
edible,convex,fibrous,gray,yes,none,broad,white,tapering,one,pendant,brown,solitary,woods
edible,convex,scaly,red,yes,none,broad,pink,tapering,one,pendant,black,solitary,woods
edible,convex,fibrous,gray,yes,none,broad,purple,tapering,one,pendant,brown,several,woods
edible,convex,scaly,red,yes,none,broad,purple,tapering,one,pendant,brown,several,woods
edible,convex,fibrous,gray,yes,none,broad,pink,tapering,one,pendant,brown,several,woods
edible,convex,fibrous,red,yes,none,broad,purple,tapering,one,pendant,brown,several,woods
edible,convex,fibrous,red,yes,none,broad,white,tapering,one,pendant,brown,several,woods
edible,convex,fibrous,red,yes,none,broad,purple,tapering,one,pendant,black,solitary,woods
edible,flat,scaly,gray,yes,none,broad,white,tapering,one,pendant,black,solitary,woods
edible,convex,fibrous,gray,yes,none,broad,white,tapering,one,pendant,black,solitary,woods
edible,convex,fibrous,red,yes,none,broad,white,tapering,one,pendant,black,several,woods
edible,convex,fibrous,gray,yes,none,broad,white,tapering,one,pendant,brown,solitary,woods
edible,flat,fibrous,brown,yes,none,broad,pink,tapering,one,pendant,black,several,woods
poisonous,convex,fibrous,gray,no,foul,broad,chocolate,enlarging,one,large,chocolate,several,woods
edible,convex,fibrous,brown,yes,none,broad,white,tapering,one,pendant,black,several,woods
edible,convex,scaly,gray,yes,none,broad,pink,tapering,one,pendant,brown,solitary,woods
edible,flat,fibrous,brown,yes,none,broad,brown,tapering,one,pendant,brown,solitary,woods
edible,convex,fibrous,red,yes,none,broad,purple,tapering,one,pendant,black,several,woods
edible,flat,fibrous,gray,yes,none,broad,purple,tapering,one,pendant,black,several,woods
edible,convex,scaly,brown,yes,none,broad,brown,tapering,one,pendant,black,solitary,woods
edible,convex,scaly,red,yes,none,broad,brown,tapering,one,pendant,black,solitary,woods
edible,convex,scaly,red,yes,none,broad,white,tapering,one,pendant,black,several,woods
edible,convex,scaly,brown,yes,none,broad,purple,tapering,one,pendant,brown,several,woods
edible,convex,scaly,brown,yes,none,broad,brown,tapering,one,pendant,black,several,woods
poisonous,convex,scaly,yellow,no,foul,broad,chocolate,enlarging,one,large,chocolate,several,paths
edible,flat,scaly,brown,yes,none,broad,purple,tapering,one,pendant,brown,solitary,woods
poisonous,convex,fibrous,gray,no,foul,broad,pink,enlarging,one,large,chocolate,solitary,woods
poisonous,convex,fibrous,gray,no,creosote,narrow,gray,enlarging,one,pendant,black,scattered,woods
edible,flat,fibrous,gray,yes,none,broad,purple,tapering,one,pendant,brown,solitary,woods
edible,flat,fibrous,red,yes,none,broad,purple,tapering,one,pendant,brown,several,woods
edible,flat,scaly,brown,yes,none,broad,pink,tapering,one,pendant,black,solitary,woods
edible,flat,fibrous,red,yes,none,broad,pink,tapering,one,pendant,black,solitary,woods
poisonous,convex,fibrous,gray,no,foul,broad,chocolate,enlarging,one,large,chocolate,solitary,paths
edible,flat,fibrous,gray,yes,none,broad,white,tapering,one,pendant,brown,several,woods
edible,flat,scaly,red,yes,none,broad,purple,tapering,one,pendant,black,solitary,woods
edible,flat,scaly,red,yes,none,broad,purple,tapering,one,pendant,brown,solitary,woods
poisonous,convex,fibrous,white,no,creosote,narrow,pink,enlarging,one,pendant,brown,scattered,woods
edible,convex,fibrous,red,yes,none,broad,purple,tapering,one,pendant,brown,solitary,woods
edible,flat,scaly,brown,yes,none,broad,purple,tapering,one,pendant,black,several,woods
poisonous,convex,fibrous,gray,no,foul,broad,gray,enlarging,one,large,chocolate,several,grasses
poisonous,convex,fibrous,gray,no,foul,broad,gray,enlarging,one,large,chocolate,solitary,paths
edible,flat,scaly,red,yes,none,broad,pink,tapering,one,pendant,brown,several,woods
edible,flat,scaly,red,yes,none,broad,brown,tapering,one,pendant,black,several,woods
edible,flat,fibrous,brown,yes,none,broad,white,tapering,one,pendant,black,several,woods
edible,flat,fibrous,gray,yes,none,broad,white,tapering,one,pendant,black,several,woods
edible,flat,fibrous,red,yes,none,broad,white,tapering,one,pendant,brown,solitary,woods
edible,flat,scaly,red,yes,none,broad,purple,tapering,one,pendant,brown,several,woods
edible,flat,scaly,red,yes,none,broad,white,tapering,one,pendant,brown,solitary,woods
edible,flat,scaly,red,yes,none,broad,pink,tapering,one,pendant,black,several,woods
poisonous,convex,fibrous,pink,no,creosote,narrow,purple,enlarging,one,pendant,black,scattered,woods
poisonous,convex,fibrous,gray,no,foul,broad,gray,enlarging,one,large,chocolate,solitary,woods
edible,flat,fibrous,red,yes,none,broad,pink,tapering,one,pendant,brown,solitary,woods
edible,flat,scaly,gray,yes,none,broad,white,tapering,one,pendant,black,several,woods
edible,flat,scaly,gray,yes,none,broad,white,tapering,one,pendant,black,several,woods
edible,flat,fibrous,gray,yes,none,broad,white,tapering,one,pendant,brown,solitary,woods
edible,flat,fibrous,red,yes,none,broad,purple,tapering,one,pendant,black,solitary,woods
edible,flat,scaly,red,yes,none,broad,white,tapering,one,pendant,brown,several,woods
poisonous,flat,fibrous,gray,no,foul,broad,chocolate,enlarging,one,large,chocolate,several,paths
edible,flat,scaly,brown,yes,none,broad,white,tapering,one,pendant,brown,solitary,woods
edible,flat,scaly,red,yes,none,broad,pink,tapering,one,pendant,brown,several,woods
poisonous,convex,fibrous,gray,no,creosote,narrow,pink,enlarging,one,pendant,brown,scattered,woods
edible,flat,fibrous,red,yes,none,broad,pink,tapering,one,pendant,black,solitary,woods
edible,flat,scaly,red,yes,none,broad,pink,tapering,one,pendant,black,several,woods
poisonous,convex,scaly,yellow,no,foul,broad,pink,enlarging,one,large,chocolate,several,grasses
poisonous,flat,fibrous,yellow,no,foul,broad,pink,enlarging,one,large,chocolate,several,woods
edible,flat,scaly,brown,yes,none,broad,purple,tapering,one,pendant,black,several,woods
edible,flat,scaly,brown,yes,none,broad,pink,tapering,one,pendant,black,several,woods
edible,flat,scaly,gray,yes,none,broad,white,tapering,one,pendant,brown,several,woods
edible,flat,scaly,brown,yes,none,broad,pink,tapering,one,pendant,brown,several,woods
edible,convex,scaly,red,yes,none,broad,brown,tapering,one,pendant,black,several,woods
poisonous,convex,smooth,pink,no,creosote,narrow,brown,enlarging,one,pendant,brown,several,woods
edible,flat,scaly,brown,yes,none,broad,pink,tapering,one,pendant,black,solitary,woods
edible,convex,scaly,red,yes,none,broad,purple,tapering,one,pendant,black,several,woods
edible,flat,fibrous,red,yes,none,broad,pink,tapering,one,pendant,black,solitary,woods
edible,flat,scaly,brown,yes,none,broad,brown,tapering,one,pendant,black,several,woods
poisonous,convex,smooth,white,no,creosote,narrow,pink,enlarging,one,pendant,black,several,woods
edible,flat,fibrous,gray,yes,none,broad,white,tapering,one,pendant,brown,several,woods
edible,flat,scaly,gray,yes,none,broad,purple,tapering,one,pendant,brown,solitary,woods
edible,flat,scaly,gray,yes,none,broad,pink,tapering,one,pendant,brown,several,woods
edible,flat,scaly,brown,yes,none,broad,pink,tapering,one,pendant,black,several,woods
poisonous,convex,smooth,gray,no,creosote,narrow,purple,enlarging,one,pendant,brown,scattered,woods
poisonous,convex,fibrous,pink,no,creosote,narrow,brown,enlarging,one,pendant,black,scattered,woods
edible,flat,scaly,red,yes,none,broad,purple,tapering,one,pendant,black,solitary,woods
poisonous,convex,fibrous,gray,no,foul,broad,pink,enlarging,one,large,chocolate,solitary,woods
poisonous,convex,smooth,white,no,creosote,narrow,gray,enlarging,one,pendant,black,several,woods
poisonous,convex,fibrous,gray,no,foul,broad,gray,enlarging,one,large,chocolate,several,paths
edible,flat,scaly,brown,yes,none,broad,brown,tapering,one,pendant,brown,several,woods
poisonous,convex,scaly,yellow,no,foul,broad,gray,enlarging,one,large,chocolate,solitary,paths
edible,flat,scaly,gray,yes,none,broad,purple,tapering,one,pendant,brown,several,woods
edible,flat,scaly,brown,yes,none,broad,purple,tapering,one,pendant,black,solitary,woods
edible,flat,scaly,gray,yes,none,broad,pink,tapering,one,pendant,black,solitary,woods
poisonous,convex,smooth,white,no,creosote,narrow,pink,enlarging,one,pendant,brown,scattered,woods
poisonous,convex,fibrous,gray,no,foul,broad,gray,enlarging,one,large,chocolate,several,paths
edible,flat,scaly,gray,yes,none,broad,purple,tapering,one,pendant,black,several,woods
edible,convex,scaly,brown,yes,none,broad,white,tapering,one,pendant,black,solitary,woods
edible,flat,scaly,gray,yes,none,broad,brown,tapering,one,pendant,black,solitary,woods
poisonous,convex,fibrous,gray,no,foul,broad,pink,enlarging,one,large,chocolate,several,paths
edible,flat,scaly,brown,yes,none,broad,pink,tapering,one,pendant,brown,solitary,woods
poisonous,flat,fibrous,gray,no,foul,broad,chocolate,enlarging,one,large,chocolate,solitary,paths
edible,flat,fibrous,red,yes,none,broad,brown,tapering,one,pendant,brown,solitary,woods
edible,convex,fibrous,brown,yes,none,broad,purple,tapering,one,pendant,black,several,woods
poisonous,flat,fibrous,gray,no,foul,broad,gray,enlarging,one,large,chocolate,several,paths
edible,flat,scaly,gray,yes,none,broad,purple,tapering,one,pendant,black,several,woods
edible,flat,scaly,gray,yes,none,broad,purple,tapering,one,pendant,brown,solitary,woods
edible,flat,scaly,red,yes,none,broad,pink,tapering,one,pendant,brown,solitary,woods
poisonous,convex,fibrous,gray,no,foul,broad,gray,enlarging,one,large,chocolate,several,paths
edible,flat,fibrous,red,yes,none,broad,pink,tapering,one,pendant,brown,several,woods
edible,flat,scaly,brown,yes,none,broad,purple,tapering,one,pendant,black,several,woods
poisonous,convex,fibrous,gray,no,foul,broad,pink,enlarging,one,large,chocolate,several,grasses
edible,flat,scaly,red,yes,none,broad,purple,tapering,one,pendant,black,solitary,woods
poisonous,convex,fibrous,gray,no,foul,broad,chocolate,enlarging,one,large,chocolate,solitary,woods
edible,flat,scaly,red,yes,none,broad,white,tapering,one,pendant,brown,solitary,woods
poisonous,convex,fibrous,gray,no,foul,broad,chocolate,enlarging,one,large,chocolate,solitary,grasses
poisonous,convex,fibrous,gray,no,foul,broad,gray,enlarging,one,large,chocolate,solitary,paths
poisonous,convex,fibrous,gray,no,foul,broad,gray,enlarging,one,large,chocolate,solitary,grasses
edible,flat,scaly,red,yes,none,broad,purple,tapering,one,pendant,brown,solitary,woods
poisonous,convex,fibrous,gray,no,foul,broad,pink,enlarging,one,large,chocolate,several,grasses
edible,flat,fibrous,red,yes,none,broad,purple,tapering,one,pendant,brown,several,woods
poisonous,convex,smooth,gray,no,creosote,narrow,gray,enlarging,one,pendant,brown,several,woods
edible,flat,scaly,gray,yes,none,broad,white,tapering,one,pendant,black,several,woods
poisonous,convex,smooth,pink,no,creosote,narrow,pink,enlarging,one,pendant,brown,scattered,woods
edible,flat,fibrous,red,yes,none,broad,brown,tapering,one,pendant,brown,solitary,woods
edible,flat,fibrous,red,yes,none,broad,purple,tapering,one,pendant,brown,solitary,woods
edible,flat,scaly,red,yes,none,broad,pink,tapering,one,pendant,black,solitary,woods
edible,flat,scaly,brown,yes,none,broad,brown,tapering,one,pendant,black,solitary,woods
poisonous,convex,fibrous,gray,no,foul,broad,pink,enlarging,one,large,chocolate,solitary,grasses
poisonous,flat,fibrous,yellow,no,foul,broad,gray,enlarging,one,large,chocolate,solitary,paths
poisonous,convex,smooth,gray,no,creosote,narrow,gray,enlarging,one,pendant,black,scattered,woods
edible,flat,fibrous,red,yes,none,broad,purple,tapering,one,pendant,black,several,woods
edible,flat,fibrous,red,yes,none,broad,white,tapering,one,pendant,black,solitary,woods
edible,flat,scaly,red,yes,none,broad,purple,tapering,one,pendant,black,several,woods
edible,flat,scaly,brown,yes,none,broad,white,tapering,one,pendant,black,solitary,woods
poisonous,convex,fibrous,gray,no,foul,broad,pink,enlarging,one,large,chocolate,several,grasses
poisonous,convex,fibrous,gray,no,creosote,narrow,purple,enlarging,one,pendant,black,several,woods
edible,flat,fibrous,gray,yes,none,broad,white,tapering,one,pendant,black,solitary,woods
edible,flat,scaly,red,yes,none,broad,brown,tapering,one,pendant,brown,several,woods
edible,flat,scaly,red,yes,none,broad,brown,tapering,one,pendant,black,several,woods
edible,flat,fibrous,gray,yes,none,broad,white,tapering,one,pendant,brown,several,woods
edible,flat,scaly,brown,yes,none,broad,pink,tapering,one,pendant,black,solitary,woods
edible,flat,scaly,brown,yes,none,broad,brown,tapering,one,pendant,black,solitary,woods
edible,flat,fibrous,red,yes,none,broad,brown,tapering,one,pendant,black,several,woods
poisonous,convex,smooth,gray,no,creosote,narrow,purple,enlarging,one,pendant,black,several,woods
poisonous,convex,fibrous,white,no,creosote,narrow,brown,enlarging,one,pendant,brown,several,woods
edible,flat,fibrous,gray,yes,none,broad,purple,tapering,one,pendant,black,solitary,woods
edible,flat,scaly,gray,yes,none,broad,white,tapering,one,pendant,brown,solitary,woods
poisonous,convex,fibrous,gray,no,foul,broad,pink,enlarging,one,large,chocolate,solitary,woods
edible,convex,scaly,red,yes,none,broad,brown,tapering,one,pendant,black,several,woods
poisonous,convex,smooth,white,no,creosote,narrow,pink,enlarging,one,pendant,black,scattered,woods
edible,flat,scaly,gray,yes,none,broad,brown,tapering,one,pendant,brown,solitary,woods
edible,flat,scaly,gray,yes,none,broad,brown,tapering,one,pendant,black,solitary,woods
edible,flat,scaly,gray,yes,none,broad,pink,tapering,one,pendant,brown,several,woods
edible,flat,fibrous,red,yes,none,broad,white,tapering,one,pendant,brown,several,woods
edible,flat,scaly,brown,yes,none,broad,white,tapering,one,pendant,brown,solitary,woods
edible,flat,scaly,gray,yes,none,broad,pink,tapering,one,pendant,black,several,woods
edible,flat,scaly,brown,yes,none,broad,purple,tapering,one,pendant,brown,solitary,woods
edible,flat,scaly,gray,yes,none,broad,pink,tapering,one,pendant,black,solitary,woods
edible,flat,scaly,gray,yes,none,broad,purple,tapering,one,pendant,brown,several,woods
edible,convex,fibrous,brown,yes,none,broad,purple,tapering,one,pendant,black,solitary,woods
edible,flat,scaly,red,yes,none,broad,pink,tapering,one,pendant,black,solitary,woods
edible,flat,fibrous,red,yes,none,broad,pink,tapering,one,pendant,black,several,woods
edible,flat,scaly,red,yes,none,broad,pink,tapering,one,pendant,brown,several,woods
poisonous,convex,fibrous,yellow,no,foul,broad,gray,enlarging,one,large,chocolate,several,paths
edible,flat,scaly,gray,yes,none,broad,purple,tapering,one,pendant,brown,solitary,woods
edible,flat,scaly,brown,yes,none,broad,pink,tapering,one,pendant,black,several,woods
poisonous,convex,fibrous,gray,no,foul,broad,pink,enlarging,one,large,chocolate,solitary,woods
edible,flat,scaly,gray,yes,none,broad,white,tapering,one,pendant,black,solitary,woods
edible,flat,scaly,gray,yes,none,broad,purple,tapering,one,pendant,black,solitary,woods
edible,flat,scaly,gray,yes,none,broad,pink,tapering,one,pendant,brown,solitary,woods
edible,flat,scaly,red,yes,none,broad,brown,tapering,one,pendant,brown,solitary,woods
edible,flat,scaly,gray,yes,none,broad,brown,tapering,one,pendant,black,several,woods
poisonous,convex,smooth,white,no,creosote,narrow,gray,enlarging,one,pendant,brown,scattered,woods
poisonous,convex,fibrous,white,no,creosote,narrow,brown,enlarging,one,pendant,brown,scattered,woods
edible,flat,fibrous,brown,yes,none,broad,brown,tapering,one,pendant,black,several,woods
edible,flat,fibrous,red,yes,none,broad,purple,tapering,one,pendant,black,solitary,woods
edible,flat,scaly,red,yes,none,broad,brown,tapering,one,pendant,brown,solitary,woods
poisonous,convex,fibrous,gray,no,foul,broad,chocolate,enlarging,one,large,chocolate,solitary,woods
edible,flat,fibrous,gray,yes,none,broad,pink,tapering,one,pendant,brown,several,woods
edible,flat,fibrous,gray,yes,none,broad,brown,tapering,one,pendant,black,solitary,woods
edible,flat,fibrous,gray,yes,none,broad,purple,tapering,one,pendant,black,solitary,woods
poisonous,convex,smooth,white,no,creosote,narrow,gray,enlarging,one,pendant,brown,scattered,woods
edible,convex,scaly,red,yes,none,broad,brown,tapering,one,pendant,black,several,woods
edible,flat,scaly,red,yes,none,broad,purple,tapering,one,pendant,black,several,woods
poisonous,convex,fibrous,gray,no,foul,broad,gray,enlarging,one,large,chocolate,solitary,woods
edible,flat,fibrous,red,yes,none,broad,white,tapering,one,pendant,black,solitary,woods
poisonous,convex,fibrous,gray,no,foul,broad,pink,enlarging,one,large,chocolate,several,paths
poisonous,convex,fibrous,pink,no,creosote,narrow,gray,enlarging,one,pendant,black,scattered,woods
edible,flat,scaly,gray,yes,none,broad,white,tapering,one,pendant,black,several,woods
poisonous,convex,fibrous,gray,no,foul,broad,gray,enlarging,one,large,chocolate,several,paths
poisonous,convex,fibrous,white,no,creosote,narrow,gray,enlarging,one,pendant,brown,scattered,woods
poisonous,convex,fibrous,gray,no,foul,broad,pink,enlarging,one,large,chocolate,several,paths
edible,flat,scaly,red,yes,none,broad,white,tapering,one,pendant,brown,several,woods
poisonous,convex,scaly,gray,no,foul,broad,pink,enlarging,one,large,chocolate,several,paths
poisonous,convex,smooth,gray,no,creosote,narrow,purple,enlarging,one,pendant,brown,scattered,woods
edible,flat,scaly,gray,yes,none,broad,brown,tapering,one,pendant,brown,solitary,woods
edible,flat,scaly,brown,yes,none,broad,pink,tapering,one,pendant,black,several,woods
edible,flat,fibrous,red,yes,none,broad,brown,tapering,one,pendant,brown,solitary,woods
poisonous,convex,fibrous,gray,no,foul,broad,pink,enlarging,one,large,chocolate,several,paths
poisonous,convex,fibrous,pink,no,creosote,narrow,gray,enlarging,one,pendant,black,several,woods
edible,convex,scaly,brown,yes,none,broad,pink,tapering,one,pendant,brown,several,woods
edible,flat,fibrous,red,yes,none,broad,white,tapering,one,pendant,black,solitary,woods
edible,flat,scaly,brown,yes,none,broad,white,tapering,one,pendant,black,solitary,woods
edible,flat,scaly,gray,yes,none,broad,brown,tapering,one,pendant,black,several,woods
poisonous,convex,scaly,gray,no,foul,broad,gray,enlarging,one,large,chocolate,several,grasses
edible,flat,scaly,brown,yes,none,broad,purple,tapering,one,pendant,brown,several,woods
poisonous,convex,fibrous,pink,no,creosote,narrow,purple,enlarging,one,pendant,black,several,woods
poisonous,convex,fibrous,white,no,creosote,narrow,brown,enlarging,one,pendant,black,scattered,woods
edible,flat,fibrous,red,yes,none,broad,white,tapering,one,pendant,brown,solitary,woods
edible,flat,scaly,brown,yes,none,broad,pink,tapering,one,pendant,brown,solitary,woods
edible,flat,scaly,red,yes,none,broad,purple,tapering,one,pendant,black,several,woods
edible,flat,scaly,gray,yes,none,broad,purple,tapering,one,pendant,black,several,woods
poisonous,convex,fibrous,gray,no,foul,broad,gray,enlarging,one,large,chocolate,several,woods
poisonous,convex,fibrous,gray,no,foul,broad,pink,enlarging,one,large,chocolate,solitary,paths
edible,flat,fibrous,red,yes,none,broad,pink,tapering,one,pendant,black,solitary,woods
poisonous,convex,scaly,yellow,no,foul,broad,gray,enlarging,one,large,chocolate,several,grasses
poisonous,convex,smooth,pink,no,creosote,narrow,purple,enlarging,one,pendant,black,scattered,woods
edible,flat,fibrous,red,yes,none,broad,pink,tapering,one,pendant,brown,solitary,woods
poisonous,flat,fibrous,yellow,no,foul,broad,pink,enlarging,one,large,chocolate,several,woods
edible,flat,scaly,red,yes,none,broad,purple,tapering,one,pendant,black,solitary,woods
edible,flat,scaly,red,yes,none,broad,brown,tapering,one,pendant,brown,several,woods
edible,convex,fibrous,brown,yes,none,broad,purple,tapering,one,pendant,black,solitary,woods
edible,flat,fibrous,red,yes,none,broad,white,tapering,one,pendant,black,several,woods
edible,flat,fibrous,gray,yes,none,broad,white,tapering,one,pendant,brown,several,woods
poisonous,convex,fibrous,gray,no,foul,broad,pink,enlarging,one,large,chocolate,several,grasses
edible,flat,scaly,red,yes,none,broad,purple,tapering,one,pendant,brown,solitary,woods
poisonous,flat,fibrous,gray,no,foul,broad,chocolate,enlarging,one,large,chocolate,solitary,paths
edible,flat,scaly,red,yes,none,broad,purple,tapering,one,pendant,brown,solitary,woods
edible,flat,fibrous,red,yes,none,broad,pink,tapering,one,pendant,black,several,woods
edible,flat,fibrous,gray,yes,none,broad,white,tapering,one,pendant,brown,solitary,woods
poisonous,convex,fibrous,gray,no,foul,broad,gray,enlarging,one,large,chocolate,solitary,grasses
edible,flat,scaly,gray,yes,none,broad,purple,tapering,one,pendant,black,several,woods
edible,flat,scaly,gray,yes,none,broad,purple,tapering,one,pendant,black,solitary,woods
poisonous,convex,fibrous,gray,no,foul,broad,chocolate,enlarging,one,large,chocolate,several,grasses
poisonous,convex,fibrous,white,no,creosote,narrow,purple,enlarging,one,pendant,brown,scattered,woods
edible,flat,fibrous,red,yes,none,broad,white,tapering,one,pendant,black,several,woods
poisonous,convex,fibrous,yellow,no,foul,broad,gray,enlarging,one,large,chocolate,several,woods
edible,flat,scaly,red,yes,none,broad,white,tapering,one,pendant,brown,solitary,woods
edible,flat,scaly,gray,yes,none,broad,brown,tapering,one,pendant,brown,several,woods
edible,flat,fibrous,red,yes,none,broad,brown,tapering,one,pendant,black,several,woods
edible,flat,fibrous,gray,yes,none,broad,purple,tapering,one,pendant,brown,several,woods
edible,flat,scaly,gray,yes,none,broad,white,tapering,one,pendant,black,several,woods
edible,flat,fibrous,red,yes,none,broad,pink,tapering,one,pendant,brown,several,woods
poisonous,convex,smooth,gray,no,creosote,narrow,gray,enlarging,one,pendant,black,several,woods
edible,flat,scaly,gray,yes,none,broad,purple,tapering,one,pendant,brown,solitary,woods
edible,flat,scaly,brown,yes,none,broad,white,tapering,one,pendant,brown,solitary,woods
edible,flat,scaly,gray,yes,none,broad,brown,tapering,one,pendant,brown,solitary,woods
edible,flat,scaly,gray,yes,none,broad,brown,tapering,one,pendant,brown,solitary,woods
edible,flat,scaly,brown,yes,none,broad,white,tapering,one,pendant,black,solitary,woods
edible,convex,fibrous,gray,yes,none,broad,brown,tapering,one,pendant,brown,several,woods
edible,flat,fibrous,gray,yes,none,broad,purple,tapering,one,pendant,brown,solitary,woods
poisonous,convex,fibrous,gray,no,foul,broad,pink,enlarging,one,large,chocolate,solitary,paths
poisonous,convex,smooth,white,no,creosote,narrow,pink,enlarging,one,pendant,black,several,woods
edible,flat,fibrous,gray,yes,none,broad,purple,tapering,one,pendant,black,several,woods
edible,flat,fibrous,gray,yes,none,broad,white,tapering,one,pendant,black,several,woods
edible,flat,scaly,gray,yes,none,broad,brown,tapering,one,pendant,brown,several,woods
poisonous,convex,fibrous,gray,no,foul,broad,chocolate,enlarging,one,large,chocolate,solitary,paths
poisonous,convex,smooth,white,no,creosote,narrow,purple,enlarging,one,pendant,brown,scattered,woods
poisonous,convex,fibrous,gray,no,foul,broad,pink,enlarging,one,large,chocolate,solitary,paths
edible,convex,scaly,gray,yes,none,broad,brown,tapering,one,pendant,black,solitary,woods
poisonous,convex,fibrous,gray,no,foul,broad,chocolate,enlarging,one,large,chocolate,several,grasses
edible,flat,scaly,red,yes,none,broad,pink,tapering,one,pendant,brown,solitary,woods
edible,flat,scaly,gray,yes,none,broad,pink,tapering,one,pendant,brown,solitary,woods
edible,convex,fibrous,gray,yes,none,broad,white,tapering,one,pendant,black,several,woods
poisonous,convex,fibrous,gray,no,foul,broad,chocolate,enlarging,one,large,chocolate,several,woods
edible,flat,scaly,gray,yes,none,broad,pink,tapering,one,pendant,black,solitary,woods
edible,flat,scaly,gray,yes,none,broad,brown,tapering,one,pendant,black,several,woods
poisonous,convex,smooth,white,no,creosote,narrow,pink,enlarging,one,pendant,black,scattered,woods
poisonous,convex,scaly,yellow,no,foul,broad,gray,enlarging,one,large,chocolate,solitary,grasses
edible,flat,fibrous,red,yes,none,broad,brown,tapering,one,pendant,black,solitary,woods
poisonous,convex,fibrous,gray,no,foul,broad,gray,enlarging,one,large,chocolate,solitary,woods
poisonous,convex,fibrous,gray,no,foul,broad,gray,enlarging,one,large,chocolate,solitary,woods
edible,convex,scaly,brown,yes,none,broad,purple,tapering,one,pendant,brown,several,woods
poisonous,convex,fibrous,gray,no,foul,broad,gray,enlarging,one,large,chocolate,solitary,grasses
edible,flat,scaly,brown,yes,none,broad,purple,tapering,one,pendant,brown,solitary,woods
edible,flat,fibrous,gray,yes,none,broad,purple,tapering,one,pendant,black,solitary,woods
edible,flat,scaly,gray,yes,none,broad,pink,tapering,one,pendant,brown,several,woods
edible,flat,scaly,gray,yes,none,broad,purple,tapering,one,pendant,black,solitary,woods
poisonous,convex,smooth,gray,no,creosote,narrow,brown,enlarging,one,pendant,brown,scattered,woods
edible,flat,fibrous,gray,yes,none,broad,white,tapering,one,pendant,black,several,woods
edible,flat,scaly,red,yes,none,broad,brown,tapering,one,pendant,brown,several,woods
edible,flat,scaly,brown,yes,none,broad,brown,tapering,one,pendant,brown,several,woods
edible,flat,scaly,gray,yes,none,broad,purple,tapering,one,pendant,black,several,woods
poisonous,convex,fibrous,pink,no,creosote,narrow,gray,enlarging,one,pendant,brown,several,woods
poisonous,convex,fibrous,gray,no,foul,broad,pink,enlarging,one,large,chocolate,solitary,grasses
edible,flat,scaly,gray,yes,none,broad,pink,tapering,one,pendant,black,solitary,woods
edible,flat,fibrous,gray,yes,none,broad,purple,tapering,one,pendant,black,solitary,woods
poisonous,convex,smooth,pink,no,creosote,narrow,pink,enlarging,one,pendant,brown,several,woods
edible,convex,scaly,gray,yes,none,broad,purple,tapering,one,pendant,brown,solitary,woods
poisonous,convex,fibrous,gray,no,foul,broad,chocolate,enlarging,one,large,chocolate,solitary,paths
poisonous,convex,fibrous,gray,no,foul,broad,chocolate,enlarging,one,large,chocolate,solitary,paths
edible,flat,scaly,brown,yes,none,broad,white,tapering,one,pendant,brown,solitary,woods
edible,flat,scaly,brown,yes,none,broad,pink,tapering,one,pendant,brown,several,woods
poisonous,convex,smooth,gray,no,creosote,narrow,purple,enlarging,one,pendant,brown,several,woods
poisonous,flat,fibrous,gray,no,foul,broad,gray,enlarging,one,large,chocolate,several,woods
poisonous,convex,fibrous,pink,no,creosote,narrow,pink,enlarging,one,pendant,brown,scattered,woods
edible,flat,scaly,red,yes,none,broad,white,tapering,one,pendant,black,several,woods
edible,flat,scaly,gray,yes,none,broad,white,tapering,one,pendant,black,several,woods
edible,flat,fibrous,red,yes,none,broad,brown,tapering,one,pendant,brown,solitary,woods
poisonous,convex,fibrous,yellow,no,foul,broad,pink,enlarging,one,large,chocolate,solitary,grasses
edible,flat,fibrous,gray,yes,none,broad,white,tapering,one,pendant,black,solitary,woods
poisonous,convex,fibrous,white,no,creosote,narrow,pink,enlarging,one,pendant,black,several,woods
poisonous,convex,fibrous,gray,no,foul,broad,gray,enlarging,one,large,chocolate,several,woods
edible,flat,fibrous,red,yes,none,broad,pink,tapering,one,pendant,brown,solitary,woods
edible,flat,scaly,gray,yes,none,broad,white,tapering,one,pendant,brown,solitary,woods
poisonous,convex,fibrous,gray,no,foul,broad,pink,enlarging,one,large,chocolate,several,paths
poisonous,convex,fibrous,gray,no,foul,broad,chocolate,enlarging,one,large,chocolate,several,paths
poisonous,convex,smooth,pink,no,creosote,narrow,pink,enlarging,one,pendant,black,several,woods
edible,convex,scaly,gray,yes,none,broad,purple,tapering,one,pendant,black,several,woods
poisonous,convex,fibrous,gray,no,foul,broad,pink,enlarging,one,large,chocolate,several,woods
edible,flat,scaly,brown,yes,none,broad,white,tapering,one,pendant,brown,solitary,woods
edible,convex,scaly,brown,yes,none,broad,purple,tapering,one,pendant,brown,several,woods
edible,flat,scaly,red,yes,none,broad,pink,tapering,one,pendant,brown,solitary,woods
edible,flat,scaly,gray,yes,none,broad,pink,tapering,one,pendant,brown,solitary,woods
edible,flat,fibrous,red,yes,none,broad,pink,tapering,one,pendant,black,solitary,woods
edible,flat,scaly,gray,yes,none,broad,pink,tapering,one,pendant,black,solitary,woods
edible,flat,fibrous,gray,yes,none,broad,white,tapering,one,pendant,brown,solitary,woods
poisonous,convex,fibrous,pink,no,creosote,narrow,brown,enlarging,one,pendant,black,scattered,woods
edible,flat,fibrous,red,yes,none,broad,brown,tapering,one,pendant,brown,several,woods
edible,flat,fibrous,red,yes,none,broad,purple,tapering,one,pendant,black,several,woods
poisonous,convex,smooth,white,no,creosote,narrow,brown,enlarging,one,pendant,brown,scattered,woods
edible,flat,fibrous,gray,yes,none,broad,white,tapering,one,pendant,black,solitary,woods
edible,flat,scaly,brown,yes,none,broad,brown,tapering,one,pendant,black,several,woods
poisonous,convex,fibrous,gray,no,foul,broad,chocolate,enlarging,one,large,chocolate,several,grasses
edible,flat,fibrous,red,yes,none,broad,brown,tapering,one,pendant,brown,several,woods
poisonous,convex,fibrous,gray,no,foul,broad,chocolate,enlarging,one,large,chocolate,solitary,grasses
edible,flat,fibrous,red,yes,none,broad,white,tapering,one,pendant,brown,solitary,woods
edible,flat,scaly,gray,yes,none,broad,purple,tapering,one,pendant,brown,solitary,woods
edible,flat,fibrous,gray,yes,none,broad,white,tapering,one,pendant,brown,several,woods
poisonous,convex,fibrous,gray,no,foul,broad,gray,enlarging,one,large,chocolate,several,grasses
edible,flat,scaly,red,yes,none,broad,brown,tapering,one,pendant,brown,several,woods
poisonous,convex,fibrous,white,no,creosote,narrow,pink,enlarging,one,pendant,black,scattered,woods
edible,flat,scaly,brown,yes,none,broad,brown,tapering,one,pendant,brown,solitary,woods
edible,convex,scaly,gray,yes,none,broad,pink,tapering,one,pendant,black,solitary,woods
edible,flat,scaly,brown,yes,none,broad,purple,tapering,one,pendant,brown,solitary,woods
edible,flat,scaly,red,yes,none,broad,brown,tapering,one,pendant,brown,several,woods
edible,flat,scaly,gray,yes,none,broad,pink,tapering,one,pendant,brown,solitary,woods
edible,flat,scaly,red,yes,none,broad,purple,tapering,one,pendant,brown,several,woods
poisonous,convex,fibrous,gray,no,foul,broad,chocolate,enlarging,one,large,chocolate,solitary,woods
edible,flat,scaly,gray,yes,none,broad,purple,tapering,one,pendant,black,solitary,woods
edible,flat,scaly,gray,yes,none,broad,white,tapering,one,pendant,brown,several,woods
edible,flat,fibrous,gray,yes,none,broad,white,tapering,one,pendant,brown,solitary,woods
edible,flat,scaly,gray,yes,none,broad,pink,tapering,one,pendant,brown,several,woods
edible,flat,fibrous,red,yes,none,broad,pink,tapering,one,pendant,black,solitary,woods
edible,flat,fibrous,red,yes,none,broad,brown,tapering,one,pendant,black,solitary,woods
edible,flat,scaly,brown,yes,none,broad,pink,tapering,one,pendant,brown,several,woods
edible,flat,fibrous,brown,yes,none,broad,white,tapering,one,pendant,black,several,woods
poisonous,convex,fibrous,pink,no,creosote,narrow,purple,enlarging,one,pendant,brown,scattered,woods
poisonous,convex,fibrous,gray,no,foul,broad,pink,enlarging,one,large,chocolate,several,woods
edible,flat,scaly,gray,yes,none,broad,brown,tapering,one,pendant,brown,several,woods
edible,flat,scaly,red,yes,none,broad,purple,tapering,one,pendant,brown,several,woods
poisonous,convex,smooth,white,no,creosote,narrow,gray,enlarging,one,pendant,black,scattered,woods
poisonous,convex,fibrous,pink,no,creosote,narrow,gray,enlarging,one,pendant,brown,several,woods
poisonous,convex,fibrous,gray,no,foul,broad,gray,enlarging,one,large,chocolate,solitary,paths
edible,convex,fibrous,gray,yes,none,broad,pink,tapering,one,pendant,black,several,woods
edible,flat,scaly,red,yes,none,broad,purple,tapering,one,pendant,black,several,woods
poisonous,convex,smooth,pink,no,creosote,narrow,pink,enlarging,one,pendant,black,scattered,woods
edible,flat,scaly,gray,yes,none,broad,brown,tapering,one,pendant,brown,solitary,woods
edible,flat,scaly,brown,yes,none,broad,brown,tapering,one,pendant,black,solitary,woods
poisonous,convex,fibrous,gray,no,foul,broad,gray,enlarging,one,large,chocolate,several,grasses
edible,flat,scaly,brown,yes,none,broad,white,tapering,one,pendant,black,several,woods
edible,convex,fibrous,red,yes,none,broad,pink,tapering,one,pendant,black,solitary,woods
poisonous,convex,fibrous,white,no,creosote,narrow,gray,enlarging,one,pendant,black,several,woods
edible,flat,scaly,brown,yes,none,broad,brown,tapering,one,pendant,brown,solitary,woods
poisonous,convex,fibrous,gray,no,foul,broad,gray,enlarging,one,large,chocolate,several,woods
edible,flat,scaly,red,yes,none,broad,brown,tapering,one,pendant,black,solitary,woods
poisonous,convex,fibrous,yellow,no,foul,broad,pink,enlarging,one,large,chocolate,solitary,paths
edible,flat,fibrous,gray,yes,none,broad,purple,tapering,one,pendant,black,several,woods
edible,convex,fibrous,red,yes,none,broad,brown,tapering,one,pendant,black,solitary,woods
edible,flat,scaly,red,yes,none,broad,brown,tapering,one,pendant,brown,several,woods
edible,flat,scaly,gray,yes,none,broad,purple,tapering,one,pendant,black,several,woods
poisonous,convex,fibrous,gray,no,creosote,narrow,purple,enlarging,one,pendant,black,several,woods
edible,flat,scaly,gray,yes,none,broad,white,tapering,one,pendant,brown,solitary,woods
edible,flat,fibrous,red,yes,none,broad,brown,tapering,one,pendant,black,several,woods
poisonous,convex,fibrous,gray,no,foul,broad,chocolate,enlarging,one,large,chocolate,solitary,paths
edible,flat,scaly,brown,yes,none,broad,white,tapering,one,pendant,brown,several,woods
poisonous,convex,smooth,gray,no,creosote,narrow,gray,enlarging,one,pendant,brown,scattered,woods
poisonous,convex,fibrous,gray,no,foul,broad,chocolate,enlarging,one,large,chocolate,several,grasses
edible,flat,fibrous,red,yes,none,broad,purple,tapering,one,pendant,black,several,woods
edible,flat,scaly,brown,yes,none,broad,purple,tapering,one,pendant,brown,several,woods
edible,flat,scaly,gray,yes,none,broad,brown,tapering,one,pendant,black,several,woods
edible,flat,fibrous,gray,yes,none,broad,purple,tapering,one,pendant,brown,solitary,woods
poisonous,convex,fibrous,white,no,creosote,narrow,pink,enlarging,one,pendant,black,several,woods
poisonous,convex,fibrous,gray,no,foul,broad,pink,enlarging,one,large,chocolate,several,grasses
poisonous,convex,fibrous,gray,no,creosote,narrow,purple,enlarging,one,pendant,brown,several,woods
edible,flat,fibrous,red,yes,none,broad,brown,tapering,one,pendant,brown,several,woods
edible,flat,scaly,red,yes,none,broad,white,tapering,one,pendant,brown,several,woods
poisonous,flat,scaly,gray,no,foul,broad,chocolate,enlarging,one,large,chocolate,solitary,woods
poisonous,convex,fibrous,gray,no,foul,broad,chocolate,enlarging,one,large,chocolate,solitary,grasses
edible,flat,scaly,red,yes,none,broad,pink,tapering,one,pendant,brown,solitary,woods
poisonous,convex,fibrous,pink,no,creosote,narrow,gray,enlarging,one,pendant,brown,scattered,woods
poisonous,convex,smooth,gray,no,creosote,narrow,purple,enlarging,one,pendant,black,scattered,woods
edible,flat,scaly,red,yes,none,broad,white,tapering,one,pendant,black,several,woods
edible,flat,fibrous,red,yes,none,broad,pink,tapering,one,pendant,brown,solitary,woods
edible,flat,scaly,red,yes,none,broad,white,tapering,one,pendant,black,solitary,woods
edible,flat,scaly,brown,yes,none,broad,white,tapering,one,pendant,black,several,woods
poisonous,convex,smooth,pink,no,creosote,narrow,gray,enlarging,one,pendant,brown,several,woods
poisonous,convex,fibrous,gray,no,foul,broad,pink,enlarging,one,large,chocolate,solitary,woods
edible,flat,fibrous,red,yes,none,broad,white,tapering,one,pendant,black,several,woods
edible,flat,scaly,red,yes,none,broad,purple,tapering,one,pendant,brown,several,woods
edible,flat,fibrous,gray,yes,none,broad,purple,tapering,one,pendant,black,several,woods
edible,flat,fibrous,red,yes,none,broad,purple,tapering,one,pendant,brown,solitary,woods
edible,flat,scaly,brown,yes,none,broad,brown,tapering,one,pendant,brown,solitary,woods
edible,flat,scaly,red,yes,none,broad,white,tapering,one,pendant,black,several,woods
poisonous,flat,fibrous,yellow,no,foul,broad,gray,enlarging,one,large,chocolate,several,paths
edible,convex,fibrous,gray,yes,none,broad,pink,tapering,one,pendant,black,solitary,woods
poisonous,convex,smooth,pink,no,creosote,narrow,pink,enlarging,one,pendant,brown,scattered,woods
edible,convex,scaly,red,yes,none,broad,white,tapering,one,pendant,brown,solitary,woods
edible,flat,fibrous,gray,yes,none,broad,purple,tapering,one,pendant,black,solitary,woods
edible,flat,fibrous,red,yes,none,broad,purple,tapering,one,pendant,brown,several,woods
edible,convex,fibrous,red,yes,none,broad,purple,tapering,one,pendant,black,several,woods
edible,flat,scaly,gray,yes,none,broad,pink,tapering,one,pendant,black,several,woods
edible,flat,fibrous,red,yes,none,broad,brown,tapering,one,pendant,brown,several,woods
poisonous,convex,smooth,white,no,creosote,narrow,brown,enlarging,one,pendant,brown,several,woods
poisonous,convex,scaly,gray,no,foul,broad,gray,enlarging,one,large,chocolate,solitary,woods
poisonous,convex,fibrous,pink,no,creosote,narrow,brown,enlarging,one,pendant,black,several,woods
edible,flat,scaly,gray,yes,none,broad,white,tapering,one,pendant,brown,solitary,woods
edible,convex,scaly,brown,yes,none,broad,white,tapering,one,pendant,brown,several,woods
poisonous,convex,fibrous,gray,no,creosote,narrow,brown,enlarging,one,pendant,brown,scattered,woods
edible,flat,scaly,brown,yes,none,broad,white,tapering,one,pendant,black,solitary,woods
poisonous,convex,fibrous,pink,no,creosote,narrow,gray,enlarging,one,pendant,black,several,woods
edible,flat,fibrous,red,yes,none,broad,brown,tapering,one,pendant,brown,solitary,woods
poisonous,convex,smooth,white,no,creosote,narrow,brown,enlarging,one,pendant,black,scattered,woods
edible,convex,scaly,brown,yes,none,broad,brown,tapering,one,pendant,brown,several,woods
poisonous,convex,fibrous,gray,no,foul,broad,gray,enlarging,one,large,chocolate,solitary,grasses
poisonous,convex,smooth,gray,no,creosote,narrow,brown,enlarging,one,pendant,black,scattered,woods
edible,flat,scaly,brown,yes,none,broad,brown,tapering,one,pendant,brown,solitary,woods
poisonous,convex,fibrous,gray,no,foul,broad,gray,enlarging,one,large,chocolate,solitary,grasses
poisonous,convex,smooth,pink,no,creosote,narrow,pink,enlarging,one,pendant,black,several,woods
edible,flat,scaly,red,yes,none,broad,purple,tapering,one,pendant,black,solitary,woods
poisonous,convex,smooth,gray,no,creosote,narrow,pink,enlarging,one,pendant,brown,scattered,woods
edible,convex,scaly,gray,yes,none,broad,pink,tapering,one,pendant,brown,several,woods
edible,convex,scaly,gray,yes,none,broad,white,tapering,one,pendant,black,solitary,woods
edible,flat,scaly,brown,yes,none,broad,brown,tapering,one,pendant,brown,solitary,woods
edible,flat,scaly,brown,yes,none,broad,purple,tapering,one,pendant,black,several,woods
edible,flat,fibrous,brown,yes,none,broad,purple,tapering,one,pendant,brown,solitary,woods
poisonous,convex,smooth,gray,no,creosote,narrow,brown,enlarging,one,pendant,brown,scattered,woods
edible,flat,fibrous,gray,yes,none,broad,white,tapering,one,pendant,black,several,woods
edible,convex,fibrous,red,yes,none,broad,purple,tapering,one,pendant,brown,several,woods
edible,flat,fibrous,gray,yes,none,broad,white,tapering,one,pendant,brown,solitary,woods
edible,flat,scaly,red,yes,none,broad,brown,tapering,one,pendant,brown,solitary,woods
edible,flat,scaly,brown,yes,none,broad,brown,tapering,one,pendant,black,several,woods
poisonous,convex,fibrous,gray,no,foul,broad,gray,enlarging,one,large,chocolate,solitary,grasses
poisonous,convex,smooth,gray,no,creosote,narrow,pink,enlarging,one,pendant,brown,scattered,woods
edible,flat,scaly,red,yes,none,broad,white,tapering,one,pendant,black,solitary,woods
edible,convex,scaly,gray,yes,none,broad,white,tapering,one,pendant,brown,solitary,woods
poisonous,convex,fibrous,gray,no,creosote,narrow,gray,enlarging,one,pendant,black,several,woods
edible,flat,scaly,brown,yes,none,broad,brown,tapering,one,pendant,black,solitary,woods
edible,flat,scaly,gray,yes,none,broad,brown,tapering,one,pendant,black,solitary,woods
edible,flat,fibrous,red,yes,none,broad,purple,tapering,one,pendant,black,several,woods
poisonous,convex,fibrous,yellow,no,foul,broad,pink,enlarging,one,large,chocolate,several,paths
poisonous,convex,smooth,gray,no,creosote,narrow,pink,enlarging,one,pendant,black,several,woods
edible,flat,scaly,gray,yes,none,broad,brown,tapering,one,pendant,brown,solitary,woods
edible,flat,scaly,brown,yes,none,broad,pink,tapering,one,pendant,brown,solitary,woods
edible,flat,scaly,brown,yes,none,broad,purple,tapering,one,pendant,black,solitary,woods
edible,flat,scaly,gray,yes,none,broad,pink,tapering,one,pendant,brown,several,woods
edible,flat,scaly,gray,yes,none,broad,brown,tapering,one,pendant,black,several,woods
poisonous,convex,fibrous,gray,no,foul,broad,gray,enlarging,one,large,chocolate,several,paths
edible,flat,scaly,gray,yes,none,broad,white,tapering,one,pendant,black,solitary,woods
edible,flat,fibrous,red,yes,none,broad,pink,tapering,one,pendant,brown,several,woods
poisonous,convex,fibrous,gray,no,creosote,narrow,gray,enlarging,one,pendant,brown,several,woods
edible,flat,scaly,gray,yes,none,broad,purple,tapering,one,pendant,brown,several,woods
poisonous,flat,scaly,gray,no,foul,broad,chocolate,enlarging,one,large,chocolate,solitary,paths
edible,flat,fibrous,red,yes,none,broad,purple,tapering,one,pendant,black,solitary,woods
poisonous,convex,fibrous,gray,no,foul,broad,chocolate,enlarging,one,large,chocolate,several,paths
edible,flat,scaly,gray,yes,none,broad,purple,tapering,one,pendant,black,several,woods
poisonous,convex,fibrous,pink,no,creosote,narrow,brown,enlarging,one,pendant,brown,scattered,woods
edible,flat,fibrous,red,yes,none,broad,white,tapering,one,pendant,brown,several,woods
poisonous,convex,fibrous,pink,no,creosote,narrow,pink,enlarging,one,pendant,brown,several,woods
poisonous,convex,smooth,white,no,creosote,narrow,purple,enlarging,one,pendant,brown,scattered,woods
edible,flat,scaly,gray,yes,none,broad,brown,tapering,one,pendant,brown,several,woods
poisonous,convex,smooth,pink,no,creosote,narrow,purple,enlarging,one,pendant,brown,several,woods
poisonous,convex,fibrous,gray,no,foul,broad,gray,enlarging,one,large,chocolate,solitary,woods
edible,convex,fibrous,brown,yes,none,broad,purple,tapering,one,pendant,brown,several,woods
edible,flat,scaly,gray,yes,none,broad,pink,tapering,one,pendant,black,solitary,woods
edible,flat,scaly,red,yes,none,broad,purple,tapering,one,pendant,black,solitary,woods
poisonous,convex,fibrous,gray,no,foul,broad,pink,enlarging,one,large,chocolate,solitary,grasses
poisonous,convex,fibrous,gray,no,creosote,narrow,brown,enlarging,one,pendant,brown,several,woods
poisonous,convex,fibrous,gray,no,foul,broad,gray,enlarging,one,large,chocolate,several,paths
poisonous,convex,fibrous,white,no,creosote,narrow,purple,enlarging,one,pendant,brown,scattered,woods
edible,flat,scaly,brown,yes,none,broad,pink,tapering,one,pendant,black,solitary,woods
edible,flat,scaly,gray,yes,none,broad,pink,tapering,one,pendant,black,solitary,woods
poisonous,convex,fibrous,white,no,creosote,narrow,gray,enlarging,one,pendant,black,scattered,woods
edible,convex,scaly,gray,yes,none,broad,white,tapering,one,pendant,black,solitary,woods
edible,flat,scaly,brown,yes,none,broad,white,tapering,one,pendant,black,several,woods
edible,flat,fibrous,gray,yes,none,broad,purple,tapering,one,pendant,black,solitary,woods
edible,convex,scaly,red,yes,none,broad,pink,tapering,one,pendant,black,solitary,woods
edible,flat,scaly,red,yes,none,broad,brown,tapering,one,pendant,black,solitary,woods
poisonous,convex,fibrous,white,no,creosote,narrow,brown,enlarging,one,pendant,black,scattered,woods
edible,flat,fibrous,red,yes,none,broad,pink,tapering,one,pendant,brown,solitary,woods
poisonous,convex,scaly,yellow,no,foul,broad,chocolate,enlarging,one,large,chocolate,solitary,woods
edible,flat,fibrous,gray,yes,none,broad,pink,tapering,one,pendant,brown,several,woods
edible,flat,scaly,brown,yes,none,broad,brown,tapering,one,pendant,brown,several,woods
poisonous,convex,fibrous,gray,no,creosote,narrow,pink,enlarging,one,pendant,brown,several,woods
poisonous,convex,smooth,pink,no,creosote,narrow,brown,enlarging,one,pendant,brown,several,woods
edible,flat,fibrous,red,yes,none,broad,purple,tapering,one,pendant,brown,solitary,woods
edible,convex,fibrous,gray,yes,none,broad,pink,tapering,one,pendant,black,several,woods
edible,flat,scaly,gray,yes,none,broad,purple,tapering,one,pendant,black,solitary,woods
poisonous,convex,fibrous,gray,no,foul,broad,chocolate,enlarging,one,large,chocolate,several,paths
edible,convex,scaly,brown,yes,none,broad,purple,tapering,one,pendant,black,several,woods
edible,flat,scaly,gray,yes,none,broad,brown,tapering,one,pendant,black,solitary,woods
edible,flat,fibrous,gray,yes,none,broad,purple,tapering,one,pendant,brown,solitary,woods
poisonous,convex,fibrous,gray,no,creosote,narrow,pink,enlarging,one,pendant,black,scattered,woods
edible,flat,scaly,brown,yes,none,broad,pink,tapering,one,pendant,brown,several,woods
poisonous,convex,fibrous,gray,no,foul,broad,chocolate,enlarging,one,large,chocolate,several,paths
edible,flat,scaly,gray,yes,none,broad,purple,tapering,one,pendant,black,several,woods
edible,flat,fibrous,red,yes,none,broad,purple,tapering,one,pendant,black,several,woods
edible,flat,fibrous,red,yes,none,broad,brown,tapering,one,pendant,black,solitary,woods
poisonous,convex,smooth,white,no,creosote,narrow,purple,enlarging,one,pendant,brown,several,woods
poisonous,convex,fibrous,white,no,creosote,narrow,pink,enlarging,one,pendant,brown,scattered,woods
edible,flat,fibrous,red,yes,none,broad,white,tapering,one,pendant,black,several,woods
edible,flat,fibrous,red,yes,none,broad,pink,tapering,one,pendant,black,several,woods
edible,flat,scaly,brown,yes,none,broad,purple,tapering,one,pendant,black,solitary,woods
poisonous,convex,fibrous,gray,no,foul,broad,chocolate,enlarging,one,large,chocolate,several,grasses
edible,flat,scaly,gray,yes,none,broad,white,tapering,one,pendant,black,solitary,woods
poisonous,convex,fibrous,gray,no,foul,broad,pink,enlarging,one,large,chocolate,solitary,paths
edible,flat,fibrous,red,yes,none,broad,white,tapering,one,pendant,brown,solitary,woods
poisonous,convex,fibrous,gray,no,foul,broad,chocolate,enlarging,one,large,chocolate,several,grasses
edible,flat,scaly,gray,yes,none,broad,purple,tapering,one,pendant,brown,several,woods
edible,flat,fibrous,red,yes,none,broad,purple,tapering,one,pendant,black,solitary,woods
edible,flat,scaly,brown,yes,none,broad,white,tapering,one,pendant,brown,several,woods
poisonous,convex,fibrous,gray,no,foul,broad,chocolate,enlarging,one,large,chocolate,solitary,woods
edible,flat,fibrous,red,yes,none,broad,purple,tapering,one,pendant,black,solitary,woods
edible,convex,fibrous,gray,yes,none,broad,pink,tapering,one,pendant,brown,several,woods
edible,flat,scaly,gray,yes,none,broad,brown,tapering,one,pendant,brown,several,woods
poisonous,convex,fibrous,white,no,creosote,narrow,purple,enlarging,one,pendant,black,scattered,woods
edible,flat,fibrous,red,yes,none,broad,pink,tapering,one,pendant,black,solitary,woods
edible,flat,fibrous,red,yes,none,broad,brown,tapering,one,pendant,black,solitary,woods
edible,flat,scaly,red,yes,none,broad,purple,tapering,one,pendant,brown,solitary,woods
edible,convex,fibrous,red,yes,none,broad,brown,tapering,one,pendant,black,several,woods
edible,flat,scaly,brown,yes,none,broad,purple,tapering,one,pendant,black,several,woods
poisonous,convex,fibrous,gray,no,foul,broad,pink,enlarging,one,large,chocolate,several,grasses
edible,convex,fibrous,gray,yes,none,broad,brown,tapering,one,pendant,black,several,woods
poisonous,convex,fibrous,gray,no,foul,broad,gray,enlarging,one,large,chocolate,solitary,woods
edible,flat,scaly,gray,yes,none,broad,brown,tapering,one,pendant,black,several,woods
edible,flat,scaly,brown,yes,none,broad,pink,tapering,one,pendant,brown,solitary,woods
poisonous,convex,scaly,gray,no,foul,broad,chocolate,enlarging,one,large,chocolate,several,woods
edible,flat,scaly,gray,yes,none,broad,white,tapering,one,pendant,brown,solitary,woods
poisonous,flat,fibrous,gray,no,foul,broad,pink,enlarging,one,large,chocolate,several,woods
edible,flat,scaly,red,yes,none,broad,white,tapering,one,pendant,black,solitary,woods
poisonous,convex,smooth,gray,no,creosote,narrow,gray,enlarging,one,pendant,brown,several,woods
edible,flat,scaly,red,yes,none,broad,purple,tapering,one,pendant,black,several,woods
edible,flat,scaly,brown,yes,none,broad,purple,tapering,one,pendant,black,solitary,woods
edible,convex,fibrous,red,yes,none,broad,brown,tapering,one,pendant,black,several,woods
edible,flat,scaly,red,yes,none,broad,brown,tapering,one,pendant,black,several,woods
edible,flat,scaly,gray,yes,none,broad,white,tapering,one,pendant,brown,several,woods
poisonous,convex,smooth,pink,no,creosote,narrow,brown,enlarging,one,pendant,black,scattered,woods
poisonous,flat,fibrous,gray,no,foul,broad,chocolate,enlarging,one,large,chocolate,several,woods
edible,flat,fibrous,gray,yes,none,broad,white,tapering,one,pendant,brown,several,woods
edible,flat,fibrous,red,yes,none,broad,white,tapering,one,pendant,brown,solitary,woods
poisonous,convex,fibrous,pink,no,creosote,narrow,purple,enlarging,one,pendant,brown,several,woods
edible,flat,fibrous,brown,yes,none,broad,pink,tapering,one,pendant,brown,solitary,woods
edible,flat,scaly,gray,yes,none,broad,pink,tapering,one,pendant,black,several,woods
edible,flat,scaly,red,yes,none,broad,pink,tapering,one,pendant,black,solitary,woods
edible,flat,scaly,red,yes,none,broad,white,tapering,one,pendant,black,solitary,woods
edible,convex,fibrous,gray,yes,none,broad,brown,tapering,one,pendant,brown,solitary,woods
poisonous,convex,smooth,white,no,creosote,narrow,pink,enlarging,one,pendant,brown,several,woods
edible,flat,scaly,gray,yes,none,broad,brown,tapering,one,pendant,black,solitary,woods
poisonous,convex,scaly,gray,no,foul,broad,pink,enlarging,one,large,chocolate,several,woods
edible,flat,scaly,brown,yes,none,broad,pink,tapering,one,pendant,black,several,woods
edible,flat,scaly,brown,yes,none,broad,pink,tapering,one,pendant,black,several,woods
poisonous,convex,smooth,gray,no,creosote,narrow,brown,enlarging,one,pendant,black,scattered,woods
edible,flat,scaly,gray,yes,none,broad,pink,tapering,one,pendant,brown,solitary,woods
edible,flat,scaly,red,yes,none,broad,white,tapering,one,pendant,brown,several,woods
poisonous,convex,fibrous,gray,no,foul,broad,gray,enlarging,one,large,chocolate,solitary,woods
edible,convex,scaly,brown,yes,none,broad,white,tapering,one,pendant,brown,solitary,woods
edible,flat,scaly,red,yes,none,broad,purple,tapering,one,pendant,brown,several,woods
edible,flat,fibrous,red,yes,none,broad,brown,tapering,one,pendant,black,several,woods
poisonous,convex,smooth,pink,no,creosote,narrow,brown,enlarging,one,pendant,brown,scattered,woods
poisonous,convex,fibrous,gray,no,foul,broad,chocolate,enlarging,one,large,chocolate,several,woods
edible,flat,scaly,red,yes,none,broad,pink,tapering,one,pendant,black,several,woods
edible,flat,scaly,gray,yes,none,broad,pink,tapering,one,pendant,black,several,woods
poisonous,convex,smooth,pink,no,creosote,narrow,pink,enlarging,one,pendant,brown,several,woods
edible,flat,fibrous,gray,yes,none,broad,purple,tapering,one,pendant,brown,solitary,woods
edible,flat,fibrous,red,yes,none,broad,brown,tapering,one,pendant,black,solitary,woods
edible,flat,fibrous,brown,yes,none,broad,purple,tapering,one,pendant,black,several,woods
edible,convex,scaly,gray,yes,none,broad,brown,tapering,one,pendant,brown,several,woods
edible,convex,scaly,brown,yes,none,broad,white,tapering,one,pendant,brown,solitary,woods
edible,flat,scaly,brown,yes,none,broad,purple,tapering,one,pendant,brown,solitary,woods
poisonous,convex,fibrous,pink,no,creosote,narrow,pink,enlarging,one,pendant,black,several,woods
edible,flat,fibrous,red,yes,none,broad,pink,tapering,one,pendant,black,several,woods
poisonous,convex,scaly,yellow,no,foul,broad,pink,enlarging,one,large,chocolate,solitary,woods
poisonous,convex,smooth,gray,no,creosote,narrow,pink,enlarging,one,pendant,brown,several,woods
edible,flat,scaly,brown,yes,none,broad,white,tapering,one,pendant,black,several,woods
poisonous,flat,fibrous,gray,no,foul,broad,pink,enlarging,one,large,chocolate,several,woods
poisonous,convex,fibrous,gray,no,creosote,narrow,brown,enlarging,one,pendant,black,scattered,woods
edible,flat,scaly,gray,yes,none,broad,pink,tapering,one,pendant,black,solitary,woods
edible,flat,scaly,gray,yes,none,broad,purple,tapering,one,pendant,black,several,woods
edible,flat,scaly,gray,yes,none,broad,white,tapering,one,pendant,brown,several,woods
edible,convex,scaly,brown,yes,none,broad,white,tapering,one,pendant,brown,solitary,woods
poisonous,convex,fibrous,yellow,no,foul,broad,pink,enlarging,one,large,chocolate,several,grasses
edible,flat,fibrous,gray,yes,none,broad,purple,tapering,one,pendant,brown,solitary,woods
poisonous,convex,fibrous,gray,no,foul,broad,pink,enlarging,one,large,chocolate,several,paths
edible,flat,scaly,red,yes,none,broad,purple,tapering,one,pendant,brown,several,woods
edible,flat,fibrous,red,yes,none,broad,white,tapering,one,pendant,brown,solitary,woods
poisonous,flat,fibrous,gray,no,foul,broad,pink,enlarging,one,large,chocolate,solitary,woods
edible,flat,fibrous,red,yes,none,broad,pink,tapering,one,pendant,black,several,woods
poisonous,convex,fibrous,yellow,no,foul,broad,gray,enlarging,one,large,chocolate,solitary,paths
edible,flat,fibrous,red,yes,none,broad,purple,tapering,one,pendant,brown,several,woods
edible,flat,fibrous,gray,yes,none,broad,purple,tapering,one,pendant,brown,several,woods
edible,flat,fibrous,red,yes,none,broad,pink,tapering,one,pendant,black,several,woods
edible,flat,scaly,red,yes,none,broad,brown,tapering,one,pendant,brown,several,woods
edible,flat,scaly,red,yes,none,broad,brown,tapering,one,pendant,black,solitary,woods
edible,flat,scaly,brown,yes,none,broad,brown,tapering,one,pendant,brown,several,woods
edible,flat,fibrous,gray,yes,none,broad,white,tapering,one,pendant,brown,several,woods
edible,flat,fibrous,red,yes,none,broad,pink,tapering,one,pendant,brown,several,woods
poisonous,convex,fibrous,gray,no,foul,broad,gray,enlarging,one,large,chocolate,several,grasses
edible,flat,scaly,brown,yes,none,broad,purple,tapering,one,pendant,black,solitary,woods
poisonous,convex,fibrous,gray,no,creosote,narrow,brown,enlarging,one,pendant,black,several,woods
edible,flat,scaly,brown,yes,none,broad,white,tapering,one,pendant,brown,several,woods
edible,flat,scaly,gray,yes,none,broad,white,tapering,one,pendant,black,several,woods
edible,convex,fibrous,red,yes,none,broad,pink,tapering,one,pendant,black,solitary,woods
edible,flat,scaly,red,yes,none,broad,pink,tapering,one,pendant,black,solitary,woods
edible,flat,fibrous,gray,yes,none,broad,pink,tapering,one,pendant,brown,several,woods
edible,convex,scaly,gray,yes,none,broad,pink,tapering,one,pendant,brown,several,woods
poisonous,convex,fibrous,pink,no,creosote,narrow,gray,enlarging,one,pendant,black,scattered,woods
edible,convex,scaly,brown,yes,none,broad,brown,tapering,one,pendant,brown,solitary,woods
edible,flat,scaly,brown,yes,none,broad,brown,tapering,one,pendant,black,several,woods
edible,flat,scaly,gray,yes,none,broad,white,tapering,one,pendant,black,solitary,woods
poisonous,flat,fibrous,gray,no,foul,broad,gray,enlarging,one,large,chocolate,solitary,grasses
edible,flat,scaly,gray,yes,none,broad,white,tapering,one,pendant,brown,several,woods
edible,flat,scaly,red,yes,none,broad,brown,tapering,one,pendant,black,solitary,woods
poisonous,convex,fibrous,gray,no,foul,broad,gray,enlarging,one,large,chocolate,solitary,grasses
edible,flat,scaly,brown,yes,none,broad,brown,tapering,one,pendant,black,solitary,woods
poisonous,convex,fibrous,gray,no,foul,broad,chocolate,enlarging,one,large,chocolate,several,grasses
edible,flat,fibrous,red,yes,none,broad,white,tapering,one,pendant,black,solitary,woods
edible,convex,scaly,brown,yes,none,broad,white,tapering,one,pendant,black,solitary,woods
edible,convex,scaly,gray,yes,none,broad,pink,tapering,one,pendant,black,solitary,woods
edible,flat,scaly,red,yes,none,broad,purple,tapering,one,pendant,black,several,woods
poisonous,convex,scaly,gray,no,foul,broad,pink,enlarging,one,large,chocolate,several,woods
poisonous,convex,smooth,gray,no,creosote,narrow,gray,enlarging,one,pendant,black,several,woods
poisonous,convex,fibrous,gray,no,foul,broad,pink,enlarging,one,large,chocolate,several,grasses
poisonous,convex,fibrous,gray,no,foul,broad,pink,enlarging,one,large,chocolate,several,paths
poisonous,flat,fibrous,gray,no,foul,broad,pink,enlarging,one,large,chocolate,solitary,paths
edible,flat,fibrous,gray,yes,none,broad,purple,tapering,one,pendant,black,several,woods
poisonous,convex,fibrous,gray,no,foul,broad,gray,enlarging,one,large,chocolate,several,woods
edible,flat,scaly,red,yes,none,broad,pink,tapering,one,pendant,black,several,woods
edible,flat,scaly,brown,yes,none,broad,white,tapering,one,pendant,brown,several,woods
edible,flat,scaly,brown,yes,none,broad,brown,tapering,one,pendant,black,solitary,woods
poisonous,convex,scaly,yellow,no,foul,broad,pink,enlarging,one,large,chocolate,solitary,woods
edible,flat,scaly,gray,yes,none,broad,brown,tapering,one,pendant,black,solitary,woods
poisonous,convex,fibrous,pink,no,creosote,narrow,purple,enlarging,one,pendant,brown,scattered,woods
edible,flat,fibrous,red,yes,none,broad,white,tapering,one,pendant,brown,solitary,woods
edible,flat,scaly,brown,yes,none,broad,brown,tapering,one,pendant,black,solitary,woods
edible,convex,scaly,brown,yes,none,broad,brown,tapering,one,pendant,black,several,woods
edible,flat,fibrous,red,yes,none,broad,pink,tapering,one,pendant,brown,solitary,woods
poisonous,convex,fibrous,gray,no,foul,broad,chocolate,enlarging,one,large,chocolate,solitary,grasses
poisonous,convex,fibrous,gray,no,foul,broad,chocolate,enlarging,one,large,chocolate,several,paths
edible,flat,fibrous,gray,yes,none,broad,brown,tapering,one,pendant,black,several,woods
edible,convex,fibrous,brown,yes,none,broad,purple,tapering,one,pendant,brown,several,woods
poisonous,convex,fibrous,gray,no,foul,broad,pink,enlarging,one,large,chocolate,several,woods
edible,flat,fibrous,gray,yes,none,broad,white,tapering,one,pendant,brown,solitary,woods
poisonous,convex,fibrous,pink,no,creosote,narrow,gray,enlarging,one,pendant,brown,scattered,woods
edible,flat,scaly,brown,yes,none,broad,brown,tapering,one,pendant,brown,several,woods
edible,flat,scaly,gray,yes,none,broad,brown,tapering,one,pendant,black,solitary,woods
poisonous,convex,fibrous,gray,no,foul,broad,gray,enlarging,one,large,chocolate,solitary,paths
edible,convex,fibrous,red,yes,none,broad,white,tapering,one,pendant,black,solitary,woods
poisonous,convex,smooth,gray,no,creosote,narrow,purple,enlarging,one,pendant,black,scattered,woods
poisonous,convex,fibrous,gray,no,foul,broad,chocolate,enlarging,one,large,chocolate,several,grasses
edible,flat,scaly,brown,yes,none,broad,brown,tapering,one,pendant,brown,several,woods
poisonous,convex,fibrous,gray,no,foul,broad,gray,enlarging,one,large,chocolate,several,woods
edible,flat,scaly,red,yes,none,broad,pink,tapering,one,pendant,black,several,woods
edible,flat,fibrous,gray,yes,none,broad,purple,tapering,one,pendant,brown,solitary,woods
edible,flat,fibrous,gray,yes,none,broad,white,tapering,one,pendant,brown,solitary,woods
edible,flat,scaly,brown,yes,none,broad,white,tapering,one,pendant,brown,solitary,woods
edible,flat,scaly,red,yes,none,broad,purple,tapering,one,pendant,brown,solitary,woods
edible,flat,scaly,gray,yes,none,broad,pink,tapering,one,pendant,black,solitary,woods
edible,flat,scaly,red,yes,none,broad,purple,tapering,one,pendant,black,solitary,woods
edible,flat,scaly,brown,yes,none,broad,brown,tapering,one,pendant,black,solitary,woods
poisonous,convex,scaly,yellow,no,foul,broad,pink,enlarging,one,large,chocolate,solitary,grasses
edible,flat,fibrous,gray,yes,none,broad,purple,tapering,one,pendant,black,solitary,woods
edible,flat,scaly,brown,yes,none,broad,purple,tapering,one,pendant,brown,several,woods
poisonous,convex,fibrous,gray,no,foul,broad,gray,enlarging,one,large,chocolate,solitary,grasses
poisonous,convex,fibrous,gray,no,foul,broad,pink,enlarging,one,large,chocolate,several,woods
poisonous,convex,fibrous,gray,no,foul,broad,pink,enlarging,one,large,chocolate,solitary,paths
edible,flat,scaly,red,yes,none,broad,purple,tapering,one,pendant,brown,solitary,woods
edible,flat,scaly,brown,yes,none,broad,pink,tapering,one,pendant,black,several,woods
poisonous,convex,scaly,gray,no,foul,broad,pink,enlarging,one,large,chocolate,solitary,woods
poisonous,convex,fibrous,gray,no,foul,broad,pink,enlarging,one,large,chocolate,several,paths
poisonous,flat,scaly,gray,no,foul,broad,pink,enlarging,one,large,chocolate,several,paths
edible,flat,scaly,brown,yes,none,broad,white,tapering,one,pendant,brown,several,woods
poisonous,convex,fibrous,gray,no,creosote,narrow,brown,enlarging,one,pendant,brown,scattered,woods
edible,flat,fibrous,red,yes,none,broad,brown,tapering,one,pendant,brown,several,woods
poisonous,flat,fibrous,yellow,no,foul,broad,chocolate,enlarging,one,large,chocolate,solitary,woods
edible,flat,scaly,brown,yes,none,broad,purple,tapering,one,pendant,brown,several,woods
edible,convex,scaly,red,yes,none,broad,purple,tapering,one,pendant,black,solitary,woods
poisonous,convex,fibrous,gray,no,foul,broad,chocolate,enlarging,one,large,chocolate,solitary,paths
edible,convex,scaly,brown,yes,none,broad,pink,tapering,one,pendant,black,solitary,woods
poisonous,convex,smooth,white,no,creosote,narrow,gray,enlarging,one,pendant,brown,several,woods
edible,flat,scaly,gray,yes,none,broad,pink,tapering,one,pendant,black,several,woods
edible,flat,fibrous,red,yes,none,broad,pink,tapering,one,pendant,brown,several,woods
edible,flat,scaly,gray,yes,none,broad,pink,tapering,one,pendant,brown,solitary,woods
poisonous,convex,fibrous,gray,no,foul,broad,gray,enlarging,one,large,chocolate,several,woods
edible,flat,scaly,red,yes,none,broad,purple,tapering,one,pendant,brown,several,woods
edible,flat,scaly,red,yes,none,broad,pink,tapering,one,pendant,brown,solitary,woods
poisonous,convex,smooth,pink,no,creosote,narrow,gray,enlarging,one,pendant,black,scattered,woods
edible,flat,fibrous,red,yes,none,broad,purple,tapering,one,pendant,black,several,woods
edible,flat,fibrous,gray,yes,none,broad,purple,tapering,one,pendant,black,solitary,woods
edible,flat,fibrous,gray,yes,none,broad,white,tapering,one,pendant,brown,solitary,woods
edible,flat,fibrous,gray,yes,none,broad,purple,tapering,one,pendant,brown,several,woods
poisonous,convex,fibrous,gray,no,foul,broad,chocolate,enlarging,one,large,chocolate,several,paths
edible,flat,scaly,brown,yes,none,broad,pink,tapering,one,pendant,brown,solitary,woods
edible,flat,scaly,gray,yes,none,broad,brown,tapering,one,pendant,black,several,woods
edible,flat,scaly,brown,yes,none,broad,purple,tapering,one,pendant,black,solitary,woods
poisonous,convex,smooth,pink,no,creosote,narrow,brown,enlarging,one,pendant,black,scattered,woods
edible,flat,scaly,red,yes,none,broad,brown,tapering,one,pendant,black,solitary,woods
edible,flat,scaly,gray,yes,none,broad,pink,tapering,one,pendant,black,several,woods
edible,flat,scaly,red,yes,none,broad,brown,tapering,one,pendant,black,solitary,woods
poisonous,convex,smooth,white,no,creosote,narrow,purple,enlarging,one,pendant,black,scattered,woods
poisonous,convex,fibrous,gray,no,foul,broad,chocolate,enlarging,one,large,chocolate,several,paths
edible,flat,scaly,brown,yes,none,broad,white,tapering,one,pendant,brown,several,woods
poisonous,convex,fibrous,gray,no,foul,broad,gray,enlarging,one,large,chocolate,several,grasses
poisonous,convex,fibrous,white,no,creosote,narrow,brown,enlarging,one,pendant,brown,scattered,woods
edible,flat,scaly,brown,yes,none,broad,white,tapering,one,pendant,black,solitary,woods
edible,flat,scaly,gray,yes,none,broad,pink,tapering,one,pendant,brown,several,woods
edible,flat,scaly,gray,yes,none,broad,brown,tapering,one,pendant,brown,several,woods
edible,flat,scaly,gray,yes,none,broad,white,tapering,one,pendant,brown,several,woods
poisonous,convex,fibrous,white,no,creosote,narrow,pink,enlarging,one,pendant,brown,several,woods
edible,flat,fibrous,red,yes,none,broad,purple,tapering,one,pendant,brown,several,woods
poisonous,convex,fibrous,gray,no,foul,broad,gray,enlarging,one,large,chocolate,several,grasses
edible,flat,scaly,brown,yes,none,broad,white,tapering,one,pendant,brown,solitary,woods
edible,flat,scaly,brown,yes,none,broad,pink,tapering,one,pendant,brown,several,woods
poisonous,convex,smooth,pink,no,creosote,narrow,purple,enlarging,one,pendant,black,several,woods
edible,flat,scaly,gray,yes,none,broad,brown,tapering,one,pendant,brown,solitary,woods
poisonous,convex,smooth,pink,no,creosote,narrow,gray,enlarging,one,pendant,brown,several,woods
edible,convex,scaly,brown,yes,none,broad,brown,tapering,one,pendant,brown,solitary,woods
poisonous,convex,scaly,gray,no,foul,broad,pink,enlarging,one,large,chocolate,solitary,grasses
edible,flat,scaly,red,yes,none,broad,white,tapering,one,pendant,black,solitary,woods
poisonous,convex,fibrous,pink,no,creosote,narrow,pink,enlarging,one,pendant,brown,scattered,woods
poisonous,convex,fibrous,gray,no,foul,broad,pink,enlarging,one,large,chocolate,several,paths
edible,flat,fibrous,red,yes,none,broad,purple,tapering,one,pendant,brown,solitary,woods
edible,flat,fibrous,red,yes,none,broad,white,tapering,one,pendant,black,solitary,woods
poisonous,convex,fibrous,gray,no,creosote,narrow,purple,enlarging,one,pendant,brown,scattered,woods
poisonous,convex,fibrous,gray,no,foul,broad,pink,enlarging,one,large,chocolate,several,grasses
edible,flat,scaly,gray,yes,none,broad,brown,tapering,one,pendant,brown,solitary,woods
poisonous,convex,fibrous,gray,no,foul,broad,pink,enlarging,one,large,chocolate,several,woods
edible,flat,fibrous,red,yes,none,broad,white,tapering,one,pendant,black,several,woods
edible,flat,scaly,brown,yes,none,broad,purple,tapering,one,pendant,black,several,woods
poisonous,flat,scaly,yellow,no,foul,broad,chocolate,enlarging,one,large,chocolate,solitary,woods
edible,flat,scaly,red,yes,none,broad,brown,tapering,one,pendant,black,solitary,woods
edible,flat,scaly,red,yes,none,broad,pink,tapering,one,pendant,black,several,woods
edible,flat,scaly,brown,yes,none,broad,white,tapering,one,pendant,brown,solitary,woods
edible,convex,fibrous,brown,yes,none,broad,white,tapering,one,pendant,black,several,woods
poisonous,flat,scaly,gray,no,foul,broad,gray,enlarging,one,large,chocolate,several,woods
edible,flat,scaly,gray,yes,none,broad,purple,tapering,one,pendant,brown,several,woods
edible,flat,fibrous,red,yes,none,broad,white,tapering,one,pendant,black,solitary,woods
edible,flat,scaly,brown,yes,none,broad,pink,tapering,one,pendant,brown,several,woods
edible,convex,scaly,gray,yes,none,broad,pink,tapering,one,pendant,brown,solitary,woods
edible,convex,scaly,brown,yes,none,broad,white,tapering,one,pendant,black,several,woods
poisonous,convex,fibrous,gray,no,foul,broad,pink,enlarging,one,large,chocolate,several,woods
poisonous,convex,smooth,white,no,creosote,narrow,gray,enlarging,one,pendant,brown,several,woods
poisonous,flat,fibrous,yellow,no,foul,broad,gray,enlarging,one,large,chocolate,several,paths
edible,flat,scaly,brown,yes,none,broad,purple,tapering,one,pendant,brown,several,woods
edible,flat,scaly,red,yes,none,broad,pink,tapering,one,pendant,black,solitary,woods
edible,flat,fibrous,red,yes,none,broad,purple,tapering,one,pendant,brown,solitary,woods
edible,flat,fibrous,red,yes,none,broad,white,tapering,one,pendant,brown,solitary,woods
edible,flat,scaly,red,yes,none,broad,white,tapering,one,pendant,brown,several,woods
edible,flat,scaly,brown,yes,none,broad,brown,tapering,one,pendant,black,solitary,woods
edible,flat,scaly,red,yes,none,broad,brown,tapering,one,pendant,black,several,woods
poisonous,convex,scaly,gray,no,foul,broad,chocolate,enlarging,one,large,chocolate,solitary,grasses
edible,flat,scaly,red,yes,none,broad,white,tapering,one,pendant,brown,solitary,woods
edible,flat,scaly,brown,yes,none,broad,pink,tapering,one,pendant,brown,solitary,woods
poisonous,convex,fibrous,gray,no,foul,broad,pink,enlarging,one,large,chocolate,several,woods
poisonous,convex,fibrous,white,no,creosote,narrow,pink,enlarging,one,pendant,black,scattered,woods
poisonous,convex,fibrous,gray,no,creosote,narrow,pink,enlarging,one,pendant,black,several,woods
edible,convex,scaly,brown,yes,none,broad,purple,tapering,one,pendant,brown,solitary,woods
poisonous,flat,fibrous,yellow,no,foul,broad,chocolate,enlarging,one,large,chocolate,several,paths
poisonous,convex,smooth,gray,no,creosote,narrow,brown,enlarging,one,pendant,brown,several,woods
edible,flat,scaly,red,yes,none,broad,white,tapering,one,pendant,brown,several,woods
edible,flat,scaly,red,yes,none,broad,purple,tapering,one,pendant,brown,solitary,woods
edible,flat,fibrous,red,yes,none,broad,pink,tapering,one,pendant,black,several,woods
poisonous,convex,fibrous,yellow,no,foul,broad,pink,enlarging,one,large,chocolate,several,woods
edible,flat,scaly,brown,yes,none,broad,purple,tapering,one,pendant,brown,several,woods
edible,flat,fibrous,red,yes,none,broad,white,tapering,one,pendant,brown,several,woods
edible,flat,scaly,red,yes,none,broad,purple,tapering,one,pendant,brown,several,woods
poisonous,convex,fibrous,yellow,no,foul,broad,pink,enlarging,one,large,chocolate,several,paths
poisonous,convex,fibrous,gray,no,creosote,narrow,brown,enlarging,one,pendant,brown,several,woods
edible,flat,fibrous,red,yes,none,broad,purple,tapering,one,pendant,black,several,woods
poisonous,convex,smooth,gray,no,creosote,narrow,gray,enlarging,one,pendant,brown,scattered,woods
poisonous,convex,fibrous,white,no,creosote,narrow,purple,enlarging,one,pendant,brown,several,woods
poisonous,convex,fibrous,gray,no,foul,broad,chocolate,enlarging,one,large,chocolate,solitary,grasses
edible,flat,scaly,gray,yes,none,broad,brown,tapering,one,pendant,brown,several,woods
edible,flat,fibrous,red,yes,none,broad,brown,tapering,one,pendant,black,several,woods
poisonous,flat,fibrous,yellow,no,foul,broad,pink,enlarging,one,large,chocolate,solitary,paths
edible,flat,fibrous,red,yes,none,broad,purple,tapering,one,pendant,black,solitary,woods
edible,flat,scaly,red,yes,none,broad,white,tapering,one,pendant,brown,several,woods
edible,flat,fibrous,gray,yes,none,broad,purple,tapering,one,pendant,brown,several,woods
edible,flat,scaly,red,yes,none,broad,brown,tapering,one,pendant,brown,solitary,woods
edible,flat,fibrous,gray,yes,none,broad,purple,tapering,one,pendant,black,several,woods
edible,flat,scaly,brown,yes,none,broad,purple,tapering,one,pendant,black,solitary,woods
edible,flat,scaly,red,yes,none,broad,white,tapering,one,pendant,black,several,woods
edible,flat,scaly,brown,yes,none,broad,white,tapering,one,pendant,brown,several,woods
edible,flat,fibrous,red,yes,none,broad,brown,tapering,one,pendant,brown,solitary,woods
edible,flat,scaly,red,yes,none,broad,white,tapering,one,pendant,brown,solitary,woods
edible,flat,fibrous,gray,yes,none,broad,white,tapering,one,pendant,black,solitary,woods
edible,convex,fibrous,gray,yes,none,broad,pink,tapering,one,pendant,brown,solitary,woods
edible,flat,scaly,brown,yes,none,broad,pink,tapering,one,pendant,brown,solitary,woods
edible,flat,scaly,brown,yes,none,broad,pink,tapering,one,pendant,brown,several,woods
edible,convex,fibrous,red,yes,none,broad,brown,tapering,one,pendant,black,solitary,woods
edible,flat,fibrous,brown,yes,none,broad,pink,tapering,one,pendant,black,solitary,woods
poisonous,convex,fibrous,gray,no,foul,broad,chocolate,enlarging,one,large,chocolate,solitary,paths
edible,flat,scaly,red,yes,none,broad,pink,tapering,one,pendant,brown,solitary,woods
edible,convex,scaly,gray,yes,none,broad,brown,tapering,one,pendant,black,solitary,woods
edible,flat,scaly,brown,yes,none,broad,white,tapering,one,pendant,brown,several,woods
edible,flat,scaly,brown,yes,none,broad,white,tapering,one,pendant,black,solitary,woods
edible,flat,scaly,gray,yes,none,broad,white,tapering,one,pendant,brown,solitary,woods
poisonous,convex,fibrous,gray,no,foul,broad,chocolate,enlarging,one,large,chocolate,several,woods
edible,flat,fibrous,red,yes,none,broad,white,tapering,one,pendant,brown,several,woods
poisonous,flat,fibrous,gray,no,foul,broad,gray,enlarging,one,large,chocolate,several,woods
edible,flat,scaly,gray,yes,none,broad,purple,tapering,one,pendant,brown,solitary,woods
edible,flat,scaly,gray,yes,none,broad,brown,tapering,one,pendant,brown,several,woods
edible,flat,fibrous,gray,yes,none,broad,purple,tapering,one,pendant,black,solitary,woods
poisonous,flat,fibrous,yellow,no,foul,broad,chocolate,enlarging,one,large,chocolate,several,paths
edible,convex,scaly,brown,yes,none,broad,brown,tapering,one,pendant,brown,several,woods
edible,flat,scaly,gray,yes,none,broad,pink,tapering,one,pendant,brown,solitary,woods
poisonous,flat,fibrous,gray,no,foul,broad,chocolate,enlarging,one,large,chocolate,several,woods
edible,flat,scaly,brown,yes,none,broad,white,tapering,one,pendant,black,several,woods
poisonous,convex,fibrous,gray,no,creosote,narrow,purple,enlarging,one,pendant,black,scattered,woods
edible,flat,scaly,red,yes,none,broad,white,tapering,one,pendant,brown,solitary,woods
poisonous,convex,smooth,white,no,creosote,narrow,gray,enlarging,one,pendant,black,scattered,woods
edible,flat,scaly,brown,yes,none,broad,brown,tapering,one,pendant,black,several,woods
poisonous,convex,smooth,white,no,creosote,narrow,brown,enlarging,one,pendant,brown,several,woods
edible,flat,scaly,red,yes,none,broad,pink,tapering,one,pendant,brown,solitary,woods
edible,flat,fibrous,gray,yes,none,broad,purple,tapering,one,pendant,brown,several,woods
edible,flat,fibrous,red,yes,none,broad,pink,tapering,one,pendant,black,solitary,woods
edible,flat,scaly,red,yes,none,broad,white,tapering,one,pendant,brown,solitary,woods
poisonous,convex,smooth,gray,no,creosote,narrow,pink,enlarging,one,pendant,black,scattered,woods
edible,flat,scaly,red,yes,none,broad,brown,tapering,one,pendant,black,solitary,woods
edible,flat,scaly,red,yes,none,broad,brown,tapering,one,pendant,black,several,woods
poisonous,convex,fibrous,pink,no,creosote,narrow,brown,enlarging,one,pendant,black,several,woods
edible,flat,fibrous,red,yes,none,broad,purple,tapering,one,pendant,black,solitary,woods
poisonous,convex,smooth,pink,no,creosote,narrow,purple,enlarging,one,pendant,brown,several,woods
edible,flat,fibrous,red,yes,none,broad,white,tapering,one,pendant,black,solitary,woods
poisonous,flat,fibrous,gray,no,foul,broad,gray,enlarging,one,large,chocolate,solitary,grasses
edible,flat,scaly,gray,yes,none,broad,pink,tapering,one,pendant,brown,solitary,woods
poisonous,convex,fibrous,gray,no,foul,broad,chocolate,enlarging,one,large,chocolate,solitary,grasses
edible,flat,scaly,brown,yes,none,broad,brown,tapering,one,pendant,black,several,woods
edible,flat,scaly,red,yes,none,broad,purple,tapering,one,pendant,brown,several,woods
edible,flat,scaly,brown,yes,none,broad,purple,tapering,one,pendant,black,several,woods
poisonous,convex,smooth,pink,no,creosote,narrow,gray,enlarging,one,pendant,black,scattered,woods
poisonous,convex,scaly,gray,no,foul,broad,chocolate,enlarging,one,large,chocolate,solitary,paths
edible,flat,fibrous,red,yes,none,broad,pink,tapering,one,pendant,brown,several,woods
edible,flat,fibrous,gray,yes,none,broad,white,tapering,one,pendant,black,several,woods
edible,flat,scaly,gray,yes,none,broad,brown,tapering,one,pendant,black,several,woods
edible,flat,scaly,red,yes,none,broad,pink,tapering,one,pendant,brown,solitary,woods
edible,flat,scaly,red,yes,none,broad,purple,tapering,one,pendant,black,several,woods
edible,convex,fibrous,gray,yes,none,broad,brown,tapering,one,pendant,brown,solitary,woods
poisonous,convex,fibrous,gray,no,foul,broad,gray,enlarging,one,large,chocolate,solitary,woods
edible,convex,scaly,brown,yes,none,broad,purple,tapering,one,pendant,brown,solitary,woods
edible,flat,scaly,red,yes,none,broad,purple,tapering,one,pendant,black,solitary,woods
edible,flat,fibrous,red,yes,none,broad,brown,tapering,one,pendant,black,solitary,woods
poisonous,convex,fibrous,white,no,creosote,narrow,brown,enlarging,one,pendant,black,several,woods
edible,flat,scaly,red,yes,none,broad,pink,tapering,one,pendant,black,solitary,woods
edible,flat,scaly,gray,yes,none,broad,pink,tapering,one,pendant,brown,solitary,woods
poisonous,convex,fibrous,gray,no,foul,broad,pink,enlarging,one,large,chocolate,solitary,grasses
edible,flat,scaly,gray,yes,none,broad,brown,tapering,one,pendant,brown,solitary,woods
poisonous,convex,smooth,white,no,creosote,narrow,brown,enlarging,one,pendant,black,several,woods
edible,flat,fibrous,red,yes,none,broad,brown,tapering,one,pendant,black,several,woods
poisonous,convex,smooth,white,no,creosote,narrow,brown,enlarging,one,pendant,black,scattered,woods
poisonous,convex,fibrous,gray,no,foul,broad,gray,enlarging,one,large,chocolate,several,woods
poisonous,convex,fibrous,gray,no,foul,broad,chocolate,enlarging,one,large,chocolate,solitary,woods
edible,flat,scaly,gray,yes,none,broad,purple,tapering,one,pendant,brown,several,woods
edible,flat,scaly,gray,yes,none,broad,pink,tapering,one,pendant,brown,several,woods
edible,flat,scaly,red,yes,none,broad,pink,tapering,one,pendant,brown,solitary,woods
edible,flat,scaly,red,yes,none,broad,pink,tapering,one,pendant,black,solitary,woods
poisonous,convex,fibrous,gray,no,foul,broad,chocolate,enlarging,one,large,chocolate,several,paths
edible,flat,fibrous,red,yes,none,broad,purple,tapering,one,pendant,brown,solitary,woods
edible,flat,fibrous,red,yes,none,broad,brown,tapering,one,pendant,black,solitary,woods
poisonous,convex,scaly,gray,no,foul,broad,gray,enlarging,one,large,chocolate,several,grasses
edible,flat,fibrous,red,yes,none,broad,purple,tapering,one,pendant,black,solitary,woods
poisonous,convex,fibrous,gray,no,creosote,narrow,pink,enlarging,one,pendant,brown,scattered,woods
edible,flat,scaly,gray,yes,none,broad,purple,tapering,one,pendant,black,solitary,woods
edible,flat,scaly,red,yes,none,broad,white,tapering,one,pendant,brown,solitary,woods
edible,flat,scaly,red,yes,none,broad,brown,tapering,one,pendant,brown,solitary,woods
edible,flat,scaly,gray,yes,none,broad,white,tapering,one,pendant,black,solitary,woods
edible,convex,fibrous,red,yes,none,broad,brown,tapering,one,pendant,brown,solitary,woods
edible,flat,scaly,gray,yes,none,broad,purple,tapering,one,pendant,black,solitary,woods
poisonous,convex,smooth,pink,no,creosote,narrow,pink,enlarging,one,pendant,black,scattered,woods
edible,flat,scaly,brown,yes,none,broad,purple,tapering,one,pendant,brown,several,woods
poisonous,convex,fibrous,gray,no,foul,broad,pink,enlarging,one,large,chocolate,solitary,grasses
edible,flat,scaly,red,yes,none,broad,brown,tapering,one,pendant,black,several,woods
edible,flat,scaly,gray,yes,none,broad,white,tapering,one,pendant,brown,several,woods
edible,flat,fibrous,red,yes,none,broad,brown,tapering,one,pendant,brown,several,woods
poisonous,convex,smooth,white,no,creosote,narrow,purple,enlarging,one,pendant,brown,several,woods
poisonous,convex,fibrous,white,no,creosote,narrow,brown,enlarging,one,pendant,brown,several,woods
edible,convex,scaly,brown,yes,none,broad,brown,tapering,one,pendant,brown,several,woods
edible,flat,fibrous,red,yes,none,broad,white,tapering,one,pendant,black,several,woods
edible,flat,scaly,red,yes,none,broad,white,tapering,one,pendant,black,several,woods
edible,convex,scaly,gray,yes,none,broad,purple,tapering,one,pendant,brown,solitary,woods
poisonous,convex,fibrous,gray,no,foul,broad,pink,enlarging,one,large,chocolate,several,woods
poisonous,convex,fibrous,white,no,creosote,narrow,brown,enlarging,one,pendant,black,several,woods
edible,flat,scaly,brown,yes,none,broad,white,tapering,one,pendant,black,solitary,woods
edible,flat,fibrous,red,yes,none,broad,white,tapering,one,pendant,black,several,woods
poisonous,convex,fibrous,white,no,creosote,narrow,purple,enlarging,one,pendant,black,several,woods
poisonous,convex,smooth,gray,no,creosote,narrow,pink,enlarging,one,pendant,black,scattered,woods
edible,convex,scaly,red,yes,none,broad,pink,tapering,one,pendant,black,several,woods
poisonous,convex,fibrous,gray,no,foul,broad,chocolate,enlarging,one,large,chocolate,several,woods
poisonous,convex,fibrous,gray,no,creosote,narrow,pink,enlarging,one,pendant,brown,several,woods
poisonous,convex,fibrous,gray,no,foul,broad,chocolate,enlarging,one,large,chocolate,several,woods
poisonous,convex,smooth,gray,no,creosote,narrow,brown,enlarging,one,pendant,brown,several,woods
edible,convex,fibrous,gray,yes,none,broad,white,tapering,one,pendant,black,several,woods
poisonous,convex,fibrous,pink,no,creosote,narrow,purple,enlarging,one,pendant,black,scattered,woods
edible,flat,fibrous,red,yes,none,broad,brown,tapering,one,pendant,brown,several,woods
poisonous,convex,smooth,pink,no,creosote,narrow,brown,enlarging,one,pendant,black,several,woods
poisonous,convex,fibrous,gray,no,creosote,narrow,pink,enlarging,one,pendant,black,scattered,woods
edible,flat,scaly,red,yes,none,broad,pink,tapering,one,pendant,black,solitary,woods
poisonous,convex,fibrous,gray,no,creosote,narrow,brown,enlarging,one,pendant,black,scattered,woods
poisonous,convex,smooth,gray,no,creosote,narrow,brown,enlarging,one,pendant,black,several,woods
edible,flat,scaly,gray,yes,none,broad,purple,tapering,one,pendant,brown,solitary,woods
edible,flat,scaly,brown,yes,none,broad,purple,tapering,one,pendant,brown,solitary,woods
poisonous,convex,fibrous,gray,no,creosote,narrow,gray,enlarging,one,pendant,brown,scattered,woods
edible,flat,fibrous,red,yes,none,broad,pink,tapering,one,pendant,black,several,woods
poisonous,convex,smooth,white,no,creosote,narrow,brown,enlarging,one,pendant,brown,scattered,woods
edible,flat,scaly,brown,yes,none,broad,white,tapering,one,pendant,black,several,woods
poisonous,convex,fibrous,gray,no,foul,broad,chocolate,enlarging,one,large,chocolate,several,woods
poisonous,flat,scaly,gray,no,foul,broad,gray,enlarging,one,large,chocolate,solitary,grasses
edible,flat,scaly,gray,yes,none,broad,brown,tapering,one,pendant,black,several,woods
poisonous,convex,fibrous,gray,no,foul,broad,gray,enlarging,one,large,chocolate,several,grasses
edible,flat,scaly,gray,yes,none,broad,pink,tapering,one,pendant,brown,several,woods
poisonous,convex,fibrous,gray,no,foul,broad,gray,enlarging,one,large,chocolate,solitary,grasses
poisonous,flat,fibrous,gray,no,foul,broad,pink,enlarging,one,large,chocolate,solitary,paths
edible,flat,fibrous,red,yes,none,broad,brown,tapering,one,pendant,black,several,woods
edible,flat,fibrous,gray,yes,none,broad,white,tapering,one,pendant,black,several,woods
poisonous,convex,fibrous,white,no,creosote,narrow,pink,enlarging,one,pendant,brown,several,woods
edible,flat,fibrous,gray,yes,none,broad,brown,tapering,one,pendant,brown,solitary,woods
poisonous,convex,fibrous,gray,no,foul,broad,pink,enlarging,one,large,chocolate,solitary,paths
poisonous,convex,scaly,yellow,no,foul,broad,chocolate,enlarging,one,large,chocolate,several,woods
poisonous,flat,scaly,gray,no,foul,broad,pink,enlarging,one,large,chocolate,solitary,paths
poisonous,convex,fibrous,yellow,no,foul,broad,pink,enlarging,one,large,chocolate,several,grasses
poisonous,convex,fibrous,white,no,creosote,narrow,gray,enlarging,one,pendant,brown,several,woods
poisonous,convex,scaly,yellow,no,foul,broad,chocolate,enlarging,one,large,chocolate,solitary,woods
poisonous,convex,scaly,yellow,no,foul,broad,gray,enlarging,one,large,chocolate,several,woods
poisonous,convex,fibrous,yellow,no,foul,broad,chocolate,enlarging,one,large,chocolate,several,paths
poisonous,flat,fibrous,yellow,no,foul,broad,chocolate,enlarging,one,large,chocolate,several,woods
poisonous,flat,fibrous,yellow,no,foul,broad,gray,enlarging,one,large,chocolate,solitary,woods
edible,flat,scaly,gray,yes,none,broad,brown,tapering,one,pendant,black,solitary,woods
poisonous,convex,scaly,gray,no,foul,broad,gray,enlarging,one,large,chocolate,solitary,grasses
poisonous,flat,fibrous,yellow,no,foul,broad,pink,enlarging,one,large,chocolate,solitary,paths
poisonous,flat,fibrous,yellow,no,foul,broad,gray,enlarging,one,large,chocolate,solitary,grasses
edible,convex,fibrous,gray,yes,none,broad,white,tapering,one,pendant,black,solitary,woods
edible,flat,scaly,brown,yes,none,broad,brown,tapering,one,pendant,brown,several,woods
edible,flat,scaly,red,yes,none,broad,brown,tapering,one,pendant,brown,several,woods
poisonous,convex,scaly,yellow,no,foul,broad,chocolate,enlarging,one,large,chocolate,several,grasses
poisonous,flat,scaly,gray,no,foul,broad,gray,enlarging,one,large,chocolate,several,grasses
poisonous,flat,scaly,gray,no,foul,broad,chocolate,enlarging,one,large,chocolate,several,woods
edible,flat,scaly,red,yes,none,broad,white,tapering,one,pendant,black,solitary,woods
poisonous,flat,scaly,gray,no,foul,broad,pink,enlarging,one,large,chocolate,several,grasses
edible,flat,fibrous,red,yes,none,broad,brown,tapering,one,pendant,black,several,woods
edible,flat,fibrous,gray,yes,none,broad,pink,tapering,one,pendant,black,several,woods
edible,flat,fibrous,gray,yes,none,broad,white,tapering,one,pendant,brown,several,woods
poisonous,convex,fibrous,gray,no,foul,broad,pink,enlarging,one,large,chocolate,solitary,woods
poisonous,convex,scaly,yellow,no,foul,broad,pink,enlarging,one,large,chocolate,solitary,grasses
poisonous,flat,fibrous,yellow,no,foul,broad,chocolate,enlarging,one,large,chocolate,solitary,grasses
edible,flat,scaly,red,yes,none,broad,pink,tapering,one,pendant,brown,several,woods
poisonous,convex,fibrous,yellow,no,foul,broad,chocolate,enlarging,one,large,chocolate,solitary,woods
poisonous,flat,scaly,gray,no,foul,broad,chocolate,enlarging,one,large,chocolate,solitary,paths
poisonous,flat,fibrous,yellow,no,foul,broad,gray,enlarging,one,large,chocolate,several,grasses
poisonous,flat,scaly,yellow,no,foul,broad,gray,enlarging,one,large,chocolate,several,woods
poisonous,convex,scaly,gray,no,foul,broad,pink,enlarging,one,large,chocolate,solitary,paths
poisonous,flat,fibrous,yellow,no,foul,broad,chocolate,enlarging,one,large,chocolate,several,paths
poisonous,convex,smooth,pink,no,creosote,narrow,gray,enlarging,one,pendant,brown,scattered,woods
poisonous,convex,scaly,yellow,no,foul,broad,pink,enlarging,one,large,chocolate,several,grasses
edible,flat,fibrous,red,yes,none,broad,purple,tapering,one,pendant,black,several,woods
edible,flat,scaly,red,yes,none,broad,brown,tapering,one,pendant,black,solitary,woods
poisonous,convex,fibrous,pink,no,creosote,narrow,brown,enlarging,one,pendant,brown,several,woods
poisonous,convex,fibrous,yellow,no,foul,broad,chocolate,enlarging,one,large,chocolate,several,grasses
poisonous,flat,scaly,gray,no,foul,broad,pink,enlarging,one,large,chocolate,several,grasses
edible,convex,scaly,gray,yes,none,broad,pink,tapering,one,pendant,black,solitary,woods
edible,flat,fibrous,red,yes,none,broad,pink,tapering,one,pendant,brown,solitary,woods
poisonous,flat,scaly,gray,no,foul,broad,pink,enlarging,one,large,chocolate,several,woods
edible,flat,scaly,gray,yes,none,broad,purple,tapering,one,pendant,brown,several,woods
poisonous,convex,fibrous,yellow,no,foul,broad,gray,enlarging,one,large,chocolate,several,woods
poisonous,flat,scaly,gray,no,foul,broad,gray,enlarging,one,large,chocolate,solitary,grasses
edible,flat,fibrous,red,yes,none,broad,pink,tapering,one,pendant,brown,several,woods
poisonous,convex,scaly,yellow,no,foul,broad,chocolate,enlarging,one,large,chocolate,several,grasses
poisonous,flat,fibrous,yellow,no,foul,broad,gray,enlarging,one,large,chocolate,solitary,grasses
poisonous,convex,scaly,yellow,no,foul,broad,pink,enlarging,one,large,chocolate,several,grasses
poisonous,flat,fibrous,gray,no,foul,broad,gray,enlarging,one,large,chocolate,solitary,grasses
poisonous,convex,smooth,pink,no,creosote,narrow,brown,enlarging,one,pendant,brown,scattered,woods
poisonous,convex,fibrous,gray,no,creosote,narrow,gray,enlarging,one,pendant,black,scattered,woods
poisonous,convex,scaly,gray,no,foul,broad,gray,enlarging,one,large,chocolate,several,paths
poisonous,convex,scaly,yellow,no,foul,broad,chocolate,enlarging,one,large,chocolate,solitary,paths
poisonous,flat,fibrous,gray,no,foul,broad,chocolate,enlarging,one,large,chocolate,several,woods
edible,flat,scaly,gray,yes,none,broad,purple,tapering,one,pendant,brown,several,woods
poisonous,convex,smooth,gray,yes,foul,broad,white,tapering,one,pendant,chocolate,several,urban
poisonous,convex,scaly,yellow,no,foul,broad,gray,enlarging,one,large,chocolate,solitary,woods
edible,flat,fibrous,gray,yes,none,broad,white,tapering,one,pendant,black,several,woods
poisonous,flat,fibrous,yellow,no,foul,broad,gray,enlarging,one,large,chocolate,solitary,woods
poisonous,convex,scaly,gray,no,foul,broad,chocolate,enlarging,one,large,chocolate,solitary,paths
poisonous,flat,fibrous,yellow,no,foul,broad,gray,enlarging,one,large,chocolate,several,paths
poisonous,convex,scaly,gray,no,foul,broad,chocolate,enlarging,one,large,chocolate,solitary,grasses
poisonous,flat,scaly,gray,no,foul,broad,chocolate,enlarging,one,large,chocolate,solitary,grasses
poisonous,flat,scaly,yellow,no,foul,broad,chocolate,enlarging,one,large,chocolate,solitary,paths
poisonous,convex,fibrous,yellow,no,foul,broad,pink,enlarging,one,large,chocolate,solitary,paths
poisonous,convex,smooth,white,no,creosote,narrow,gray,enlarging,one,pendant,black,several,woods
poisonous,convex,scaly,gray,no,foul,broad,gray,enlarging,one,large,chocolate,several,paths
poisonous,convex,fibrous,gray,no,foul,broad,pink,enlarging,one,large,chocolate,solitary,paths
edible,flat,scaly,brown,yes,none,broad,purple,tapering,one,pendant,brown,several,woods
edible,flat,fibrous,gray,yes,none,broad,white,tapering,one,pendant,black,several,woods
poisonous,convex,fibrous,yellow,no,foul,broad,gray,enlarging,one,large,chocolate,solitary,paths
poisonous,convex,smooth,pink,no,creosote,narrow,purple,enlarging,one,pendant,brown,scattered,woods
poisonous,flat,fibrous,gray,no,foul,broad,pink,enlarging,one,large,chocolate,several,grasses
poisonous,convex,fibrous,gray,no,foul,broad,chocolate,enlarging,one,large,chocolate,several,grasses
poisonous,convex,smooth,white,no,creosote,narrow,purple,enlarging,one,pendant,black,several,woods
edible,flat,fibrous,red,yes,none,broad,white,tapering,one,pendant,brown,several,woods
poisonous,flat,scaly,gray,no,foul,broad,pink,enlarging,one,large,chocolate,several,grasses
poisonous,convex,fibrous,pink,no,creosote,narrow,pink,enlarging,one,pendant,black,several,woods
poisonous,flat,smooth,white,yes,foul,broad,pink,tapering,one,pendant,chocolate,several,grasses
poisonous,convex,scaly,yellow,no,foul,broad,pink,enlarging,one,large,chocolate,several,paths
edible,convex,scaly,buff,yes,none,broad,red,enlarging,two,evanescent,white,clustered,waste
poisonous,flat,fibrous,gray,no,foul,broad,gray,enlarging,one,large,chocolate,solitary,grasses
poisonous,convex,fibrous,gray,no,foul,broad,pink,enlarging,one,large,chocolate,solitary,grasses
poisonous,convex,fibrous,yellow,no,foul,broad,chocolate,enlarging,one,large,chocolate,solitary,grasses
poisonous,flat,fibrous,yellow,no,foul,broad,chocolate,enlarging,one,large,chocolate,solitary,grasses
edible,flat,fibrous,gray,yes,none,broad,purple,tapering,one,pendant,brown,solitary,woods
poisonous,convex,fibrous,yellow,no,foul,broad,chocolate,enlarging,one,large,chocolate,several,woods
poisonous,convex,scaly,gray,no,foul,broad,chocolate,enlarging,one,large,chocolate,several,woods
poisonous,flat,fibrous,gray,no,foul,broad,pink,enlarging,one,large,chocolate,solitary,grasses
poisonous,convex,fibrous,gray,no,creosote,narrow,purple,enlarging,one,pendant,brown,scattered,woods
poisonous,convex,fibrous,gray,no,creosote,narrow,purple,enlarging,one,pendant,brown,several,woods
poisonous,convex,scaly,gray,no,foul,broad,pink,enlarging,one,large,chocolate,several,grasses
poisonous,convex,smooth,gray,yes,foul,broad,chocolate,tapering,one,pendant,chocolate,scattered,grasses
poisonous,convex,scaly,gray,no,foul,broad,chocolate,enlarging,one,large,chocolate,several,grasses
edible,flat,scaly,gray,yes,none,broad,brown,tapering,one,pendant,black,solitary,woods
poisonous,flat,fibrous,yellow,no,foul,broad,pink,enlarging,one,large,chocolate,several,woods
edible,flat,fibrous,red,yes,none,broad,pink,tapering,one,pendant,black,several,woods
poisonous,flat,scaly,gray,no,foul,broad,pink,enlarging,one,large,chocolate,solitary,paths
edible,flat,scaly,brown,yes,none,broad,brown,tapering,one,pendant,black,several,woods
edible,flat,fibrous,red,yes,none,broad,white,tapering,one,pendant,black,solitary,woods
poisonous,convex,scaly,gray,no,foul,broad,gray,enlarging,one,large,chocolate,solitary,paths
poisonous,convex,scaly,gray,no,foul,broad,chocolate,enlarging,one,large,chocolate,solitary,woods
edible,flat,fibrous,red,yes,none,broad,white,tapering,one,pendant,brown,several,woods
poisonous,flat,fibrous,gray,no,foul,broad,pink,enlarging,one,large,chocolate,several,paths
edible,flat,fibrous,gray,yes,none,broad,white,tapering,one,pendant,black,solitary,woods
edible,flat,scaly,red,yes,none,broad,white,tapering,one,pendant,black,solitary,woods
edible,flat,scaly,red,yes,none,broad,white,tapering,one,pendant,brown,several,woods
poisonous,flat,fibrous,gray,no,foul,broad,gray,enlarging,one,large,chocolate,solitary,paths
edible,convex,fibrous,red,yes,none,broad,purple,tapering,one,pendant,black,several,woods
poisonous,flat,scaly,gray,no,foul,broad,pink,enlarging,one,large,chocolate,several,woods
poisonous,convex,scaly,yellow,no,foul,broad,pink,enlarging,one,large,chocolate,several,paths
poisonous,flat,scaly,yellow,no,foul,broad,pink,enlarging,one,large,chocolate,several,woods
poisonous,convex,fibrous,yellow,no,foul,broad,gray,enlarging,one,large,chocolate,several,paths
poisonous,convex,scaly,yellow,no,foul,broad,pink,enlarging,one,large,chocolate,several,woods
edible,convex,fibrous,gray,yes,none,broad,purple,tapering,one,pendant,brown,several,woods
edible,convex,scaly,gray,yes,none,broad,purple,tapering,one,pendant,brown,several,woods
poisonous,flat,scaly,gray,no,foul,broad,gray,enlarging,one,large,chocolate,several,grasses
poisonous,flat,fibrous,yellow,no,foul,broad,chocolate,enlarging,one,large,chocolate,solitary,woods
poisonous,convex,scaly,gray,no,foul,broad,pink,enlarging,one,large,chocolate,solitary,paths
poisonous,convex,scaly,red,no,fishy,narrow,buff,tapering,one,evanescent,white,several,paths
poisonous,convex,scaly,gray,no,foul,broad,chocolate,enlarging,one,large,chocolate,solitary,paths
poisonous,convex,scaly,gray,no,foul,broad,gray,enlarging,one,large,chocolate,several,grasses
poisonous,convex,smooth,gray,no,creosote,narrow,purple,enlarging,one,pendant,brown,several,woods
poisonous,flat,fibrous,gray,no,foul,broad,pink,enlarging,one,large,chocolate,several,grasses
poisonous,flat,smooth,buff,yes,foul,broad,pink,tapering,one,pendant,chocolate,scattered,grasses
poisonous,convex,scaly,gray,no,foul,broad,pink,enlarging,one,large,chocolate,several,woods
poisonous,convex,scaly,yellow,no,foul,broad,pink,enlarging,one,large,chocolate,solitary,woods
poisonous,convex,smooth,white,no,creosote,narrow,purple,enlarging,one,pendant,black,scattered,woods
poisonous,convex,scaly,yellow,no,foul,broad,chocolate,enlarging,one,large,chocolate,several,woods
edible,flat,fibrous,red,yes,none,broad,white,tapering,one,pendant,black,several,woods
poisonous,convex,scaly,gray,no,foul,broad,chocolate,enlarging,one,large,chocolate,solitary,grasses
poisonous,convex,fibrous,yellow,no,foul,broad,pink,enlarging,one,large,chocolate,several,woods
poisonous,convex,fibrous,yellow,no,foul,broad,pink,enlarging,one,large,chocolate,several,paths
poisonous,flat,fibrous,gray,no,foul,broad,pink,enlarging,one,large,chocolate,several,grasses
poisonous,convex,fibrous,yellow,no,foul,broad,chocolate,enlarging,one,large,chocolate,solitary,woods
edible,flat,fibrous,gray,yes,none,broad,purple,tapering,one,pendant,black,several,woods
poisonous,convex,fibrous,gray,no,foul,broad,pink,enlarging,one,large,chocolate,solitary,woods
edible,flat,scaly,brown,yes,none,broad,purple,tapering,one,pendant,brown,solitary,woods
poisonous,flat,scaly,gray,no,foul,broad,chocolate,enlarging,one,large,chocolate,several,woods
poisonous,flat,fibrous,gray,no,foul,broad,pink,enlarging,one,large,chocolate,solitary,paths
poisonous,flat,fibrous,gray,no,foul,broad,gray,enlarging,one,large,chocolate,several,woods
poisonous,convex,smooth,white,no,creosote,narrow,purple,enlarging,one,pendant,black,several,woods
poisonous,convex,scaly,gray,no,foul,broad,chocolate,enlarging,one,large,chocolate,solitary,woods
edible,flat,scaly,brown,yes,none,broad,pink,tapering,one,pendant,black,several,woods
poisonous,convex,fibrous,white,no,creosote,narrow,purple,enlarging,one,pendant,black,scattered,woods
poisonous,convex,fibrous,yellow,no,foul,broad,pink,enlarging,one,large,chocolate,several,woods
poisonous,convex,fibrous,yellow,no,foul,broad,pink,enlarging,one,large,chocolate,solitary,woods
poisonous,convex,fibrous,pink,no,creosote,narrow,purple,enlarging,one,pendant,brown,several,woods
poisonous,flat,fibrous,yellow,no,foul,broad,pink,enlarging,one,large,chocolate,solitary,woods
poisonous,flat,fibrous,gray,no,foul,broad,chocolate,enlarging,one,large,chocolate,several,paths
edible,flat,scaly,red,yes,none,broad,pink,tapering,one,pendant,black,several,woods
poisonous,convex,scaly,yellow,no,foul,broad,gray,enlarging,one,large,chocolate,several,paths
poisonous,flat,fibrous,yellow,no,foul,broad,gray,enlarging,one,large,chocolate,several,paths
poisonous,convex,fibrous,gray,no,creosote,narrow,gray,enlarging,one,pendant,brown,scattered,woods
poisonous,convex,smooth,pink,no,creosote,narrow,purple,enlarging,one,pendant,black,several,woods
edible,convex,fibrous,red,yes,none,broad,brown,tapering,one,pendant,brown,several,woods
poisonous,convex,scaly,yellow,no,foul,broad,chocolate,enlarging,one,large,chocolate,several,grasses
edible,flat,fibrous,brown,yes,none,broad,brown,tapering,one,pendant,brown,solitary,woods
edible,flat,scaly,red,yes,none,broad,pink,tapering,one,pendant,black,solitary,woods
poisonous,flat,scaly,yellow,no,foul,broad,pink,enlarging,one,large,chocolate,solitary,woods
poisonous,convex,fibrous,yellow,no,foul,broad,pink,enlarging,one,large,chocolate,solitary,grasses
poisonous,convex,scaly,gray,no,foul,broad,gray,enlarging,one,large,chocolate,several,woods
poisonous,flat,fibrous,gray,no,foul,broad,gray,enlarging,one,large,chocolate,solitary,woods
poisonous,flat,fibrous,yellow,no,foul,broad,gray,enlarging,one,large,chocolate,solitary,paths
edible,flat,scaly,gray,yes,none,broad,white,tapering,one,pendant,brown,solitary,woods
poisonous,convex,scaly,gray,no,foul,broad,pink,enlarging,one,large,chocolate,several,paths
poisonous,convex,scaly,yellow,no,foul,broad,chocolate,enlarging,one,large,chocolate,several,paths
poisonous,flat,fibrous,gray,no,foul,broad,pink,enlarging,one,large,chocolate,several,paths
poisonous,flat,fibrous,yellow,no,foul,broad,pink,enlarging,one,large,chocolate,solitary,paths
edible,flat,fibrous,red,yes,none,broad,purple,tapering,one,pendant,brown,several,woods
edible,flat,scaly,brown,yes,none,broad,pink,tapering,one,pendant,brown,several,woods
poisonous,convex,fibrous,yellow,no,foul,broad,chocolate,enlarging,one,large,chocolate,solitary,grasses
edible,flat,scaly,purple,no,none,narrow,chocolate,enlarging,one,flaring,chocolate,solitary,woods
edible,flat,scaly,brown,yes,none,broad,purple,tapering,one,pendant,brown,solitary,woods
poisonous,flat,scaly,yellow,no,foul,broad,pink,enlarging,one,large,chocolate,several,grasses
poisonous,flat,fibrous,yellow,no,foul,broad,gray,enlarging,one,large,chocolate,several,grasses
poisonous,convex,scaly,gray,no,foul,broad,gray,enlarging,one,large,chocolate,solitary,woods
poisonous,convex,scaly,gray,no,foul,broad,pink,enlarging,one,large,chocolate,solitary,paths
poisonous,flat,fibrous,yellow,no,foul,broad,gray,enlarging,one,large,chocolate,several,paths
poisonous,convex,scaly,yellow,no,foul,broad,gray,enlarging,one,large,chocolate,solitary,woods
poisonous,convex,fibrous,yellow,no,foul,broad,chocolate,enlarging,one,large,chocolate,several,paths
poisonous,convex,scaly,gray,no,foul,broad,pink,enlarging,one,large,chocolate,several,paths
poisonous,convex,fibrous,yellow,no,foul,broad,chocolate,enlarging,one,large,chocolate,solitary,paths
edible,convex,fibrous,gray,yes,none,broad,purple,tapering,one,pendant,brown,several,woods
poisonous,flat,scaly,gray,no,foul,broad,chocolate,enlarging,one,large,chocolate,solitary,woods
edible,flat,scaly,red,yes,none,broad,pink,tapering,one,pendant,brown,several,woods
poisonous,convex,fibrous,gray,no,foul,broad,pink,enlarging,one,large,chocolate,several,woods
poisonous,flat,fibrous,yellow,no,foul,broad,chocolate,enlarging,one,large,chocolate,several,woods
edible,flat,scaly,brown,yes,none,broad,brown,tapering,one,pendant,brown,solitary,woods
edible,flat,fibrous,gray,yes,none,broad,white,tapering,one,pendant,black,solitary,woods
poisonous,flat,scaly,gray,no,foul,broad,pink,enlarging,one,large,chocolate,several,grasses
edible,convex,fibrous,red,yes,none,broad,white,tapering,one,pendant,black,several,woods
edible,flat,fibrous,red,yes,none,broad,pink,tapering,one,pendant,brown,solitary,woods
poisonous,flat,scaly,yellow,no,foul,broad,chocolate,enlarging,one,large,chocolate,several,paths
poisonous,convex,fibrous,white,no,creosote,narrow,purple,enlarging,one,pendant,black,several,woods
poisonous,convex,scaly,gray,no,foul,broad,pink,enlarging,one,large,chocolate,solitary,woods
poisonous,convex,scaly,red,no,fishy,narrow,buff,tapering,one,evanescent,white,several,woods
poisonous,convex,fibrous,yellow,no,foul,broad,pink,enlarging,one,large,chocolate,several,paths
poisonous,flat,scaly,gray,no,foul,broad,pink,enlarging,one,large,chocolate,solitary,woods
edible,flat,scaly,gray,yes,none,broad,purple,tapering,one,pendant,brown,solitary,woods
poisonous,convex,scaly,brown,no,foul,narrow,buff,tapering,one,evanescent,white,several,leaves
edible,flat,scaly,red,yes,none,broad,brown,tapering,one,pendant,brown,several,woods
poisonous,bell,smooth,buff,yes,none,broad,gray,enlarging,two,pendant,green,several,meadows
edible,flat,fibrous,gray,yes,none,broad,white,tapering,one,pendant,black,solitary,woods
poisonous,flat,fibrous,gray,no,foul,broad,pink,enlarging,one,large,chocolate,several,grasses
edible,flat,scaly,gray,yes,none,broad,white,tapering,one,pendant,black,solitary,woods
poisonous,flat,fibrous,yellow,no,foul,broad,pink,enlarging,one,large,chocolate,solitary,paths
poisonous,flat,fibrous,yellow,no,foul,broad,gray,enlarging,one,large,chocolate,solitary,grasses
poisonous,flat,fibrous,gray,no,foul,broad,gray,enlarging,one,large,chocolate,several,grasses
edible,flat,fibrous,red,yes,none,broad,purple,tapering,one,pendant,brown,several,woods
poisonous,convex,fibrous,gray,no,foul,broad,pink,enlarging,one,large,chocolate,solitary,paths
poisonous,flat,fibrous,yellow,no,foul,broad,gray,enlarging,one,large,chocolate,several,grasses
poisonous,convex,fibrous,yellow,no,foul,broad,gray,enlarging,one,large,chocolate,several,woods
poisonous,convex,fibrous,yellow,no,foul,broad,gray,enlarging,one,large,chocolate,solitary,paths
poisonous,flat,fibrous,yellow,no,foul,broad,pink,enlarging,one,large,chocolate,several,grasses
poisonous,flat,fibrous,yellow,no,foul,broad,chocolate,enlarging,one,large,chocolate,several,grasses
poisonous,convex,scaly,gray,no,foul,broad,pink,enlarging,one,large,chocolate,several,paths
edible,flat,scaly,red,yes,none,broad,purple,tapering,one,pendant,black,several,woods
poisonous,flat,fibrous,gray,no,foul,broad,gray,enlarging,one,large,chocolate,several,woods
poisonous,flat,fibrous,yellow,no,foul,broad,chocolate,enlarging,one,large,chocolate,several,grasses
edible,flat,fibrous,brown,yes,none,broad,purple,tapering,one,pendant,black,several,woods
poisonous,convex,scaly,yellow,no,foul,broad,gray,enlarging,one,large,chocolate,several,paths
poisonous,convex,scaly,yellow,no,foul,broad,chocolate,enlarging,one,large,chocolate,several,paths
edible,flat,scaly,brown,yes,none,broad,pink,tapering,one,pendant,black,solitary,woods
poisonous,flat,scaly,gray,no,foul,broad,pink,enlarging,one,large,chocolate,solitary,paths
edible,flat,fibrous,red,yes,none,broad,pink,tapering,one,pendant,black,solitary,woods
poisonous,convex,scaly,yellow,no,foul,broad,gray,enlarging,one,large,chocolate,several,grasses
poisonous,flat,scaly,gray,no,foul,broad,chocolate,enlarging,one,large,chocolate,several,woods
poisonous,convex,scaly,yellow,no,foul,broad,pink,enlarging,one,large,chocolate,several,woods
poisonous,convex,smooth,gray,no,creosote,narrow,gray,enlarging,one,pendant,black,scattered,woods
edible,flat,fibrous,gray,yes,none,broad,white,tapering,one,pendant,black,several,woods
poisonous,flat,scaly,gray,no,foul,broad,gray,enlarging,one,large,chocolate,solitary,grasses
poisonous,convex,fibrous,gray,no,foul,broad,chocolate,enlarging,one,large,chocolate,solitary,woods
poisonous,flat,scaly,gray,no,foul,broad,chocolate,enlarging,one,large,chocolate,several,paths
edible,flat,scaly,brown,yes,none,broad,white,tapering,one,pendant,black,several,woods
poisonous,convex,scaly,yellow,no,foul,broad,pink,enlarging,one,large,chocolate,solitary,woods
poisonous,flat,fibrous,gray,no,foul,broad,gray,enlarging,one,large,chocolate,solitary,woods
edible,flat,scaly,red,yes,none,broad,white,tapering,one,pendant,brown,several,woods
edible,flat,scaly,red,yes,none,broad,white,tapering,one,pendant,black,several,woods
poisonous,flat,smooth,gray,yes,foul,broad,pink,tapering,one,pendant,chocolate,several,urban
poisonous,convex,fibrous,gray,no,foul,broad,gray,enlarging,one,large,chocolate,solitary,paths
poisonous,flat,scaly,gray,no,foul,broad,gray,enlarging,one,large,chocolate,several,paths
poisonous,convex,scaly,gray,no,foul,broad,gray,enlarging,one,large,chocolate,several,paths
poisonous,convex,fibrous,yellow,no,foul,broad,chocolate,enlarging,one,large,chocolate,several,woods
poisonous,flat,scaly,gray,no,foul,broad,pink,enlarging,one,large,chocolate,several,woods
poisonous,flat,scaly,gray,no,foul,broad,pink,enlarging,one,large,chocolate,several,paths
edible,flat,scaly,red,yes,none,broad,white,tapering,one,pendant,brown,solitary,woods
poisonous,convex,scaly,gray,no,foul,broad,chocolate,enlarging,one,large,chocolate,several,grasses
poisonous,flat,scaly,gray,no,foul,broad,pink,enlarging,one,large,chocolate,several,grasses
poisonous,convex,scaly,gray,no,foul,broad,pink,enlarging,one,large,chocolate,solitary,paths
edible,flat,fibrous,red,yes,none,broad,pink,tapering,one,pendant,brown,several,woods
edible,flat,scaly,red,yes,none,broad,pink,tapering,one,pendant,brown,several,woods
edible,flat,scaly,red,yes,none,broad,brown,tapering,one,pendant,brown,solitary,woods
poisonous,flat,fibrous,yellow,no,foul,broad,chocolate,enlarging,one,large,chocolate,several,grasses
poisonous,flat,fibrous,gray,no,foul,broad,chocolate,enlarging,one,large,chocolate,solitary,paths
edible,flat,scaly,brown,yes,none,broad,purple,tapering,one,pendant,black,solitary,woods
poisonous,convex,scaly,gray,no,foul,broad,gray,enlarging,one,large,chocolate,solitary,grasses
edible,flat,fibrous,gray,yes,none,broad,purple,tapering,one,pendant,brown,several,woods
poisonous,convex,fibrous,yellow,no,foul,broad,pink,enlarging,one,large,chocolate,several,paths
poisonous,convex,scaly,yellow,no,foul,broad,pink,enlarging,one,large,chocolate,several,woods
poisonous,convex,scaly,yellow,no,foul,broad,pink,enlarging,one,large,chocolate,several,woods
edible,flat,fibrous,cinnamon,no,none,narrow,white,enlarging,one,evanescent,white,several,leaves
poisonous,convex,fibrous,gray,no,foul,broad,chocolate,enlarging,one,large,chocolate,several,woods
poisonous,flat,fibrous,gray,no,foul,broad,pink,enlarging,one,large,chocolate,solitary,grasses
poisonous,convex,scaly,gray,no,foul,broad,chocolate,enlarging,one,large,chocolate,several,grasses
poisonous,flat,scaly,gray,no,foul,broad,pink,enlarging,one,large,chocolate,solitary,grasses
poisonous,convex,smooth,buff,yes,foul,broad,white,tapering,one,pendant,chocolate,scattered,urban
poisonous,flat,fibrous,gray,no,foul,broad,chocolate,enlarging,one,large,chocolate,several,woods
poisonous,convex,scaly,gray,no,foul,broad,pink,enlarging,one,large,chocolate,several,grasses
poisonous,flat,fibrous,yellow,no,foul,broad,gray,enlarging,one,large,chocolate,solitary,paths
poisonous,flat,fibrous,gray,no,foul,broad,chocolate,enlarging,one,large,chocolate,several,paths
poisonous,flat,fibrous,gray,no,foul,broad,gray,enlarging,one,large,chocolate,solitary,woods
edible,flat,fibrous,gray,yes,none,broad,white,tapering,one,pendant,black,solitary,woods
poisonous,convex,fibrous,yellow,no,foul,broad,pink,enlarging,one,large,chocolate,solitary,paths
poisonous,convex,fibrous,yellow,no,foul,broad,chocolate,enlarging,one,large,chocolate,solitary,paths
edible,flat,scaly,red,yes,none,broad,purple,tapering,one,pendant,black,solitary,woods
poisonous,flat,scaly,gray,no,foul,broad,chocolate,enlarging,one,large,chocolate,several,paths
poisonous,flat,fibrous,gray,no,foul,broad,chocolate,enlarging,one,large,chocolate,solitary,woods
poisonous,convex,scaly,yellow,no,foul,broad,gray,enlarging,one,large,chocolate,solitary,woods
edible,flat,fibrous,gray,yes,none,broad,white,tapering,one,pendant,black,solitary,woods
poisonous,convex,fibrous,gray,no,foul,broad,gray,enlarging,one,large,chocolate,several,grasses
poisonous,convex,fibrous,gray,no,foul,broad,gray,enlarging,one,large,chocolate,solitary,paths
edible,flat,scaly,brown,yes,none,broad,pink,tapering,one,pendant,brown,solitary,woods
edible,flat,fibrous,gray,yes,none,broad,purple,tapering,one,pendant,brown,several,woods
poisonous,convex,scaly,gray,no,foul,broad,chocolate,enlarging,one,large,chocolate,several,woods
poisonous,flat,scaly,yellow,no,foul,broad,chocolate,enlarging,one,large,chocolate,several,paths
poisonous,flat,fibrous,yellow,no,foul,broad,chocolate,enlarging,one,large,chocolate,several,woods
poisonous,flat,fibrous,gray,no,foul,broad,gray,enlarging,one,large,chocolate,several,paths
poisonous,flat,fibrous,gray,no,foul,broad,chocolate,enlarging,one,large,chocolate,solitary,paths
poisonous,flat,scaly,gray,no,foul,broad,pink,enlarging,one,large,chocolate,solitary,grasses
poisonous,flat,smooth,buff,yes,foul,broad,white,tapering,one,pendant,chocolate,scattered,urban
edible,flat,fibrous,red,yes,none,broad,purple,tapering,one,pendant,brown,solitary,woods
poisonous,convex,scaly,brown,no,fishy,narrow,buff,tapering,one,evanescent,white,several,woods
edible,convex,scaly,gray,yes,none,broad,brown,tapering,one,pendant,brown,several,woods
poisonous,convex,fibrous,gray,no,creosote,narrow,brown,enlarging,one,pendant,black,several,woods
poisonous,convex,fibrous,pink,no,creosote,narrow,brown,enlarging,one,pendant,brown,several,woods
poisonous,convex,scaly,brown,no,fishy,narrow,buff,tapering,one,evanescent,white,several,leaves
poisonous,flat,fibrous,gray,no,foul,broad,gray,enlarging,one,large,chocolate,solitary,paths
poisonous,convex,fibrous,yellow,no,foul,broad,gray,enlarging,one,large,chocolate,several,grasses
poisonous,convex,smooth,gray,yes,foul,broad,white,tapering,one,pendant,chocolate,scattered,urban
poisonous,flat,scaly,gray,no,foul,broad,chocolate,enlarging,one,large,chocolate,solitary,paths
poisonous,convex,fibrous,yellow,no,foul,broad,pink,enlarging,one,large,chocolate,solitary,woods
poisonous,flat,scaly,gray,no,foul,broad,gray,enlarging,one,large,chocolate,solitary,paths
poisonous,flat,fibrous,gray,no,foul,broad,chocolate,enlarging,one,large,chocolate,solitary,woods
poisonous,flat,scaly,gray,no,foul,broad,chocolate,enlarging,one,large,chocolate,solitary,woods
poisonous,convex,scaly,gray,no,foul,broad,gray,enlarging,one,large,chocolate,solitary,grasses
poisonous,flat,fibrous,gray,no,foul,broad,chocolate,enlarging,one,large,chocolate,solitary,grasses
poisonous,convex,fibrous,yellow,no,foul,broad,pink,enlarging,one,large,chocolate,solitary,grasses
poisonous,flat,fibrous,yellow,no,foul,broad,pink,enlarging,one,large,chocolate,several,grasses
poisonous,convex,fibrous,yellow,no,foul,broad,chocolate,enlarging,one,large,chocolate,several,grasses
poisonous,convex,fibrous,yellow,no,foul,broad,gray,enlarging,one,large,chocolate,solitary,grasses
poisonous,convex,scaly,yellow,no,foul,broad,pink,enlarging,one,large,chocolate,several,grasses
poisonous,flat,smooth,gray,yes,foul,broad,chocolate,tapering,one,pendant,chocolate,several,urban
poisonous,convex,fibrous,yellow,no,foul,broad,chocolate,enlarging,one,large,chocolate,solitary,grasses
poisonous,flat,fibrous,yellow,no,foul,broad,pink,enlarging,one,large,chocolate,solitary,grasses
poisonous,flat,scaly,gray,no,foul,broad,pink,enlarging,one,large,chocolate,solitary,woods
poisonous,flat,fibrous,yellow,no,foul,broad,pink,enlarging,one,large,chocolate,solitary,woods
poisonous,flat,fibrous,yellow,no,foul,broad,gray,enlarging,one,large,chocolate,several,woods
poisonous,convex,scaly,gray,no,foul,broad,chocolate,enlarging,one,large,chocolate,several,paths
poisonous,convex,scaly,gray,no,foul,broad,pink,enlarging,one,large,chocolate,solitary,paths
edible,flat,scaly,red,yes,none,broad,pink,tapering,one,pendant,brown,several,woods
poisonous,flat,fibrous,yellow,no,foul,broad,chocolate,enlarging,one,large,chocolate,several,woods
poisonous,flat,fibrous,gray,no,foul,broad,chocolate,enlarging,one,large,chocolate,solitary,woods
poisonous,flat,scaly,gray,no,foul,broad,chocolate,enlarging,one,large,chocolate,several,paths
poisonous,convex,fibrous,yellow,no,foul,broad,gray,enlarging,one,large,chocolate,several,grasses
poisonous,convex,fibrous,yellow,no,foul,broad,gray,enlarging,one,large,chocolate,several,paths
poisonous,convex,fibrous,gray,no,foul,broad,chocolate,enlarging,one,large,chocolate,solitary,woods
poisonous,convex,scaly,yellow,no,foul,broad,pink,enlarging,one,large,chocolate,solitary,paths
poisonous,flat,smooth,white,yes,foul,broad,pink,tapering,one,pendant,chocolate,scattered,urban
poisonous,flat,fibrous,yellow,no,foul,broad,chocolate,enlarging,one,large,chocolate,several,grasses
poisonous,flat,fibrous,yellow,no,foul,broad,pink,enlarging,one,large,chocolate,several,woods
poisonous,flat,scaly,gray,no,foul,broad,chocolate,enlarging,one,large,chocolate,solitary,paths
poisonous,flat,fibrous,yellow,no,foul,broad,pink,enlarging,one,large,chocolate,solitary,woods
poisonous,flat,fibrous,yellow,no,foul,broad,chocolate,enlarging,one,large,chocolate,several,woods
poisonous,flat,fibrous,gray,no,foul,broad,gray,enlarging,one,large,chocolate,several,paths
poisonous,convex,scaly,gray,no,foul,broad,pink,enlarging,one,large,chocolate,solitary,grasses
poisonous,convex,fibrous,yellow,no,foul,broad,chocolate,enlarging,one,large,chocolate,solitary,paths
poisonous,flat,fibrous,gray,no,foul,broad,gray,enlarging,one,large,chocolate,several,grasses
poisonous,convex,fibrous,yellow,no,foul,broad,pink,enlarging,one,large,chocolate,solitary,woods
poisonous,flat,scaly,gray,no,foul,broad,pink,enlarging,one,large,chocolate,several,woods
poisonous,convex,scaly,yellow,no,foul,broad,gray,enlarging,one,large,chocolate,several,woods
poisonous,convex,smooth,white,yes,foul,broad,chocolate,tapering,one,pendant,chocolate,scattered,grasses
poisonous,flat,fibrous,gray,no,foul,broad,pink,enlarging,one,large,chocolate,solitary,grasses
poisonous,convex,smooth,buff,yes,foul,broad,pink,tapering,one,pendant,chocolate,scattered,grasses
poisonous,flat,scaly,gray,no,foul,broad,chocolate,enlarging,one,large,chocolate,several,woods
poisonous,convex,scaly,gray,no,foul,broad,pink,enlarging,one,large,chocolate,several,woods
poisonous,convex,fibrous,yellow,no,foul,broad,gray,enlarging,one,large,chocolate,solitary,grasses
poisonous,convex,fibrous,yellow,no,foul,broad,pink,enlarging,one,large,chocolate,solitary,grasses
poisonous,convex,scaly,yellow,no,foul,broad,gray,enlarging,one,large,chocolate,several,grasses
edible,flat,scaly,gray,yes,none,broad,purple,tapering,one,pendant,brown,solitary,woods
poisonous,flat,scaly,yellow,no,foul,broad,chocolate,enlarging,one,large,chocolate,solitary,paths
poisonous,convex,scaly,gray,no,foul,broad,chocolate,enlarging,one,large,chocolate,solitary,paths
poisonous,flat,fibrous,yellow,no,foul,broad,chocolate,enlarging,one,large,chocolate,several,grasses
poisonous,flat,scaly,yellow,no,foul,broad,chocolate,enlarging,one,large,chocolate,several,paths
poisonous,flat,fibrous,yellow,no,foul,broad,gray,enlarging,one,large,chocolate,solitary,woods
poisonous,convex,scaly,gray,no,foul,broad,chocolate,enlarging,one,large,chocolate,several,paths
poisonous,flat,fibrous,gray,no,foul,broad,gray,enlarging,one,large,chocolate,solitary,grasses
poisonous,convex,scaly,gray,no,foul,broad,gray,enlarging,one,large,chocolate,solitary,paths
poisonous,convex,fibrous,pink,no,creosote,narrow,pink,enlarging,one,pendant,black,scattered,woods
poisonous,convex,scaly,yellow,no,foul,broad,gray,enlarging,one,large,chocolate,solitary,woods
poisonous,convex,fibrous,yellow,no,foul,broad,gray,enlarging,one,large,chocolate,solitary,grasses
poisonous,flat,fibrous,yellow,no,foul,broad,chocolate,enlarging,one,large,chocolate,solitary,grasses
poisonous,convex,scaly,gray,no,foul,broad,gray,enlarging,one,large,chocolate,several,grasses
poisonous,flat,fibrous,gray,no,foul,broad,gray,enlarging,one,large,chocolate,several,grasses
poisonous,convex,scaly,gray,no,foul,broad,chocolate,enlarging,one,large,chocolate,several,woods
poisonous,convex,fibrous,yellow,no,foul,broad,chocolate,enlarging,one,large,chocolate,solitary,grasses
poisonous,convex,fibrous,yellow,no,foul,broad,gray,enlarging,one,large,chocolate,several,paths
poisonous,convex,scaly,gray,no,foul,broad,chocolate,enlarging,one,large,chocolate,solitary,woods
poisonous,convex,scaly,yellow,no,foul,broad,gray,enlarging,one,large,chocolate,several,woods
poisonous,flat,scaly,gray,no,foul,broad,gray,enlarging,one,large,chocolate,solitary,paths
poisonous,flat,scaly,gray,no,foul,broad,pink,enlarging,one,large,chocolate,several,woods
poisonous,convex,fibrous,yellow,no,foul,broad,chocolate,enlarging,one,large,chocolate,solitary,paths
edible,knobbed,scaly,brown,no,none,narrow,white,enlarging,one,evanescent,white,several,leaves
poisonous,flat,fibrous,gray,no,foul,broad,pink,enlarging,one,large,chocolate,solitary,paths
poisonous,convex,scaly,yellow,no,foul,broad,chocolate,enlarging,one,large,chocolate,solitary,grasses
poisonous,flat,fibrous,yellow,no,foul,broad,pink,enlarging,one,large,chocolate,solitary,grasses
poisonous,convex,scaly,gray,no,foul,broad,chocolate,enlarging,one,large,chocolate,several,woods
poisonous,convex,fibrous,gray,no,foul,broad,chocolate,enlarging,one,large,chocolate,solitary,paths
poisonous,flat,fibrous,yellow,no,foul,broad,pink,enlarging,one,large,chocolate,several,grasses
edible,flat,smooth,pink,yes,none,broad,red,enlarging,two,evanescent,white,clustered,waste
poisonous,flat,fibrous,yellow,no,foul,broad,pink,enlarging,one,large,chocolate,several,paths
poisonous,convex,fibrous,yellow,no,foul,broad,gray,enlarging,one,large,chocolate,solitary,woods
poisonous,convex,scaly,gray,no,foul,broad,pink,enlarging,one,large,chocolate,solitary,woods
poisonous,flat,scaly,gray,no,foul,broad,gray,enlarging,one,large,chocolate,solitary,paths
poisonous,convex,fibrous,yellow,no,foul,broad,gray,enlarging,one,large,chocolate,several,woods
poisonous,flat,scaly,gray,no,foul,broad,chocolate,enlarging,one,large,chocolate,solitary,grasses
poisonous,flat,scaly,gray,no,foul,broad,chocolate,enlarging,one,large,chocolate,several,grasses
edible,knobbed,smooth,pink,yes,none,broad,red,enlarging,two,evanescent,white,clustered,waste
poisonous,convex,fibrous,yellow,no,foul,broad,pink,enlarging,one,large,chocolate,several,woods
poisonous,flat,fibrous,yellow,no,foul,broad,pink,enlarging,one,large,chocolate,several,paths
poisonous,flat,fibrous,gray,no,foul,broad,chocolate,enlarging,one,large,chocolate,solitary,paths
poisonous,flat,fibrous,gray,no,foul,broad,pink,enlarging,one,large,chocolate,several,grasses
poisonous,convex,fibrous,yellow,no,foul,broad,chocolate,enlarging,one,large,chocolate,solitary,paths
poisonous,flat,fibrous,gray,no,foul,broad,pink,enlarging,one,large,chocolate,solitary,paths
poisonous,convex,scaly,gray,no,foul,broad,gray,enlarging,one,large,chocolate,solitary,grasses
poisonous,flat,scaly,yellow,no,foul,broad,gray,enlarging,one,large,chocolate,solitary,grasses
poisonous,flat,fibrous,gray,no,foul,broad,chocolate,enlarging,one,large,chocolate,solitary,woods
poisonous,convex,fibrous,yellow,no,foul,broad,gray,enlarging,one,large,chocolate,several,woods
poisonous,flat,fibrous,gray,no,foul,broad,gray,enlarging,one,large,chocolate,several,grasses
poisonous,flat,fibrous,gray,no,foul,broad,gray,enlarging,one,large,chocolate,solitary,woods
poisonous,flat,fibrous,yellow,no,foul,broad,chocolate,enlarging,one,large,chocolate,solitary,grasses
edible,flat,scaly,gray,yes,none,broad,white,tapering,one,pendant,brown,solitary,woods
poisonous,flat,scaly,gray,no,foul,broad,chocolate,enlarging,one,large,chocolate,solitary,woods
poisonous,flat,scaly,gray,no,foul,broad,gray,enlarging,one,large,chocolate,several,woods
poisonous,flat,scaly,gray,no,foul,broad,gray,enlarging,one,large,chocolate,several,grasses
poisonous,convex,scaly,yellow,no,foul,broad,pink,enlarging,one,large,chocolate,several,grasses
poisonous,convex,scaly,gray,no,foul,broad,pink,enlarging,one,large,chocolate,solitary,grasses
poisonous,convex,scaly,yellow,no,foul,broad,gray,enlarging,one,large,chocolate,solitary,paths
poisonous,flat,fibrous,yellow,no,foul,broad,pink,enlarging,one,large,chocolate,solitary,woods
poisonous,convex,fibrous,yellow,no,foul,broad,gray,enlarging,one,large,chocolate,several,grasses
poisonous,convex,scaly,yellow,no,foul,broad,pink,enlarging,one,large,chocolate,solitary,paths
poisonous,flat,fibrous,gray,no,foul,broad,pink,enlarging,one,large,chocolate,several,grasses
poisonous,convex,fibrous,yellow,no,foul,broad,chocolate,enlarging,one,large,chocolate,several,woods
poisonous,flat,fibrous,gray,no,foul,broad,chocolate,enlarging,one,large,chocolate,several,grasses
poisonous,flat,scaly,gray,no,foul,broad,gray,enlarging,one,large,chocolate,solitary,woods
poisonous,flat,fibrous,gray,no,foul,broad,chocolate,enlarging,one,large,chocolate,solitary,grasses
poisonous,flat,scaly,yellow,no,foul,broad,chocolate,enlarging,one,large,chocolate,several,grasses
poisonous,flat,fibrous,gray,no,foul,broad,pink,enlarging,one,large,chocolate,solitary,grasses
poisonous,convex,fibrous,yellow,no,foul,broad,gray,enlarging,one,large,chocolate,solitary,paths
poisonous,flat,scaly,gray,no,foul,broad,pink,enlarging,one,large,chocolate,solitary,grasses
poisonous,flat,scaly,gray,no,foul,broad,chocolate,enlarging,one,large,chocolate,solitary,grasses
poisonous,flat,scaly,gray,no,foul,broad,pink,enlarging,one,large,chocolate,several,paths
edible,convex,scaly,green,no,none,narrow,pink,enlarging,one,flaring,chocolate,several,woods
poisonous,flat,scaly,yellow,no,foul,broad,pink,enlarging,one,large,chocolate,solitary,grasses
poisonous,convex,fibrous,yellow,no,foul,broad,gray,enlarging,one,large,chocolate,solitary,woods
poisonous,convex,scaly,brown,no,spicy,narrow,buff,tapering,one,evanescent,white,several,paths
poisonous,flat,scaly,yellow,no,foul,broad,chocolate,enlarging,one,large,chocolate,several,woods
poisonous,knobbed,scaly,brown,no,none,narrow,white,enlarging,one,evanescent,white,several,woods
poisonous,flat,fibrous,yellow,no,foul,broad,pink,enlarging,one,large,chocolate,solitary,woods
poisonous,convex,scaly,gray,no,foul,broad,chocolate,enlarging,one,large,chocolate,several,woods
poisonous,convex,scaly,gray,no,foul,broad,chocolate,enlarging,one,large,chocolate,solitary,grasses
poisonous,flat,scaly,gray,no,foul,broad,gray,enlarging,one,large,chocolate,solitary,grasses
poisonous,convex,fibrous,yellow,no,foul,broad,pink,enlarging,one,large,chocolate,several,woods
poisonous,convex,fibrous,gray,no,foul,broad,gray,enlarging,one,large,chocolate,several,woods
poisonous,convex,scaly,gray,no,foul,broad,gray,enlarging,one,large,chocolate,several,woods
poisonous,convex,scaly,gray,no,foul,broad,pink,enlarging,one,large,chocolate,solitary,grasses
poisonous,convex,scaly,gray,no,foul,broad,gray,enlarging,one,large,chocolate,solitary,grasses
edible,flat,scaly,red,yes,none,broad,white,tapering,one,pendant,black,solitary,woods
poisonous,flat,fibrous,yellow,no,foul,broad,chocolate,enlarging,one,large,chocolate,solitary,paths
poisonous,convex,scaly,yellow,no,foul,broad,chocolate,enlarging,one,large,chocolate,several,grasses
poisonous,flat,fibrous,yellow,no,foul,broad,gray,enlarging,one,large,chocolate,several,grasses
poisonous,convex,fibrous,yellow,no,foul,broad,pink,enlarging,one,large,chocolate,several,paths
poisonous,flat,fibrous,gray,no,foul,broad,chocolate,enlarging,one,large,chocolate,solitary,grasses
poisonous,flat,fibrous,gray,no,foul,broad,chocolate,enlarging,one,large,chocolate,several,grasses
poisonous,convex,scaly,yellow,no,foul,broad,gray,enlarging,one,large,chocolate,solitary,grasses
poisonous,flat,smooth,buff,yes,foul,broad,white,tapering,one,pendant,chocolate,scattered,urban
poisonous,convex,scaly,gray,no,foul,broad,pink,enlarging,one,large,chocolate,several,grasses
poisonous,convex,scaly,yellow,no,foul,broad,gray,enlarging,one,large,chocolate,several,paths
poisonous,flat,fibrous,gray,no,foul,broad,gray,enlarging,one,large,chocolate,several,paths
poisonous,flat,scaly,gray,no,foul,broad,gray,enlarging,one,large,chocolate,solitary,woods
poisonous,flat,fibrous,yellow,no,foul,broad,pink,enlarging,one,large,chocolate,several,woods
poisonous,flat,scaly,gray,no,foul,broad,chocolate,enlarging,one,large,chocolate,solitary,grasses
poisonous,convex,scaly,gray,no,foul,broad,pink,enlarging,one,large,chocolate,several,grasses
edible,convex,smooth,red,yes,none,broad,red,enlarging,two,evanescent,white,clustered,waste
poisonous,flat,fibrous,gray,no,foul,broad,gray,enlarging,one,large,chocolate,several,woods
poisonous,flat,fibrous,yellow,no,foul,broad,pink,enlarging,one,large,chocolate,solitary,woods
poisonous,flat,scaly,gray,no,foul,broad,gray,enlarging,one,large,chocolate,solitary,woods
poisonous,convex,scaly,yellow,no,foul,broad,gray,enlarging,one,large,chocolate,solitary,paths
poisonous,flat,scaly,gray,no,foul,broad,gray,enlarging,one,large,chocolate,several,woods
poisonous,convex,fibrous,yellow,no,foul,broad,chocolate,enlarging,one,large,chocolate,solitary,grasses
poisonous,bell,scaly,white,yes,none,narrow,white,enlarging,one,pendant,white,clustered,leaves
poisonous,flat,smooth,buff,yes,foul,broad,chocolate,tapering,one,pendant,chocolate,several,urban
poisonous,convex,scaly,yellow,no,foul,broad,pink,enlarging,one,large,chocolate,solitary,paths
poisonous,flat,scaly,gray,no,foul,broad,gray,enlarging,one,large,chocolate,solitary,woods
poisonous,flat,scaly,gray,no,foul,broad,gray,enlarging,one,large,chocolate,several,paths
poisonous,flat,scaly,yellow,no,foul,broad,pink,enlarging,one,large,chocolate,several,paths
poisonous,flat,fibrous,gray,no,foul,broad,gray,enlarging,one,large,chocolate,solitary,woods
poisonous,convex,scaly,yellow,no,foul,broad,chocolate,enlarging,one,large,chocolate,several,woods
poisonous,convex,fibrous,yellow,no,foul,broad,pink,enlarging,one,large,chocolate,several,grasses
poisonous,flat,fibrous,gray,no,foul,broad,pink,enlarging,one,large,chocolate,solitary,grasses
poisonous,convex,smooth,white,yes,foul,broad,white,tapering,one,pendant,chocolate,scattered,urban
edible,flat,scaly,gray,yes,none,broad,brown,tapering,one,pendant,brown,several,woods
poisonous,convex,scaly,brown,no,fishy,narrow,buff,tapering,one,evanescent,white,several,woods
poisonous,flat,scaly,gray,no,foul,broad,pink,enlarging,one,large,chocolate,solitary,woods
poisonous,flat,fibrous,gray,no,foul,broad,gray,enlarging,one,large,chocolate,solitary,grasses
edible,flat,scaly,red,yes,none,broad,brown,tapering,one,pendant,black,several,woods
edible,convex,scaly,buff,yes,none,broad,red,enlarging,two,evanescent,white,clustered,waste
poisonous,convex,scaly,yellow,no,foul,broad,chocolate,enlarging,one,large,chocolate,solitary,grasses
poisonous,convex,scaly,yellow,no,foul,broad,gray,enlarging,one,large,chocolate,solitary,woods
poisonous,convex,scaly,yellow,no,foul,broad,chocolate,enlarging,one,large,chocolate,several,paths
poisonous,convex,scaly,yellow,no,foul,broad,pink,enlarging,one,large,chocolate,solitary,grasses
poisonous,flat,fibrous,yellow,no,foul,broad,gray,enlarging,one,large,chocolate,solitary,grasses
poisonous,flat,scaly,gray,no,foul,broad,pink,enlarging,one,large,chocolate,solitary,grasses
poisonous,convex,fibrous,gray,no,foul,broad,pink,enlarging,one,large,chocolate,solitary,grasses
poisonous,flat,scaly,yellow,no,foul,broad,pink,enlarging,one,large,chocolate,several,grasses
poisonous,convex,scaly,gray,no,foul,broad,chocolate,enlarging,one,large,chocolate,several,grasses
poisonous,convex,scaly,yellow,no,foul,broad,gray,enlarging,one,large,chocolate,solitary,grasses
poisonous,flat,scaly,gray,no,foul,broad,chocolate,enlarging,one,large,chocolate,solitary,paths
poisonous,flat,scaly,yellow,no,foul,broad,chocolate,enlarging,one,large,chocolate,solitary,grasses
poisonous,convex,scaly,gray,no,foul,broad,gray,enlarging,one,large,chocolate,solitary,woods
poisonous,flat,scaly,gray,no,foul,broad,chocolate,enlarging,one,large,chocolate,several,woods
poisonous,flat,scaly,gray,no,foul,broad,pink,enlarging,one,large,chocolate,solitary,paths
edible,convex,scaly,purple,no,none,narrow,chocolate,enlarging,one,flaring,chocolate,solitary,woods
poisonous,convex,fibrous,gray,no,foul,broad,gray,enlarging,one,large,chocolate,several,grasses
poisonous,flat,fibrous,yellow,no,foul,broad,gray,enlarging,one,large,chocolate,several,grasses
poisonous,flat,fibrous,yellow,no,foul,broad,chocolate,enlarging,one,large,chocolate,solitary,grasses
poisonous,convex,fibrous,yellow,no,foul,broad,chocolate,enlarging,one,large,chocolate,several,grasses
poisonous,flat,fibrous,yellow,no,foul,broad,chocolate,enlarging,one,large,chocolate,several,grasses
poisonous,flat,fibrous,gray,no,foul,broad,chocolate,enlarging,one,large,chocolate,several,grasses
poisonous,flat,scaly,gray,no,foul,broad,pink,enlarging,one,large,chocolate,solitary,woods
poisonous,flat,fibrous,gray,no,foul,broad,chocolate,enlarging,one,large,chocolate,several,grasses
poisonous,flat,fibrous,yellow,no,foul,broad,chocolate,enlarging,one,large,chocolate,solitary,woods
poisonous,flat,scaly,yellow,no,foul,broad,chocolate,enlarging,one,large,chocolate,several,paths
poisonous,flat,fibrous,gray,no,foul,broad,gray,enlarging,one,large,chocolate,several,paths
poisonous,flat,scaly,gray,no,foul,broad,gray,enlarging,one,large,chocolate,solitary,grasses
poisonous,flat,fibrous,yellow,no,foul,broad,gray,enlarging,one,large,chocolate,solitary,woods
edible,flat,fibrous,red,yes,none,broad,purple,tapering,one,pendant,brown,solitary,woods
poisonous,flat,smooth,buff,yes,foul,broad,chocolate,tapering,one,pendant,chocolate,several,urban
poisonous,flat,scaly,gray,no,foul,broad,gray,enlarging,one,large,chocolate,several,woods
poisonous,flat,fibrous,gray,no,foul,broad,chocolate,enlarging,one,large,chocolate,several,paths
poisonous,convex,scaly,yellow,no,foul,broad,pink,enlarging,one,large,chocolate,solitary,grasses
poisonous,flat,fibrous,yellow,no,foul,broad,pink,enlarging,one,large,chocolate,solitary,paths
poisonous,flat,scaly,yellow,no,foul,broad,chocolate,enlarging,one,large,chocolate,several,woods
edible,flat,scaly,brown,yes,none,broad,purple,tapering,one,pendant,black,several,woods
poisonous,flat,scaly,yellow,no,foul,broad,chocolate,enlarging,one,large,chocolate,solitary,grasses
edible,convex,smooth,buff,yes,none,broad,red,enlarging,two,evanescent,white,clustered,waste
poisonous,convex,scaly,yellow,no,foul,broad,pink,enlarging,one,large,chocolate,solitary,grasses
poisonous,convex,fibrous,yellow,no,foul,broad,pink,enlarging,one,large,chocolate,solitary,woods
poisonous,convex,scaly,yellow,no,foul,broad,chocolate,enlarging,one,large,chocolate,solitary,grasses
poisonous,flat,scaly,gray,no,foul,broad,gray,enlarging,one,large,chocolate,several,paths
edible,flat,fibrous,red,yes,none,broad,brown,tapering,one,pendant,black,solitary,woods
poisonous,flat,fibrous,yellow,no,foul,broad,pink,enlarging,one,large,chocolate,several,woods
poisonous,flat,fibrous,yellow,no,foul,broad,pink,enlarging,one,large,chocolate,several,grasses
poisonous,convex,scaly,yellow,no,foul,broad,chocolate,enlarging,one,large,chocolate,several,woods
poisonous,convex,fibrous,yellow,no,foul,broad,pink,enlarging,one,large,chocolate,several,grasses
poisonous,convex,scaly,brown,no,fishy,narrow,buff,tapering,one,evanescent,white,several,woods
poisonous,flat,fibrous,yellow,no,foul,broad,pink,enlarging,one,large,chocolate,several,paths
poisonous,convex,scaly,yellow,no,foul,broad,chocolate,enlarging,one,large,chocolate,several,grasses
poisonous,flat,fibrous,yellow,no,foul,broad,gray,enlarging,one,large,chocolate,several,paths
poisonous,flat,fibrous,yellow,no,foul,broad,gray,enlarging,one,large,chocolate,several,woods
poisonous,flat,scaly,gray,no,foul,broad,pink,enlarging,one,large,chocolate,several,paths
poisonous,flat,scaly,gray,no,foul,broad,chocolate,enlarging,one,large,chocolate,several,grasses
poisonous,flat,scaly,gray,no,foul,broad,chocolate,enlarging,one,large,chocolate,several,woods
poisonous,flat,fibrous,gray,no,foul,broad,gray,enlarging,one,large,chocolate,several,grasses
poisonous,convex,smooth,gray,no,creosote,narrow,pink,enlarging,one,pendant,black,several,woods
poisonous,convex,scaly,yellow,no,foul,broad,gray,enlarging,one,large,chocolate,solitary,grasses
poisonous,flat,smooth,gray,yes,foul,broad,chocolate,tapering,one,pendant,chocolate,scattered,urban
poisonous,convex,scaly,gray,no,foul,broad,pink,enlarging,one,large,chocolate,several,grasses
poisonous,convex,scaly,yellow,no,foul,broad,pink,enlarging,one,large,chocolate,solitary,paths
poisonous,convex,scaly,yellow,no,foul,broad,chocolate,enlarging,one,large,chocolate,solitary,woods
edible,flat,scaly,gray,yes,none,broad,purple,tapering,one,pendant,black,solitary,woods
poisonous,flat,fibrous,gray,no,foul,broad,gray,enlarging,one,large,chocolate,solitary,woods
poisonous,flat,scaly,yellow,no,foul,broad,chocolate,enlarging,one,large,chocolate,several,grasses
poisonous,flat,scaly,gray,no,foul,broad,chocolate,enlarging,one,large,chocolate,solitary,paths
poisonous,convex,scaly,yellow,no,foul,broad,chocolate,enlarging,one,large,chocolate,solitary,grasses
poisonous,convex,scaly,gray,no,foul,broad,pink,enlarging,one,large,chocolate,solitary,woods
poisonous,convex,fibrous,yellow,no,foul,broad,pink,enlarging,one,large,chocolate,solitary,paths
edible,flat,scaly,brown,yes,none,broad,brown,tapering,one,pendant,brown,several,woods
poisonous,convex,scaly,gray,no,foul,broad,gray,enlarging,one,large,chocolate,solitary,grasses
poisonous,flat,fibrous,yellow,no,foul,broad,gray,enlarging,one,large,chocolate,several,grasses
poisonous,convex,scaly,gray,no,foul,broad,pink,enlarging,one,large,chocolate,several,paths
poisonous,convex,scaly,yellow,no,foul,broad,pink,enlarging,one,large,chocolate,solitary,grasses
poisonous,flat,fibrous,gray,no,foul,broad,gray,enlarging,one,large,chocolate,solitary,paths
poisonous,flat,fibrous,gray,no,foul,broad,chocolate,enlarging,one,large,chocolate,solitary,grasses
poisonous,convex,scaly,yellow,no,foul,broad,chocolate,enlarging,one,large,chocolate,solitary,grasses
edible,knobbed,scaly,buff,yes,none,broad,red,enlarging,two,evanescent,white,clustered,waste
poisonous,convex,scaly,yellow,no,foul,broad,pink,enlarging,one,large,chocolate,solitary,paths
poisonous,convex,scaly,brown,no,spicy,narrow,buff,tapering,one,evanescent,white,several,woods
poisonous,flat,scaly,gray,no,foul,broad,pink,enlarging,one,large,chocolate,solitary,paths
poisonous,convex,scaly,gray,no,foul,broad,gray,enlarging,one,large,chocolate,solitary,paths
poisonous,flat,scaly,yellow,no,foul,broad,chocolate,enlarging,one,large,chocolate,several,grasses
poisonous,flat,scaly,gray,no,foul,broad,gray,enlarging,one,large,chocolate,several,woods
poisonous,flat,fibrous,gray,no,foul,broad,chocolate,enlarging,one,large,chocolate,solitary,grasses
poisonous,flat,scaly,yellow,no,foul,broad,chocolate,enlarging,one,large,chocolate,solitary,grasses
poisonous,convex,fibrous,yellow,no,foul,broad,gray,enlarging,one,large,chocolate,solitary,woods
poisonous,convex,smooth,white,yes,foul,broad,pink,tapering,one,pendant,chocolate,several,urban
poisonous,convex,scaly,yellow,no,foul,broad,gray,enlarging,one,large,chocolate,several,grasses
poisonous,flat,fibrous,yellow,no,foul,broad,gray,enlarging,one,large,chocolate,solitary,paths
poisonous,convex,fibrous,yellow,no,foul,broad,pink,enlarging,one,large,chocolate,solitary,grasses
poisonous,convex,scaly,yellow,no,foul,broad,gray,enlarging,one,large,chocolate,several,paths
poisonous,flat,scaly,yellow,no,foul,broad,chocolate,enlarging,one,large,chocolate,several,grasses
poisonous,convex,scaly,yellow,no,foul,broad,chocolate,enlarging,one,large,chocolate,solitary,grasses
poisonous,convex,scaly,yellow,no,foul,broad,pink,enlarging,one,large,chocolate,several,paths
poisonous,flat,scaly,gray,no,foul,broad,pink,enlarging,one,large,chocolate,solitary,paths
poisonous,flat,fibrous,yellow,no,foul,broad,chocolate,enlarging,one,large,chocolate,solitary,paths
poisonous,flat,fibrous,gray,no,foul,broad,chocolate,enlarging,one,large,chocolate,several,paths
edible,flat,scaly,brown,yes,none,broad,pink,tapering,one,pendant,black,solitary,woods
poisonous,convex,scaly,yellow,no,foul,broad,chocolate,enlarging,one,large,chocolate,several,woods
poisonous,convex,scaly,gray,no,foul,broad,gray,enlarging,one,large,chocolate,several,paths
poisonous,flat,scaly,gray,no,foul,broad,chocolate,enlarging,one,large,chocolate,several,grasses
poisonous,flat,scaly,gray,no,foul,broad,gray,enlarging,one,large,chocolate,several,grasses
poisonous,convex,scaly,yellow,no,foul,broad,gray,enlarging,one,large,chocolate,solitary,woods
poisonous,flat,fibrous,gray,no,foul,broad,gray,enlarging,one,large,chocolate,several,paths
poisonous,convex,scaly,gray,no,foul,broad,pink,enlarging,one,large,chocolate,several,woods
poisonous,convex,scaly,yellow,no,foul,broad,pink,enlarging,one,large,chocolate,several,woods
poisonous,convex,fibrous,yellow,no,foul,broad,chocolate,enlarging,one,large,chocolate,solitary,woods
poisonous,flat,fibrous,yellow,no,foul,broad,gray,enlarging,one,large,chocolate,solitary,woods
edible,flat,fibrous,cinnamon,no,none,narrow,white,enlarging,one,evanescent,white,several,leaves
poisonous,flat,scaly,gray,no,foul,broad,chocolate,enlarging,one,large,chocolate,several,grasses
poisonous,convex,scaly,gray,no,foul,broad,pink,enlarging,one,large,chocolate,solitary,paths
poisonous,flat,fibrous,yellow,no,none,narrow,white,enlarging,one,evanescent,white,several,woods
poisonous,flat,fibrous,yellow,no,foul,broad,chocolate,enlarging,one,large,chocolate,solitary,paths
poisonous,convex,smooth,gray,yes,foul,broad,pink,tapering,one,pendant,chocolate,several,grasses
edible,flat,smooth,brown,yes,none,broad,red,enlarging,two,evanescent,white,clustered,waste
poisonous,convex,scaly,brown,no,fishy,narrow,buff,tapering,one,evanescent,white,several,paths
poisonous,convex,smooth,gray,no,creosote,narrow,purple,enlarging,one,pendant,black,several,woods
poisonous,convex,fibrous,yellow,no,foul,broad,gray,enlarging,one,large,chocolate,solitary,woods
poisonous,flat,scaly,gray,no,foul,broad,chocolate,enlarging,one,large,chocolate,several,grasses
poisonous,flat,scaly,gray,no,foul,broad,gray,enlarging,one,large,chocolate,solitary,woods
poisonous,convex,scaly,yellow,no,foul,broad,pink,enlarging,one,large,chocolate,several,grasses
poisonous,convex,scaly,yellow,no,foul,broad,pink,enlarging,one,large,chocolate,several,grasses
poisonous,convex,scaly,gray,no,foul,broad,pink,enlarging,one,large,chocolate,solitary,woods
poisonous,flat,scaly,gray,no,foul,broad,gray,enlarging,one,large,chocolate,solitary,woods
poisonous,flat,scaly,gray,no,foul,broad,chocolate,enlarging,one,large,chocolate,solitary,grasses
poisonous,flat,fibrous,yellow,no,foul,broad,gray,enlarging,one,large,chocolate,solitary,grasses
poisonous,convex,fibrous,yellow,no,foul,broad,pink,enlarging,one,large,chocolate,several,woods
poisonous,flat,fibrous,yellow,no,foul,broad,pink,enlarging,one,large,chocolate,several,paths
poisonous,flat,fibrous,gray,no,foul,broad,pink,enlarging,one,large,chocolate,solitary,paths
poisonous,flat,fibrous,yellow,no,foul,broad,chocolate,enlarging,one,large,chocolate,solitary,paths
poisonous,flat,scaly,yellow,no,foul,broad,chocolate,enlarging,one,large,chocolate,solitary,woods
poisonous,flat,fibrous,yellow,no,foul,broad,chocolate,enlarging,one,large,chocolate,several,paths
poisonous,flat,fibrous,yellow,no,foul,broad,chocolate,enlarging,one,large,chocolate,several,woods
poisonous,convex,scaly,gray,no,foul,broad,chocolate,enlarging,one,large,chocolate,several,grasses
poisonous,convex,scaly,gray,no,foul,broad,pink,enlarging,one,large,chocolate,several,grasses
poisonous,convex,scaly,gray,no,foul,broad,gray,enlarging,one,large,chocolate,several,woods
edible,convex,smooth,buff,yes,none,broad,white,enlarging,two,evanescent,white,clustered,waste
poisonous,flat,fibrous,gray,no,foul,broad,gray,enlarging,one,large,chocolate,several,woods
poisonous,convex,fibrous,yellow,no,foul,broad,gray,enlarging,one,large,chocolate,several,woods
poisonous,convex,scaly,brown,no,spicy,narrow,buff,tapering,one,evanescent,white,several,leaves
poisonous,convex,scaly,gray,no,foul,broad,gray,enlarging,one,large,chocolate,solitary,woods
poisonous,flat,scaly,gray,no,foul,broad,chocolate,enlarging,one,large,chocolate,several,paths
poisonous,flat,scaly,gray,no,foul,broad,pink,enlarging,one,large,chocolate,solitary,woods
poisonous,flat,fibrous,yellow,no,foul,broad,gray,enlarging,one,large,chocolate,solitary,grasses
poisonous,convex,scaly,yellow,no,foul,broad,gray,enlarging,one,large,chocolate,several,woods
poisonous,convex,fibrous,yellow,no,foul,broad,chocolate,enlarging,one,large,chocolate,several,grasses
poisonous,flat,fibrous,gray,no,foul,broad,chocolate,enlarging,one,large,chocolate,solitary,paths
poisonous,convex,scaly,gray,no,foul,broad,gray,enlarging,one,large,chocolate,several,paths
poisonous,flat,fibrous,yellow,no,foul,broad,chocolate,enlarging,one,large,chocolate,solitary,grasses
poisonous,convex,fibrous,yellow,no,foul,broad,pink,enlarging,one,large,chocolate,solitary,grasses
edible,convex,scaly,purple,no,none,narrow,chocolate,enlarging,one,flaring,chocolate,several,woods
edible,flat,scaly,buff,yes,none,broad,red,enlarging,two,evanescent,white,clustered,waste
poisonous,flat,scaly,yellow,no,foul,broad,chocolate,enlarging,one,large,chocolate,solitary,woods
poisonous,convex,scaly,yellow,no,foul,broad,gray,enlarging,one,large,chocolate,solitary,paths
poisonous,convex,scaly,gray,no,foul,broad,gray,enlarging,one,large,chocolate,several,grasses
poisonous,flat,fibrous,gray,no,foul,broad,pink,enlarging,one,large,chocolate,solitary,woods
poisonous,flat,scaly,gray,no,foul,broad,chocolate,enlarging,one,large,chocolate,several,grasses
poisonous,flat,fibrous,gray,no,foul,broad,chocolate,enlarging,one,large,chocolate,solitary,grasses
poisonous,flat,scaly,gray,no,foul,broad,pink,enlarging,one,large,chocolate,several,grasses
poisonous,convex,fibrous,yellow,no,foul,broad,gray,enlarging,one,large,chocolate,solitary,grasses
poisonous,flat,fibrous,yellow,no,foul,broad,chocolate,enlarging,one,large,chocolate,several,woods
poisonous,flat,fibrous,gray,no,foul,broad,pink,enlarging,one,large,chocolate,several,woods
poisonous,flat,scaly,yellow,no,foul,broad,chocolate,enlarging,one,large,chocolate,several,grasses
poisonous,flat,scaly,yellow,no,foul,broad,chocolate,enlarging,one,large,chocolate,solitary,grasses
poisonous,flat,fibrous,gray,no,foul,broad,chocolate,enlarging,one,large,chocolate,several,grasses
poisonous,flat,smooth,buff,yes,foul,broad,white,tapering,one,pendant,chocolate,several,grasses
poisonous,flat,smooth,white,yes,none,broad,gray,enlarging,two,pendant,green,several,meadows
poisonous,convex,scaly,yellow,no,foul,broad,pink,enlarging,one,large,chocolate,solitary,paths
poisonous,flat,fibrous,yellow,no,foul,broad,pink,enlarging,one,large,chocolate,several,paths
poisonous,flat,scaly,gray,no,foul,broad,gray,enlarging,one,large,chocolate,several,grasses
poisonous,convex,scaly,yellow,no,foul,broad,chocolate,enlarging,one,large,chocolate,several,woods
poisonous,convex,fibrous,yellow,no,foul,broad,gray,enlarging,one,large,chocolate,several,paths
poisonous,convex,fibrous,yellow,no,foul,broad,gray,enlarging,one,large,chocolate,solitary,woods
edible,flat,fibrous,gray,yes,none,broad,purple,tapering,one,pendant,brown,several,woods
edible,convex,scaly,purple,no,none,narrow,purple,enlarging,one,flaring,chocolate,several,woods
poisonous,convex,scaly,gray,no,foul,broad,chocolate,enlarging,one,large,chocolate,solitary,woods
poisonous,flat,fibrous,yellow,no,foul,broad,pink,enlarging,one,large,chocolate,several,grasses
poisonous,convex,scaly,yellow,no,foul,broad,pink,enlarging,one,large,chocolate,several,woods
poisonous,flat,scaly,gray,no,foul,broad,pink,enlarging,one,large,chocolate,several,woods
poisonous,convex,scaly,yellow,no,foul,broad,chocolate,enlarging,one,large,chocolate,solitary,paths
poisonous,convex,fibrous,yellow,no,foul,broad,pink,enlarging,one,large,chocolate,several,woods
poisonous,convex,scaly,yellow,no,foul,broad,gray,enlarging,one,large,chocolate,solitary,paths
poisonous,flat,fibrous,yellow,no,foul,broad,chocolate,enlarging,one,large,chocolate,several,grasses
poisonous,convex,scaly,gray,no,foul,broad,gray,enlarging,one,large,chocolate,solitary,paths
poisonous,flat,scaly,gray,no,foul,broad,pink,enlarging,one,large,chocolate,solitary,grasses
poisonous,flat,scaly,gray,no,foul,broad,gray,enlarging,one,large,chocolate,several,paths
poisonous,convex,fibrous,yellow,no,foul,broad,gray,enlarging,one,large,chocolate,solitary,paths
edible,flat,fibrous,red,yes,none,broad,white,tapering,one,pendant,brown,several,woods
poisonous,convex,scaly,yellow,no,foul,broad,chocolate,enlarging,one,large,chocolate,solitary,woods
poisonous,flat,fibrous,gray,no,foul,broad,gray,enlarging,one,large,chocolate,several,woods
poisonous,convex,scaly,gray,no,foul,broad,gray,enlarging,one,large,chocolate,solitary,paths
poisonous,flat,scaly,gray,no,foul,broad,gray,enlarging,one,large,chocolate,several,paths
poisonous,flat,fibrous,gray,no,foul,broad,pink,enlarging,one,large,chocolate,solitary,paths
poisonous,flat,fibrous,gray,no,foul,broad,pink,enlarging,one,large,chocolate,solitary,woods
poisonous,flat,fibrous,gray,no,foul,broad,pink,enlarging,one,large,chocolate,several,grasses
poisonous,flat,scaly,gray,no,foul,broad,chocolate,enlarging,one,large,chocolate,solitary,woods
poisonous,flat,fibrous,yellow,no,foul,broad,chocolate,enlarging,one,large,chocolate,several,woods
poisonous,convex,fibrous,yellow,no,foul,broad,chocolate,enlarging,one,large,chocolate,solitary,woods
poisonous,convex,scaly,gray,no,foul,broad,pink,enlarging,one,large,chocolate,several,paths
poisonous,convex,scaly,gray,no,foul,broad,pink,enlarging,one,large,chocolate,solitary,paths
poisonous,convex,fibrous,white,no,creosote,narrow,gray,enlarging,one,pendant,brown,several,woods
poisonous,flat,fibrous,gray,no,foul,broad,pink,enlarging,one,large,chocolate,solitary,woods
poisonous,convex,fibrous,yellow,no,foul,broad,chocolate,enlarging,one,large,chocolate,several,paths
poisonous,flat,scaly,gray,no,foul,broad,pink,enlarging,one,large,chocolate,several,woods
poisonous,convex,fibrous,yellow,no,foul,broad,pink,enlarging,one,large,chocolate,several,grasses
poisonous,flat,scaly,gray,no,foul,broad,chocolate,enlarging,one,large,chocolate,several,woods
poisonous,flat,scaly,gray,no,foul,broad,gray,enlarging,one,large,chocolate,several,woods
poisonous,flat,fibrous,yellow,no,foul,broad,gray,enlarging,one,large,chocolate,solitary,paths
poisonous,convex,scaly,gray,no,foul,broad,gray,enlarging,one,large,chocolate,several,grasses
poisonous,flat,scaly,yellow,no,foul,broad,pink,enlarging,one,large,chocolate,several,grasses
poisonous,flat,fibrous,yellow,no,foul,broad,chocolate,enlarging,one,large,chocolate,solitary,paths
poisonous,convex,fibrous,yellow,no,foul,broad,chocolate,enlarging,one,large,chocolate,several,woods
poisonous,flat,fibrous,yellow,no,foul,broad,gray,enlarging,one,large,chocolate,several,grasses
poisonous,convex,scaly,yellow,no,foul,broad,pink,enlarging,one,large,chocolate,solitary,paths
poisonous,flat,fibrous,yellow,no,foul,broad,gray,enlarging,one,large,chocolate,solitary,woods
poisonous,convex,fibrous,yellow,no,foul,broad,pink,enlarging,one,large,chocolate,several,grasses
poisonous,flat,scaly,gray,no,foul,broad,chocolate,enlarging,one,large,chocolate,solitary,woods
poisonous,flat,fibrous,gray,no,foul,broad,pink,enlarging,one,large,chocolate,solitary,woods
poisonous,flat,fibrous,yellow,no,foul,broad,gray,enlarging,one,large,chocolate,several,grasses
poisonous,flat,fibrous,gray,no,foul,broad,pink,enlarging,one,large,chocolate,several,woods
poisonous,flat,fibrous,gray,no,foul,broad,chocolate,enlarging,one,large,chocolate,solitary,grasses
poisonous,flat,fibrous,yellow,no,foul,broad,gray,enlarging,one,large,chocolate,several,woods
poisonous,convex,scaly,yellow,no,foul,broad,gray,enlarging,one,large,chocolate,solitary,woods
poisonous,convex,scaly,yellow,no,foul,broad,pink,enlarging,one,large,chocolate,several,woods
poisonous,flat,fibrous,yellow,no,foul,broad,chocolate,enlarging,one,large,chocolate,solitary,woods
poisonous,convex,scaly,yellow,no,foul,broad,chocolate,enlarging,one,large,chocolate,several,woods
poisonous,convex,scaly,yellow,no,foul,broad,gray,enlarging,one,large,chocolate,several,grasses
poisonous,convex,scaly,brown,no,fishy,narrow,buff,tapering,one,evanescent,white,several,woods
edible,flat,scaly,buff,yes,none,broad,white,enlarging,two,evanescent,white,clustered,waste
poisonous,convex,fibrous,yellow,no,foul,broad,chocolate,enlarging,one,large,chocolate,several,grasses
poisonous,convex,scaly,yellow,no,foul,broad,chocolate,enlarging,one,large,chocolate,solitary,woods
poisonous,flat,scaly,gray,no,foul,broad,pink,enlarging,one,large,chocolate,solitary,woods
poisonous,convex,scaly,yellow,no,foul,broad,pink,enlarging,one,large,chocolate,solitary,woods
poisonous,flat,scaly,gray,no,foul,broad,pink,enlarging,one,large,chocolate,several,paths
poisonous,flat,scaly,gray,no,foul,broad,pink,enlarging,one,large,chocolate,solitary,woods
poisonous,flat,fibrous,gray,no,foul,broad,pink,enlarging,one,large,chocolate,several,paths
poisonous,convex,fibrous,yellow,no,foul,broad,pink,enlarging,one,large,chocolate,several,paths
poisonous,flat,fibrous,yellow,no,foul,broad,pink,enlarging,one,large,chocolate,solitary,grasses
poisonous,flat,fibrous,yellow,no,foul,broad,gray,enlarging,one,large,chocolate,solitary,woods
poisonous,flat,scaly,gray,no,foul,broad,chocolate,enlarging,one,large,chocolate,several,paths
poisonous,flat,scaly,gray,no,foul,broad,chocolate,enlarging,one,large,chocolate,solitary,grasses
poisonous,flat,fibrous,gray,no,foul,broad,gray,enlarging,one,large,chocolate,solitary,grasses
poisonous,flat,scaly,gray,no,foul,broad,gray,enlarging,one,large,chocolate,several,woods
poisonous,flat,fibrous,gray,no,foul,broad,chocolate,enlarging,one,large,chocolate,several,woods
poisonous,flat,scaly,gray,no,foul,broad,gray,enlarging,one,large,chocolate,several,paths
poisonous,convex,fibrous,gray,no,creosote,narrow,purple,enlarging,one,pendant,black,scattered,woods
poisonous,flat,smooth,buff,yes,foul,broad,white,tapering,one,pendant,chocolate,several,grasses
edible,flat,fibrous,red,yes,none,broad,white,tapering,one,pendant,black,several,woods
poisonous,convex,scaly,yellow,no,foul,broad,gray,enlarging,one,large,chocolate,several,paths
poisonous,convex,scaly,gray,no,foul,broad,pink,enlarging,one,large,chocolate,solitary,woods
poisonous,flat,scaly,gray,no,foul,broad,gray,enlarging,one,large,chocolate,several,grasses
edible,flat,fibrous,gray,yes,none,broad,purple,tapering,one,pendant,black,several,woods
poisonous,convex,scaly,yellow,no,foul,broad,pink,enlarging,one,large,chocolate,solitary,woods
poisonous,convex,scaly,yellow,no,foul,broad,pink,enlarging,one,large,chocolate,several,paths
poisonous,flat,fibrous,yellow,no,foul,broad,pink,enlarging,one,large,chocolate,solitary,paths
poisonous,convex,fibrous,yellow,no,foul,broad,chocolate,enlarging,one,large,chocolate,several,paths
poisonous,convex,fibrous,yellow,no,foul,broad,chocolate,enlarging,one,large,chocolate,solitary,woods
poisonous,convex,scaly,gray,no,foul,broad,chocolate,enlarging,one,large,chocolate,several,grasses
poisonous,flat,smooth,white,yes,foul,broad,white,tapering,one,pendant,chocolate,scattered,urban
poisonous,convex,scaly,gray,no,foul,broad,pink,enlarging,one,large,chocolate,several,woods
poisonous,convex,fibrous,yellow,no,foul,broad,gray,enlarging,one,large,chocolate,several,grasses
poisonous,flat,scaly,gray,no,foul,broad,gray,enlarging,one,large,chocolate,solitary,paths
poisonous,convex,scaly,gray,no,foul,broad,pink,enlarging,one,large,chocolate,several,paths
poisonous,convex,fibrous,yellow,no,foul,broad,pink,enlarging,one,large,chocolate,several,woods
edible,flat,scaly,purple,no,none,narrow,chocolate,enlarging,one,flaring,chocolate,several,woods
poisonous,flat,fibrous,yellow,no,foul,broad,chocolate,enlarging,one,large,chocolate,solitary,woods
poisonous,flat,scaly,gray,no,foul,broad,pink,enlarging,one,large,chocolate,several,grasses
poisonous,convex,scaly,yellow,no,foul,broad,chocolate,enlarging,one,large,chocolate,solitary,grasses
poisonous,flat,fibrous,gray,no,foul,broad,gray,enlarging,one,large,chocolate,solitary,grasses
edible,flat,scaly,brown,yes,none,broad,brown,tapering,one,pendant,brown,solitary,woods
poisonous,convex,fibrous,yellow,no,foul,broad,chocolate,enlarging,one,large,chocolate,several,paths
poisonous,flat,fibrous,gray,no,foul,broad,chocolate,enlarging,one,large,chocolate,solitary,woods
poisonous,convex,scaly,gray,no,foul,broad,chocolate,enlarging,one,large,chocolate,solitary,paths
poisonous,flat,fibrous,yellow,no,foul,broad,pink,enlarging,one,large,chocolate,solitary,grasses
poisonous,convex,fibrous,yellow,no,foul,broad,chocolate,enlarging,one,large,chocolate,several,woods
poisonous,convex,scaly,yellow,no,foul,broad,gray,enlarging,one,large,chocolate,several,paths
poisonous,convex,fibrous,yellow,no,foul,broad,gray,enlarging,one,large,chocolate,several,paths
poisonous,flat,scaly,gray,no,foul,broad,gray,enlarging,one,large,chocolate,several,grasses
poisonous,convex,smooth,white,yes,foul,broad,chocolate,tapering,one,pendant,chocolate,scattered,urban
edible,flat,scaly,red,yes,none,broad,white,enlarging,two,evanescent,white,clustered,waste
edible,convex,scaly,purple,no,none,narrow,white,enlarging,one,flaring,chocolate,solitary,woods
poisonous,convex,scaly,yellow,no,foul,broad,pink,enlarging,one,large,chocolate,several,grasses
poisonous,convex,scaly,gray,no,foul,broad,pink,enlarging,one,large,chocolate,solitary,woods
poisonous,convex,fibrous,yellow,no,foul,broad,pink,enlarging,one,large,chocolate,solitary,paths
poisonous,flat,fibrous,gray,no,foul,broad,chocolate,enlarging,one,large,chocolate,solitary,woods
poisonous,convex,scaly,gray,no,foul,broad,gray,enlarging,one,large,chocolate,solitary,paths
poisonous,flat,fibrous,gray,no,foul,broad,chocolate,enlarging,one,large,chocolate,solitary,grasses
poisonous,flat,fibrous,yellow,no,foul,broad,pink,enlarging,one,large,chocolate,solitary,grasses
poisonous,convex,scaly,gray,no,foul,broad,chocolate,enlarging,one,large,chocolate,solitary,paths
poisonous,flat,scaly,gray,no,foul,broad,gray,enlarging,one,large,chocolate,solitary,paths
edible,flat,smooth,pink,yes,none,broad,white,enlarging,two,evanescent,white,clustered,waste
poisonous,flat,fibrous,gray,no,foul,broad,chocolate,enlarging,one,large,chocolate,solitary,paths
poisonous,convex,scaly,yellow,no,foul,broad,gray,enlarging,one,large,chocolate,solitary,paths
poisonous,convex,scaly,gray,no,foul,broad,gray,enlarging,one,large,chocolate,solitary,paths
poisonous,flat,fibrous,yellow,no,foul,broad,gray,enlarging,one,large,chocolate,several,grasses
poisonous,convex,fibrous,yellow,no,foul,broad,pink,enlarging,one,large,chocolate,solitary,woods
poisonous,flat,scaly,gray,no,foul,broad,gray,enlarging,one,large,chocolate,solitary,woods
poisonous,flat,scaly,yellow,no,foul,broad,gray,enlarging,one,large,chocolate,solitary,paths
poisonous,convex,scaly,gray,no,foul,broad,pink,enlarging,one,large,chocolate,solitary,grasses
poisonous,convex,scaly,gray,no,foul,broad,gray,enlarging,one,large,chocolate,solitary,woods
poisonous,flat,fibrous,yellow,no,foul,broad,gray,enlarging,one,large,chocolate,solitary,paths
poisonous,flat,fibrous,gray,no,foul,broad,pink,enlarging,one,large,chocolate,solitary,woods
poisonous,convex,scaly,gray,no,foul,broad,chocolate,enlarging,one,large,chocolate,solitary,paths
poisonous,flat,fibrous,yellow,no,foul,broad,pink,enlarging,one,large,chocolate,several,paths
poisonous,flat,scaly,gray,no,foul,broad,chocolate,enlarging,one,large,chocolate,several,woods
poisonous,convex,scaly,gray,no,foul,broad,pink,enlarging,one,large,chocolate,solitary,grasses
poisonous,flat,fibrous,gray,no,foul,broad,chocolate,enlarging,one,large,chocolate,several,woods
poisonous,convex,scaly,gray,no,foul,broad,chocolate,enlarging,one,large,chocolate,solitary,grasses
poisonous,flat,fibrous,gray,no,foul,broad,pink,enlarging,one,large,chocolate,several,woods
poisonous,convex,scaly,yellow,no,foul,broad,gray,enlarging,one,large,chocolate,solitary,paths
poisonous,convex,fibrous,yellow,no,foul,broad,pink,enlarging,one,large,chocolate,solitary,grasses
poisonous,convex,scaly,gray,no,foul,broad,chocolate,enlarging,one,large,chocolate,several,paths
poisonous,flat,fibrous,yellow,no,foul,broad,chocolate,enlarging,one,large,chocolate,several,paths
edible,flat,scaly,brown,yes,none,broad,brown,tapering,one,pendant,brown,solitary,woods
poisonous,flat,fibrous,gray,no,foul,broad,chocolate,enlarging,one,large,chocolate,solitary,woods
poisonous,convex,scaly,yellow,no,foul,broad,chocolate,enlarging,one,large,chocolate,solitary,paths
poisonous,convex,smooth,gray,yes,foul,broad,chocolate,tapering,one,pendant,chocolate,scattered,grasses
poisonous,flat,scaly,yellow,no,foul,broad,chocolate,enlarging,one,large,chocolate,several,paths
poisonous,convex,scaly,yellow,no,foul,broad,pink,enlarging,one,large,chocolate,several,paths
poisonous,convex,fibrous,white,no,creosote,narrow,gray,enlarging,one,pendant,black,scattered,woods
poisonous,convex,fibrous,yellow,no,foul,broad,gray,enlarging,one,large,chocolate,solitary,woods
poisonous,flat,smooth,buff,yes,foul,broad,chocolate,tapering,one,pendant,chocolate,scattered,urban
poisonous,convex,scaly,yellow,no,foul,broad,chocolate,enlarging,one,large,chocolate,solitary,grasses
poisonous,convex,scaly,gray,no,foul,broad,chocolate,enlarging,one,large,chocolate,solitary,woods
poisonous,flat,fibrous,yellow,no,foul,broad,gray,enlarging,one,large,chocolate,solitary,grasses
poisonous,flat,smooth,pink,yes,none,broad,white,enlarging,two,pendant,green,several,grasses
poisonous,flat,smooth,buff,yes,foul,broad,pink,tapering,one,pendant,chocolate,several,urban
poisonous,convex,scaly,gray,no,foul,broad,gray,enlarging,one,large,chocolate,several,grasses
poisonous,convex,scaly,gray,no,foul,broad,chocolate,enlarging,one,large,chocolate,solitary,grasses
poisonous,convex,scaly,gray,no,foul,broad,pink,enlarging,one,large,chocolate,several,grasses
poisonous,flat,fibrous,gray,no,foul,broad,gray,enlarging,one,large,chocolate,solitary,paths
poisonous,flat,fibrous,gray,no,foul,broad,gray,enlarging,one,large,chocolate,several,paths
poisonous,convex,fibrous,yellow,no,foul,broad,chocolate,enlarging,one,large,chocolate,solitary,paths
poisonous,flat,fibrous,yellow,no,foul,broad,chocolate,enlarging,one,large,chocolate,several,paths
edible,flat,scaly,purple,no,none,narrow,purple,enlarging,one,flaring,chocolate,several,woods
poisonous,convex,fibrous,yellow,no,foul,broad,gray,enlarging,one,large,chocolate,solitary,grasses
edible,flat,fibrous,red,yes,none,broad,white,tapering,one,pendant,brown,several,woods
poisonous,flat,fibrous,yellow,no,foul,broad,gray,enlarging,one,large,chocolate,solitary,grasses
poisonous,convex,fibrous,yellow,no,foul,broad,gray,enlarging,one,large,chocolate,several,grasses
poisonous,convex,scaly,brown,no,foul,narrow,buff,tapering,one,evanescent,white,several,leaves
poisonous,convex,scaly,gray,no,foul,broad,gray,enlarging,one,large,chocolate,solitary,grasses
poisonous,convex,fibrous,yellow,no,foul,broad,pink,enlarging,one,large,chocolate,solitary,woods
poisonous,flat,fibrous,gray,no,foul,broad,pink,enlarging,one,large,chocolate,solitary,grasses
poisonous,convex,scaly,gray,no,foul,broad,gray,enlarging,one,large,chocolate,several,paths
poisonous,convex,scaly,gray,no,foul,broad,chocolate,enlarging,one,large,chocolate,solitary,grasses
poisonous,convex,fibrous,yellow,no,foul,broad,chocolate,enlarging,one,large,chocolate,solitary,woods
poisonous,flat,fibrous,yellow,no,foul,broad,chocolate,enlarging,one,large,chocolate,solitary,grasses
poisonous,flat,scaly,gray,no,foul,broad,gray,enlarging,one,large,chocolate,several,paths
poisonous,flat,scaly,gray,no,foul,broad,chocolate,enlarging,one,large,chocolate,solitary,grasses
edible,flat,scaly,brown,yes,none,broad,brown,tapering,one,pendant,brown,solitary,woods
poisonous,convex,scaly,yellow,no,foul,broad,gray,enlarging,one,large,chocolate,several,grasses
edible,flat,fibrous,red,yes,none,broad,white,tapering,one,pendant,black,solitary,woods
poisonous,convex,fibrous,yellow,no,foul,broad,chocolate,enlarging,one,large,chocolate,solitary,woods
poisonous,convex,scaly,gray,no,foul,broad,chocolate,enlarging,one,large,chocolate,solitary,paths
poisonous,flat,scaly,gray,no,foul,broad,chocolate,enlarging,one,large,chocolate,solitary,paths
poisonous,convex,fibrous,yellow,no,foul,broad,pink,enlarging,one,large,chocolate,solitary,paths
poisonous,flat,fibrous,gray,no,foul,broad,chocolate,enlarging,one,large,chocolate,several,woods
poisonous,flat,fibrous,gray,no,foul,broad,pink,enlarging,one,large,chocolate,several,woods
poisonous,flat,scaly,gray,no,foul,broad,pink,enlarging,one,large,chocolate,solitary,paths
poisonous,flat,scaly,gray,no,foul,broad,gray,enlarging,one,large,chocolate,solitary,grasses
poisonous,convex,fibrous,yellow,no,foul,broad,gray,enlarging,one,large,chocolate,several,woods
poisonous,convex,scaly,yellow,no,foul,broad,chocolate,enlarging,one,large,chocolate,solitary,paths
poisonous,flat,fibrous,yellow,no,foul,broad,gray,enlarging,one,large,chocolate,several,woods
poisonous,convex,scaly,gray,no,foul,broad,gray,enlarging,one,large,chocolate,solitary,woods
poisonous,flat,fibrous,yellow,no,foul,broad,gray,enlarging,one,large,chocolate,solitary,paths
poisonous,flat,scaly,gray,no,foul,broad,gray,enlarging,one,large,chocolate,several,woods
poisonous,convex,fibrous,pink,no,creosote,narrow,pink,enlarging,one,pendant,black,scattered,woods
poisonous,flat,fibrous,yellow,no,foul,broad,gray,enlarging,one,large,chocolate,several,woods
poisonous,convex,scaly,gray,no,foul,broad,chocolate,enlarging,one,large,chocolate,several,woods
poisonous,convex,scaly,yellow,no,foul,broad,pink,enlarging,one,large,chocolate,solitary,grasses
poisonous,convex,scaly,gray,no,foul,broad,chocolate,enlarging,one,large,chocolate,several,woods
poisonous,flat,scaly,yellow,no,foul,broad,chocolate,enlarging,one,large,chocolate,several,paths
poisonous,convex,scaly,gray,no,foul,broad,gray,enlarging,one,large,chocolate,solitary,paths
poisonous,convex,fibrous,yellow,no,foul,broad,gray,enlarging,one,large,chocolate,several,woods
poisonous,flat,scaly,gray,no,foul,broad,gray,enlarging,one,large,chocolate,several,woods
poisonous,flat,scaly,gray,no,foul,broad,pink,enlarging,one,large,chocolate,several,grasses
poisonous,convex,scaly,yellow,no,foul,broad,pink,enlarging,one,large,chocolate,solitary,woods
poisonous,flat,fibrous,yellow,no,foul,broad,chocolate,enlarging,one,large,chocolate,solitary,woods
poisonous,convex,scaly,gray,no,foul,broad,gray,enlarging,one,large,chocolate,several,woods
poisonous,convex,scaly,yellow,no,foul,broad,pink,enlarging,one,large,chocolate,solitary,woods
poisonous,convex,scaly,gray,no,foul,broad,gray,enlarging,one,large,chocolate,several,woods
poisonous,convex,scaly,gray,no,foul,broad,gray,enlarging,one,large,chocolate,solitary,grasses
poisonous,convex,fibrous,yellow,no,foul,broad,gray,enlarging,one,large,chocolate,several,grasses
poisonous,convex,scaly,gray,no,foul,broad,pink,enlarging,one,large,chocolate,solitary,woods
poisonous,flat,fibrous,gray,no,foul,broad,gray,enlarging,one,large,chocolate,solitary,paths
poisonous,flat,fibrous,gray,no,foul,broad,pink,enlarging,one,large,chocolate,several,grasses
poisonous,convex,scaly,gray,no,foul,broad,chocolate,enlarging,one,large,chocolate,several,paths
poisonous,convex,fibrous,yellow,no,foul,broad,chocolate,enlarging,one,large,chocolate,several,woods
poisonous,convex,scaly,gray,no,foul,broad,gray,enlarging,one,large,chocolate,solitary,woods
poisonous,flat,fibrous,gray,no,foul,broad,pink,enlarging,one,large,chocolate,several,paths
poisonous,convex,scaly,yellow,no,foul,broad,chocolate,enlarging,one,large,chocolate,several,paths
poisonous,convex,fibrous,yellow,no,foul,broad,chocolate,enlarging,one,large,chocolate,several,woods
poisonous,flat,scaly,gray,no,foul,broad,pink,enlarging,one,large,chocolate,solitary,woods
poisonous,flat,fibrous,gray,no,foul,broad,pink,enlarging,one,large,chocolate,several,paths
edible,convex,smooth,pink,yes,none,broad,red,enlarging,two,evanescent,white,clustered,waste
poisonous,flat,fibrous,yellow,no,foul,broad,pink,enlarging,one,large,chocolate,several,woods
poisonous,convex,smooth,pink,no,creosote,narrow,gray,enlarging,one,pendant,black,several,woods
poisonous,convex,fibrous,yellow,no,foul,broad,chocolate,enlarging,one,large,chocolate,solitary,grasses
poisonous,flat,fibrous,gray,no,foul,broad,gray,enlarging,one,large,chocolate,solitary,paths
poisonous,convex,fibrous,yellow,no,foul,broad,pink,enlarging,one,large,chocolate,solitary,grasses
edible,flat,fibrous,red,yes,none,broad,pink,tapering,one,pendant,brown,solitary,woods
poisonous,convex,scaly,yellow,no,foul,broad,gray,enlarging,one,large,chocolate,several,woods
poisonous,convex,fibrous,yellow,no,foul,broad,pink,enlarging,one,large,chocolate,solitary,grasses
poisonous,flat,scaly,gray,no,foul,broad,chocolate,enlarging,one,large,chocolate,several,grasses
poisonous,flat,fibrous,yellow,no,foul,broad,pink,enlarging,one,large,chocolate,solitary,grasses
edible,flat,scaly,brown,yes,none,broad,brown,tapering,one,pendant,brown,several,woods
poisonous,convex,scaly,yellow,no,foul,broad,chocolate,enlarging,one,large,chocolate,solitary,paths
poisonous,flat,fibrous,gray,no,foul,broad,chocolate,enlarging,one,large,chocolate,several,paths
poisonous,convex,scaly,yellow,no,foul,broad,chocolate,enlarging,one,large,chocolate,several,paths
poisonous,flat,fibrous,yellow,no,foul,broad,chocolate,enlarging,one,large,chocolate,solitary,woods
poisonous,flat,scaly,yellow,no,foul,broad,chocolate,enlarging,one,large,chocolate,solitary,woods
poisonous,flat,scaly,gray,no,foul,broad,chocolate,enlarging,one,large,chocolate,several,grasses
poisonous,flat,fibrous,gray,no,foul,broad,chocolate,enlarging,one,large,chocolate,several,grasses
poisonous,convex,scaly,yellow,no,foul,broad,pink,enlarging,one,large,chocolate,solitary,grasses
poisonous,flat,scaly,gray,no,foul,broad,gray,enlarging,one,large,chocolate,solitary,paths
poisonous,convex,scaly,yellow,no,foul,broad,gray,enlarging,one,large,chocolate,solitary,grasses
edible,flat,fibrous,gray,yes,none,broad,purple,tapering,one,pendant,brown,solitary,woods
poisonous,convex,smooth,gray,yes,foul,broad,chocolate,tapering,one,pendant,chocolate,scattered,grasses
poisonous,convex,scaly,brown,no,foul,narrow,buff,tapering,one,evanescent,white,several,paths
poisonous,flat,smooth,gray,yes,foul,broad,pink,tapering,one,pendant,chocolate,several,grasses
poisonous,flat,scaly,gray,no,foul,broad,gray,enlarging,one,large,chocolate,solitary,grasses
poisonous,flat,scaly,yellow,no,foul,broad,gray,enlarging,one,large,chocolate,several,grasses
poisonous,flat,scaly,gray,no,foul,broad,pink,enlarging,one,large,chocolate,several,woods
edible,flat,scaly,red,yes,none,broad,red,enlarging,two,evanescent,white,clustered,waste
poisonous,flat,scaly,gray,no,foul,broad,pink,enlarging,one,large,chocolate,several,paths
poisonous,convex,fibrous,yellow,no,foul,broad,chocolate,enlarging,one,large,chocolate,several,grasses
poisonous,flat,fibrous,gray,no,foul,broad,gray,enlarging,one,large,chocolate,solitary,woods
poisonous,convex,scaly,yellow,no,foul,broad,pink,enlarging,one,large,chocolate,solitary,woods
poisonous,flat,fibrous,yellow,no,foul,broad,pink,enlarging,one,large,chocolate,solitary,grasses
edible,flat,scaly,brown,yes,none,broad,red,enlarging,two,evanescent,white,clustered,waste
poisonous,flat,scaly,gray,no,foul,broad,pink,enlarging,one,large,chocolate,several,grasses
poisonous,knobbed,fibrous,brown,no,none,narrow,white,enlarging,one,evanescent,white,several,woods
poisonous,flat,fibrous,gray,no,foul,broad,gray,enlarging,one,large,chocolate,several,woods
poisonous,flat,fibrous,yellow,no,foul,broad,chocolate,enlarging,one,large,chocolate,several,paths
poisonous,convex,scaly,brown,no,spicy,narrow,buff,tapering,one,evanescent,white,several,paths
poisonous,flat,fibrous,gray,no,foul,broad,chocolate,enlarging,one,large,chocolate,several,woods
poisonous,flat,fibrous,gray,no,foul,broad,gray,enlarging,one,large,chocolate,solitary,paths
poisonous,flat,smooth,white,yes,foul,broad,white,tapering,one,pendant,chocolate,several,grasses
poisonous,flat,fibrous,yellow,no,foul,broad,gray,enlarging,one,large,chocolate,several,woods
poisonous,convex,scaly,gray,no,foul,broad,chocolate,enlarging,one,large,chocolate,solitary,grasses
poisonous,convex,fibrous,yellow,no,foul,broad,chocolate,enlarging,one,large,chocolate,solitary,grasses
edible,convex,scaly,red,yes,none,broad,white,enlarging,two,evanescent,white,clustered,waste
poisonous,flat,scaly,yellow,no,foul,broad,gray,enlarging,one,large,chocolate,several,woods
poisonous,bell,fibrous,yellow,no,none,narrow,white,enlarging,one,evanescent,white,several,woods
poisonous,flat,scaly,yellow,no,foul,broad,pink,enlarging,one,large,chocolate,several,woods
poisonous,convex,smooth,gray,yes,foul,broad,pink,tapering,one,pendant,chocolate,scattered,urban
poisonous,flat,scaly,yellow,no,foul,broad,chocolate,enlarging,one,large,chocolate,several,woods
poisonous,flat,fibrous,yellow,no,foul,broad,pink,enlarging,one,large,chocolate,several,grasses
edible,knobbed,scaly,red,yes,none,broad,red,enlarging,two,evanescent,white,clustered,waste
poisonous,flat,fibrous,yellow,no,foul,broad,pink,enlarging,one,large,chocolate,several,paths
poisonous,flat,fibrous,yellow,no,foul,broad,gray,enlarging,one,large,chocolate,several,paths
edible,knobbed,scaly,brown,no,none,narrow,white,enlarging,one,evanescent,white,several,leaves
poisonous,convex,smooth,white,no,creosote,narrow,pink,enlarging,one,pendant,brown,several,woods
poisonous,convex,fibrous,yellow,no,foul,broad,gray,enlarging,one,large,chocolate,solitary,grasses
poisonous,convex,fibrous,yellow,no,foul,broad,gray,enlarging,one,large,chocolate,several,paths
poisonous,convex,fibrous,yellow,no,foul,broad,gray,enlarging,one,large,chocolate,solitary,woods
poisonous,flat,scaly,yellow,no,foul,broad,pink,enlarging,one,large,chocolate,several,paths
poisonous,bell,smooth,buff,yes,none,broad,gray,enlarging,two,pendant,green,several,grasses
poisonous,convex,smooth,white,yes,foul,broad,chocolate,tapering,one,pendant,chocolate,several,grasses
edible,flat,scaly,red,yes,none,broad,brown,tapering,one,pendant,brown,solitary,woods
poisonous,bell,smooth,white,yes,none,broad,gray,enlarging,two,pendant,green,several,meadows
edible,flat,scaly,pink,yes,none,broad,white,enlarging,two,evanescent,white,clustered,waste
poisonous,convex,smooth,white,yes,foul,broad,pink,tapering,one,pendant,chocolate,several,grasses
edible,knobbed,scaly,brown,yes,none,broad,white,enlarging,two,evanescent,white,clustered,waste
poisonous,convex,scaly,yellow,no,foul,broad,chocolate,enlarging,one,large,chocolate,solitary,paths
poisonous,flat,smooth,buff,yes,foul,broad,chocolate,tapering,one,pendant,chocolate,several,urban
poisonous,flat,scaly,gray,no,foul,broad,chocolate,enlarging,one,large,chocolate,several,woods
poisonous,convex,scaly,yellow,no,foul,broad,chocolate,enlarging,one,large,chocolate,several,woods
poisonous,convex,scaly,gray,no,foul,broad,pink,enlarging,one,large,chocolate,several,woods
poisonous,convex,fibrous,yellow,no,foul,broad,gray,enlarging,one,large,chocolate,solitary,paths
poisonous,convex,scaly,yellow,no,foul,broad,chocolate,enlarging,one,large,chocolate,several,woods
poisonous,convex,scaly,yellow,no,foul,broad,chocolate,enlarging,one,large,chocolate,solitary,woods
poisonous,convex,fibrous,yellow,no,foul,broad,gray,enlarging,one,large,chocolate,solitary,paths
poisonous,convex,scaly,gray,no,foul,broad,gray,enlarging,one,large,chocolate,solitary,paths
poisonous,flat,fibrous,gray,no,foul,broad,pink,enlarging,one,large,chocolate,several,paths
edible,knobbed,smooth,red,yes,none,broad,white,enlarging,two,evanescent,white,clustered,waste
edible,flat,scaly,brown,yes,none,broad,red,enlarging,two,evanescent,white,clustered,waste
edible,flat,smooth,buff,yes,none,broad,white,enlarging,two,evanescent,white,clustered,waste
poisonous,convex,scaly,yellow,no,foul,broad,gray,enlarging,one,large,chocolate,several,woods
edible,flat,fibrous,gray,yes,none,broad,purple,tapering,one,pendant,brown,several,woods
poisonous,flat,fibrous,yellow,no,foul,broad,pink,enlarging,one,large,chocolate,solitary,paths
poisonous,flat,scaly,gray,no,foul,broad,chocolate,enlarging,one,large,chocolate,solitary,grasses
poisonous,convex,smooth,gray,yes,foul,broad,pink,tapering,one,pendant,chocolate,several,grasses
poisonous,flat,fibrous,gray,no,foul,broad,pink,enlarging,one,large,chocolate,several,paths
poisonous,convex,fibrous,yellow,no,foul,broad,chocolate,enlarging,one,large,chocolate,solitary,woods
poisonous,flat,fibrous,yellow,no,foul,broad,pink,enlarging,one,large,chocolate,several,grasses
poisonous,convex,scaly,brown,no,foul,narrow,buff,tapering,one,evanescent,white,several,leaves
poisonous,flat,fibrous,gray,no,foul,broad,chocolate,enlarging,one,large,chocolate,several,paths
edible,flat,scaly,brown,yes,none,broad,red,enlarging,two,evanescent,white,clustered,waste
edible,flat,scaly,red,yes,none,broad,pink,tapering,one,pendant,black,several,woods
poisonous,flat,scaly,gray,no,foul,broad,gray,enlarging,one,large,chocolate,solitary,grasses
poisonous,convex,scaly,yellow,no,foul,broad,chocolate,enlarging,one,large,chocolate,several,paths
poisonous,flat,fibrous,gray,no,foul,broad,pink,enlarging,one,large,chocolate,solitary,woods
edible,flat,fibrous,red,yes,none,broad,brown,tapering,one,pendant,brown,several,woods
poisonous,convex,scaly,yellow,no,foul,broad,chocolate,enlarging,one,large,chocolate,several,paths
poisonous,flat,fibrous,yellow,no,foul,broad,pink,enlarging,one,large,chocolate,solitary,paths
poisonous,flat,fibrous,gray,no,foul,broad,pink,enlarging,one,large,chocolate,several,paths
poisonous,flat,scaly,yellow,no,foul,broad,gray,enlarging,one,large,chocolate,solitary,woods
poisonous,convex,scaly,gray,no,foul,broad,chocolate,enlarging,one,large,chocolate,several,woods
poisonous,bell,scaly,white,yes,none,broad,white,enlarging,two,pendant,green,several,meadows
poisonous,flat,fibrous,yellow,no,foul,broad,pink,enlarging,one,large,chocolate,solitary,paths
poisonous,convex,scaly,brown,no,foul,narrow,buff,tapering,one,evanescent,white,several,woods
poisonous,flat,fibrous,gray,no,foul,broad,gray,enlarging,one,large,chocolate,solitary,grasses
poisonous,convex,scaly,yellow,no,foul,broad,gray,enlarging,one,large,chocolate,several,grasses
poisonous,flat,scaly,yellow,no,foul,broad,gray,enlarging,one,large,chocolate,solitary,paths
edible,flat,scaly,pink,yes,none,broad,red,enlarging,two,evanescent,white,clustered,waste
poisonous,convex,smooth,white,yes,foul,broad,chocolate,tapering,one,pendant,chocolate,scattered,grasses
poisonous,flat,scaly,gray,no,foul,broad,chocolate,enlarging,one,large,chocolate,solitary,grasses
poisonous,convex,scaly,gray,no,foul,broad,chocolate,enlarging,one,large,chocolate,several,paths
poisonous,convex,fibrous,yellow,no,foul,broad,pink,enlarging,one,large,chocolate,several,grasses
poisonous,flat,smooth,buff,yes,foul,broad,white,tapering,one,pendant,chocolate,scattered,urban
poisonous,convex,fibrous,gray,no,creosote,narrow,gray,enlarging,one,pendant,black,several,woods
poisonous,convex,fibrous,yellow,no,foul,broad,gray,enlarging,one,large,chocolate,solitary,paths
poisonous,flat,scaly,gray,no,foul,broad,pink,enlarging,one,large,chocolate,solitary,grasses
poisonous,flat,scaly,yellow,no,foul,broad,chocolate,enlarging,one,large,chocolate,solitary,paths
edible,convex,scaly,green,no,none,narrow,pink,enlarging,one,flaring,chocolate,solitary,woods
edible,flat,scaly,white,no,none,narrow,chocolate,enlarging,one,flaring,chocolate,several,woods
poisonous,convex,fibrous,yellow,no,foul,broad,chocolate,enlarging,one,large,chocolate,several,woods
poisonous,flat,scaly,yellow,no,foul,broad,chocolate,enlarging,one,large,chocolate,solitary,paths
poisonous,flat,scaly,yellow,no,foul,broad,pink,enlarging,one,large,chocolate,solitary,grasses
poisonous,convex,scaly,red,no,fishy,narrow,buff,tapering,one,evanescent,white,several,paths
poisonous,convex,scaly,red,no,fishy,narrow,buff,tapering,one,evanescent,white,several,leaves
poisonous,convex,scaly,gray,no,foul,broad,chocolate,enlarging,one,large,chocolate,solitary,woods
poisonous,convex,scaly,yellow,no,foul,broad,gray,enlarging,one,large,chocolate,several,grasses
poisonous,flat,fibrous,gray,no,foul,broad,chocolate,enlarging,one,large,chocolate,solitary,woods
poisonous,convex,scaly,gray,no,foul,broad,gray,enlarging,one,large,chocolate,solitary,grasses
poisonous,convex,scaly,yellow,no,foul,broad,gray,enlarging,one,large,chocolate,several,woods
poisonous,flat,fibrous,yellow,no,foul,broad,chocolate,enlarging,one,large,chocolate,solitary,paths
edible,flat,smooth,red,yes,none,broad,white,enlarging,two,evanescent,white,clustered,waste
poisonous,flat,fibrous,yellow,no,foul,broad,chocolate,enlarging,one,large,chocolate,solitary,paths
poisonous,convex,scaly,yellow,no,foul,broad,chocolate,enlarging,one,large,chocolate,solitary,paths
poisonous,flat,smooth,gray,yes,foul,broad,pink,tapering,one,pendant,chocolate,scattered,grasses
poisonous,flat,fibrous,yellow,no,foul,broad,pink,enlarging,one,large,chocolate,several,grasses
poisonous,convex,scaly,yellow,no,foul,broad,chocolate,enlarging,one,large,chocolate,solitary,woods
poisonous,convex,fibrous,yellow,no,foul,broad,pink,enlarging,one,large,chocolate,solitary,paths
poisonous,convex,smooth,gray,yes,foul,broad,chocolate,tapering,one,pendant,chocolate,several,urban
poisonous,flat,scaly,gray,no,foul,broad,pink,enlarging,one,large,chocolate,solitary,grasses
poisonous,flat,fibrous,gray,no,foul,broad,chocolate,enlarging,one,large,chocolate,several,grasses
poisonous,convex,smooth,white,no,creosote,narrow,brown,enlarging,one,pendant,black,several,woods
poisonous,flat,scaly,gray,no,foul,broad,pink,enlarging,one,large,chocolate,solitary,paths
edible,flat,scaly,red,yes,none,broad,purple,tapering,one,pendant,brown,solitary,woods
poisonous,convex,fibrous,yellow,no,foul,broad,gray,enlarging,one,large,chocolate,solitary,grasses
poisonous,convex,scaly,yellow,no,foul,broad,pink,enlarging,one,large,chocolate,solitary,paths
edible,knobbed,smooth,buff,yes,none,broad,red,enlarging,two,evanescent,white,clustered,waste
poisonous,flat,fibrous,yellow,no,foul,broad,chocolate,enlarging,one,large,chocolate,several,grasses
poisonous,flat,fibrous,yellow,no,foul,broad,gray,enlarging,one,large,chocolate,several,woods
poisonous,convex,scaly,yellow,no,foul,broad,gray,enlarging,one,large,chocolate,solitary,grasses
edible,convex,fibrous,brown,no,none,narrow,white,enlarging,one,evanescent,white,several,leaves
edible,convex,scaly,red,yes,none,broad,red,enlarging,two,evanescent,white,clustered,waste
poisonous,convex,scaly,gray,no,foul,broad,gray,enlarging,one,large,chocolate,several,paths
poisonous,convex,fibrous,yellow,no,foul,broad,gray,enlarging,one,large,chocolate,several,grasses
poisonous,flat,smooth,gray,yes,foul,broad,chocolate,tapering,one,pendant,chocolate,several,grasses
poisonous,convex,scaly,yellow,no,foul,broad,gray,enlarging,one,large,chocolate,solitary,grasses
poisonous,flat,scaly,gray,no,foul,broad,pink,enlarging,one,large,chocolate,several,paths
poisonous,convex,scaly,gray,no,foul,broad,pink,enlarging,one,large,chocolate,several,grasses
poisonous,convex,scaly,brown,no,spicy,narrow,buff,tapering,one,evanescent,white,several,paths
edible,knobbed,smooth,buff,yes,none,broad,white,enlarging,two,evanescent,white,clustered,waste
poisonous,flat,fibrous,yellow,no,foul,broad,gray,enlarging,one,large,chocolate,solitary,woods
poisonous,convex,fibrous,gray,no,foul,broad,gray,enlarging,one,large,chocolate,several,paths
poisonous,flat,scaly,gray,no,foul,broad,chocolate,enlarging,one,large,chocolate,solitary,paths
poisonous,convex,fibrous,yellow,no,foul,broad,gray,enlarging,one,large,chocolate,several,woods
poisonous,flat,scaly,yellow,no,foul,broad,chocolate,enlarging,one,large,chocolate,several,grasses
edible,knobbed,smooth,pink,yes,none,broad,white,enlarging,two,evanescent,white,clustered,waste
poisonous,flat,scaly,brown,no,none,narrow,white,enlarging,one,evanescent,white,several,woods
poisonous,convex,scaly,gray,no,foul,broad,gray,enlarging,one,large,chocolate,solitary,woods
poisonous,convex,fibrous,yellow,no,foul,broad,chocolate,enlarging,one,large,chocolate,solitary,woods
poisonous,convex,scaly,gray,no,foul,broad,chocolate,enlarging,one,large,chocolate,several,paths
poisonous,flat,smooth,buff,yes,foul,broad,white,tapering,one,pendant,chocolate,several,urban
edible,flat,smooth,buff,yes,none,broad,white,enlarging,two,evanescent,white,clustered,waste
poisonous,flat,smooth,white,yes,foul,broad,white,tapering,one,pendant,chocolate,scattered,urban
poisonous,flat,scaly,gray,no,foul,broad,gray,enlarging,one,large,chocolate,solitary,paths
poisonous,convex,fibrous,yellow,no,foul,broad,gray,enlarging,one,large,chocolate,several,paths
poisonous,flat,scaly,gray,no,foul,broad,chocolate,enlarging,one,large,chocolate,several,paths
poisonous,flat,scaly,yellow,no,foul,broad,gray,enlarging,one,large,chocolate,solitary,grasses
poisonous,flat,fibrous,yellow,no,foul,broad,pink,enlarging,one,large,chocolate,several,woods
poisonous,convex,smooth,buff,yes,foul,broad,chocolate,tapering,one,pendant,chocolate,several,urban
poisonous,flat,fibrous,gray,no,foul,broad,gray,enlarging,one,large,chocolate,solitary,paths
poisonous,convex,scaly,gray,no,foul,broad,chocolate,enlarging,one,large,chocolate,solitary,woods
poisonous,flat,fibrous,yellow,no,foul,broad,pink,enlarging,one,large,chocolate,solitary,grasses
poisonous,flat,scaly,yellow,no,foul,broad,chocolate,enlarging,one,large,chocolate,solitary,woods
poisonous,flat,smooth,gray,yes,foul,broad,pink,tapering,one,pendant,chocolate,scattered,urban
edible,flat,smooth,buff,yes,none,broad,white,enlarging,two,evanescent,white,clustered,waste
edible,convex,smooth,pink,yes,none,broad,white,enlarging,two,evanescent,white,clustered,waste
edible,knobbed,smooth,brown,yes,none,broad,red,enlarging,two,evanescent,white,clustered,waste
poisonous,flat,scaly,pink,yes,none,broad,gray,enlarging,two,pendant,green,several,grasses
poisonous,flat,scaly,gray,no,foul,broad,pink,enlarging,one,large,chocolate,several,paths
poisonous,convex,scaly,yellow,no,foul,broad,chocolate,enlarging,one,large,chocolate,several,paths
poisonous,flat,fibrous,gray,no,foul,broad,gray,enlarging,one,large,chocolate,several,grasses
poisonous,flat,fibrous,gray,no,foul,broad,pink,enlarging,one,large,chocolate,solitary,woods
poisonous,convex,fibrous,yellow,no,foul,broad,pink,enlarging,one,large,chocolate,solitary,paths
poisonous,flat,fibrous,gray,no,foul,broad,pink,enlarging,one,large,chocolate,several,woods
poisonous,flat,scaly,gray,no,foul,broad,chocolate,enlarging,one,large,chocolate,solitary,woods
poisonous,flat,scaly,yellow,no,foul,broad,chocolate,enlarging,one,large,chocolate,several,woods
poisonous,flat,fibrous,yellow,no,foul,broad,pink,enlarging,one,large,chocolate,several,grasses
poisonous,flat,scaly,yellow,no,foul,broad,pink,enlarging,one,large,chocolate,solitary,grasses
poisonous,convex,scaly,yellow,no,foul,broad,pink,enlarging,one,large,chocolate,several,woods
poisonous,convex,scaly,yellow,no,foul,broad,chocolate,enlarging,one,large,chocolate,solitary,paths
poisonous,flat,scaly,gray,no,foul,broad,gray,enlarging,one,large,chocolate,several,grasses
poisonous,flat,fibrous,gray,no,foul,broad,gray,enlarging,one,large,chocolate,solitary,woods
poisonous,convex,scaly,yellow,no,foul,broad,gray,enlarging,one,large,chocolate,several,paths
poisonous,convex,scaly,yellow,no,foul,broad,gray,enlarging,one,large,chocolate,solitary,paths
edible,flat,scaly,purple,no,none,narrow,white,enlarging,one,flaring,chocolate,solitary,woods
poisonous,flat,fibrous,gray,no,foul,broad,gray,enlarging,one,large,chocolate,several,grasses
poisonous,convex,scaly,brown,no,fishy,narrow,buff,tapering,one,evanescent,white,several,leaves
poisonous,convex,scaly,yellow,no,foul,broad,pink,enlarging,one,large,chocolate,several,grasses
poisonous,convex,scaly,yellow,no,foul,broad,pink,enlarging,one,large,chocolate,solitary,paths
poisonous,convex,scaly,gray,no,foul,broad,chocolate,enlarging,one,large,chocolate,several,grasses
poisonous,flat,fibrous,yellow,no,foul,broad,gray,enlarging,one,large,chocolate,several,woods
poisonous,convex,fibrous,yellow,no,foul,broad,pink,enlarging,one,large,chocolate,solitary,woods
poisonous,convex,scaly,gray,no,foul,broad,chocolate,enlarging,one,large,chocolate,several,paths
edible,flat,smooth,buff,yes,none,broad,red,enlarging,two,evanescent,white,clustered,waste
poisonous,flat,fibrous,gray,no,foul,broad,chocolate,enlarging,one,large,chocolate,solitary,paths
poisonous,flat,scaly,yellow,no,foul,broad,chocolate,enlarging,one,large,chocolate,several,woods
edible,convex,smooth,brown,yes,none,broad,white,enlarging,two,evanescent,white,clustered,waste
poisonous,flat,fibrous,gray,no,foul,broad,gray,enlarging,one,large,chocolate,solitary,paths
poisonous,convex,scaly,gray,no,foul,broad,gray,enlarging,one,large,chocolate,several,woods
poisonous,convex,scaly,brown,no,foul,narrow,buff,tapering,one,evanescent,white,several,paths
poisonous,flat,fibrous,yellow,no,foul,broad,gray,enlarging,one,large,chocolate,several,woods
poisonous,convex,scaly,brown,no,none,narrow,white,enlarging,one,evanescent,white,several,woods
poisonous,bell,smooth,buff,yes,none,broad,white,enlarging,two,pendant,green,several,grasses
poisonous,flat,fibrous,yellow,no,foul,broad,pink,enlarging,one,large,chocolate,several,woods
poisonous,flat,scaly,gray,no,foul,broad,chocolate,enlarging,one,large,chocolate,solitary,woods
edible,flat,scaly,purple,no,none,narrow,purple,enlarging,one,flaring,chocolate,solitary,woods
poisonous,convex,fibrous,yellow,no,foul,broad,gray,enlarging,one,large,chocolate,several,grasses
poisonous,flat,scaly,yellow,no,foul,broad,gray,enlarging,one,large,chocolate,solitary,grasses
poisonous,flat,fibrous,yellow,no,foul,broad,chocolate,enlarging,one,large,chocolate,solitary,grasses
poisonous,convex,scaly,yellow,no,foul,broad,chocolate,enlarging,one,large,chocolate,solitary,woods
edible,convex,scaly,red,yes,none,broad,white,enlarging,two,evanescent,white,clustered,waste
poisonous,flat,fibrous,gray,no,foul,broad,gray,enlarging,one,large,chocolate,several,grasses
poisonous,convex,scaly,yellow,no,foul,broad,gray,enlarging,one,large,chocolate,several,grasses
poisonous,convex,scaly,yellow,no,foul,broad,pink,enlarging,one,large,chocolate,several,paths
poisonous,flat,scaly,gray,no,foul,broad,gray,enlarging,one,large,chocolate,several,paths
edible,knobbed,smooth,buff,yes,none,broad,white,enlarging,two,evanescent,white,clustered,waste
poisonous,flat,scaly,yellow,no,foul,broad,pink,enlarging,one,large,chocolate,solitary,woods
poisonous,convex,scaly,gray,no,foul,broad,pink,enlarging,one,large,chocolate,several,paths
poisonous,convex,fibrous,yellow,no,foul,broad,chocolate,enlarging,one,large,chocolate,several,woods
poisonous,flat,fibrous,yellow,no,foul,broad,pink,enlarging,one,large,chocolate,several,paths
poisonous,flat,smooth,white,yes,foul,broad,chocolate,tapering,one,pendant,chocolate,several,urban
poisonous,convex,smooth,gray,no,creosote,narrow,pink,enlarging,one,pendant,brown,several,woods
poisonous,flat,scaly,yellow,no,foul,broad,gray,enlarging,one,large,chocolate,solitary,woods
edible,flat,scaly,purple,no,none,narrow,pink,enlarging,one,flaring,chocolate,several,woods
poisonous,convex,fibrous,yellow,no,foul,broad,gray,enlarging,one,large,chocolate,solitary,woods
poisonous,flat,scaly,gray,no,foul,broad,gray,enlarging,one,large,chocolate,solitary,woods
poisonous,convex,fibrous,yellow,no,foul,broad,gray,enlarging,one,large,chocolate,several,grasses
poisonous,convex,fibrous,yellow,no,foul,broad,chocolate,enlarging,one,large,chocolate,several,paths
poisonous,convex,smooth,gray,yes,foul,broad,pink,tapering,one,pendant,chocolate,scattered,urban
poisonous,flat,scaly,gray,no,foul,broad,gray,enlarging,one,large,chocolate,solitary,woods
poisonous,flat,fibrous,yellow,no,foul,broad,chocolate,enlarging,one,large,chocolate,solitary,paths
poisonous,flat,fibrous,yellow,no,foul,broad,gray,enlarging,one,large,chocolate,solitary,woods
poisonous,convex,scaly,gray,no,foul,broad,pink,enlarging,one,large,chocolate,several,woods
poisonous,convex,scaly,gray,no,foul,broad,gray,enlarging,one,large,chocolate,several,grasses
poisonous,convex,scaly,gray,no,foul,broad,chocolate,enlarging,one,large,chocolate,solitary,woods
poisonous,convex,fibrous,gray,no,foul,broad,pink,enlarging,one,large,chocolate,solitary,grasses
poisonous,convex,scaly,yellow,no,foul,broad,gray,enlarging,one,large,chocolate,solitary,paths
poisonous,flat,fibrous,gray,no,foul,broad,chocolate,enlarging,one,large,chocolate,several,grasses
poisonous,flat,fibrous,yellow,no,foul,broad,pink,enlarging,one,large,chocolate,solitary,woods
poisonous,convex,scaly,gray,no,foul,broad,chocolate,enlarging,one,large,chocolate,solitary,paths
poisonous,flat,fibrous,yellow,no,foul,broad,gray,enlarging,one,large,chocolate,several,paths
poisonous,convex,scaly,brown,no,spicy,narrow,buff,tapering,one,evanescent,white,several,leaves
poisonous,convex,fibrous,yellow,no,foul,broad,chocolate,enlarging,one,large,chocolate,solitary,paths
poisonous,convex,scaly,yellow,no,foul,broad,gray,enlarging,one,large,chocolate,several,paths
poisonous,flat,smooth,buff,yes,foul,broad,white,tapering,one,pendant,chocolate,several,grasses
poisonous,flat,fibrous,gray,no,foul,broad,chocolate,enlarging,one,large,chocolate,several,woods
poisonous,flat,scaly,yellow,no,foul,broad,chocolate,enlarging,one,large,chocolate,solitary,paths
poisonous,convex,fibrous,yellow,no,foul,broad,chocolate,enlarging,one,large,chocolate,solitary,paths
poisonous,flat,fibrous,gray,no,foul,broad,pink,enlarging,one,large,chocolate,several,woods
poisonous,convex,scaly,yellow,no,foul,broad,gray,enlarging,one,large,chocolate,solitary,woods
poisonous,convex,scaly,gray,no,foul,broad,pink,enlarging,one,large,chocolate,several,woods
poisonous,convex,scaly,red,no,fishy,narrow,buff,tapering,one,evanescent,white,several,leaves
edible,knobbed,scaly,buff,yes,none,broad,red,enlarging,two,evanescent,white,clustered,waste
edible,flat,scaly,buff,yes,none,broad,white,enlarging,two,evanescent,white,clustered,waste
poisonous,convex,scaly,gray,no,foul,broad,pink,enlarging,one,large,chocolate,solitary,woods
poisonous,flat,fibrous,yellow,no,foul,broad,gray,enlarging,one,large,chocolate,solitary,paths
poisonous,convex,scaly,gray,no,foul,broad,chocolate,enlarging,one,large,chocolate,solitary,grasses
poisonous,flat,scaly,gray,no,foul,broad,gray,enlarging,one,large,chocolate,solitary,grasses
poisonous,convex,smooth,buff,yes,foul,broad,white,tapering,one,pendant,chocolate,scattered,urban
poisonous,flat,scaly,yellow,no,foul,broad,chocolate,enlarging,one,large,chocolate,several,paths
poisonous,convex,smooth,white,yes,foul,broad,pink,tapering,one,pendant,chocolate,scattered,urban
poisonous,convex,fibrous,yellow,no,foul,broad,pink,enlarging,one,large,chocolate,several,paths
poisonous,convex,scaly,gray,no,foul,broad,pink,enlarging,one,large,chocolate,solitary,paths
poisonous,convex,smooth,white,yes,foul,broad,pink,tapering,one,pendant,chocolate,scattered,urban
poisonous,flat,smooth,buff,yes,foul,broad,pink,tapering,one,pendant,chocolate,scattered,grasses
poisonous,convex,smooth,white,yes,foul,broad,chocolate,tapering,one,pendant,chocolate,scattered,urban
poisonous,flat,fibrous,yellow,no,foul,broad,pink,enlarging,one,large,chocolate,solitary,woods
poisonous,flat,scaly,gray,no,foul,broad,gray,enlarging,one,large,chocolate,solitary,paths
poisonous,convex,fibrous,yellow,no,foul,broad,chocolate,enlarging,one,large,chocolate,several,grasses
poisonous,flat,fibrous,gray,no,foul,broad,chocolate,enlarging,one,large,chocolate,several,paths
edible,convex,scaly,white,no,none,narrow,purple,enlarging,one,flaring,chocolate,solitary,woods
edible,convex,smooth,red,yes,none,broad,red,enlarging,two,evanescent,white,clustered,waste
poisonous,convex,scaly,gray,no,foul,broad,pink,enlarging,one,large,chocolate,several,grasses
poisonous,flat,fibrous,gray,no,foul,broad,chocolate,enlarging,one,large,chocolate,several,grasses
poisonous,convex,scaly,brown,no,fishy,narrow,buff,tapering,one,evanescent,white,several,leaves
poisonous,convex,scaly,gray,no,foul,broad,chocolate,enlarging,one,large,chocolate,several,paths
poisonous,flat,fibrous,gray,no,foul,broad,chocolate,enlarging,one,large,chocolate,solitary,paths
poisonous,flat,fibrous,yellow,no,foul,broad,chocolate,enlarging,one,large,chocolate,several,paths
poisonous,flat,fibrous,yellow,no,foul,broad,chocolate,enlarging,one,large,chocolate,solitary,woods
edible,flat,fibrous,red,yes,none,broad,brown,tapering,one,pendant,brown,solitary,woods
poisonous,convex,scaly,yellow,no,foul,broad,pink,enlarging,one,large,chocolate,solitary,grasses
poisonous,flat,scaly,yellow,no,foul,broad,gray,enlarging,one,large,chocolate,several,woods
poisonous,flat,fibrous,gray,no,foul,broad,gray,enlarging,one,large,chocolate,several,paths
poisonous,convex,scaly,yellow,no,foul,broad,chocolate,enlarging,one,large,chocolate,solitary,grasses
poisonous,convex,fibrous,yellow,no,foul,broad,gray,enlarging,one,large,chocolate,solitary,paths
poisonous,knobbed,fibrous,yellow,no,none,narrow,white,enlarging,one,evanescent,white,several,woods
poisonous,flat,fibrous,yellow,no,foul,broad,chocolate,enlarging,one,large,chocolate,solitary,grasses
edible,knobbed,fibrous,cinnamon,no,none,narrow,white,enlarging,one,evanescent,white,several,leaves
poisonous,flat,fibrous,gray,no,foul,broad,chocolate,enlarging,one,large,chocolate,several,paths
poisonous,flat,scaly,yellow,no,foul,broad,chocolate,enlarging,one,large,chocolate,solitary,paths
poisonous,convex,scaly,gray,no,foul,broad,gray,enlarging,one,large,chocolate,several,woods
poisonous,convex,scaly,gray,no,foul,broad,pink,enlarging,one,large,chocolate,several,paths
poisonous,flat,fibrous,yellow,no,foul,broad,chocolate,enlarging,one,large,chocolate,several,grasses
poisonous,flat,scaly,yellow,no,foul,broad,chocolate,enlarging,one,large,chocolate,several,woods
poisonous,convex,fibrous,yellow,no,foul,broad,pink,enlarging,one,large,chocolate,solitary,woods
poisonous,flat,fibrous,yellow,no,foul,broad,pink,enlarging,one,large,chocolate,several,paths
poisonous,convex,scaly,yellow,no,foul,broad,gray,enlarging,one,large,chocolate,solitary,woods
poisonous,bell,scaly,pink,yes,none,broad,white,enlarging,two,pendant,green,several,grasses
edible,knobbed,scaly,pink,yes,none,broad,red,enlarging,two,evanescent,white,clustered,waste
poisonous,convex,scaly,yellow,no,foul,broad,gray,enlarging,one,large,chocolate,several,paths
poisonous,convex,fibrous,yellow,no,foul,broad,pink,enlarging,one,large,chocolate,several,grasses
edible,knobbed,scaly,buff,yes,none,broad,red,enlarging,two,evanescent,white,clustered,waste
poisonous,flat,scaly,yellow,no,foul,broad,pink,enlarging,one,large,chocolate,solitary,woods
poisonous,convex,smooth,white,yes,foul,broad,pink,tapering,one,pendant,chocolate,scattered,urban
poisonous,convex,scaly,brown,no,spicy,narrow,buff,tapering,one,evanescent,white,several,paths
poisonous,convex,scaly,brown,no,fishy,narrow,buff,tapering,one,evanescent,white,several,woods
poisonous,convex,scaly,red,no,fishy,narrow,buff,tapering,one,evanescent,white,several,paths
poisonous,flat,grooves,white,yes,none,narrow,white,enlarging,one,pendant,white,clustered,leaves
poisonous,convex,smooth,gray,yes,foul,broad,pink,tapering,one,pendant,chocolate,several,urban
edible,flat,scaly,cinnamon,no,none,narrow,white,enlarging,one,evanescent,white,several,leaves
poisonous,convex,scaly,gray,no,foul,broad,pink,enlarging,one,large,chocolate,solitary,grasses
poisonous,flat,scaly,yellow,no,foul,broad,gray,enlarging,one,large,chocolate,several,woods
poisonous,flat,scaly,yellow,no,foul,broad,pink,enlarging,one,large,chocolate,solitary,paths
edible,flat,scaly,pink,yes,none,broad,white,enlarging,two,evanescent,white,clustered,waste
poisonous,convex,smooth,buff,yes,foul,broad,white,tapering,one,pendant,chocolate,several,grasses
poisonous,convex,smooth,gray,yes,foul,broad,chocolate,tapering,one,pendant,chocolate,scattered,grasses
poisonous,convex,scaly,red,no,fishy,narrow,buff,tapering,one,evanescent,white,several,paths
edible,knobbed,scaly,cinnamon,no,none,narrow,white,enlarging,one,evanescent,white,several,leaves
poisonous,convex,smooth,white,yes,foul,broad,white,tapering,one,pendant,chocolate,scattered,urban
poisonous,convex,smooth,white,yes,foul,broad,chocolate,tapering,one,pendant,chocolate,several,grasses
poisonous,flat,smooth,buff,yes,foul,broad,white,tapering,one,pendant,chocolate,several,urban
poisonous,flat,smooth,buff,yes,foul,broad,pink,tapering,one,pendant,chocolate,several,grasses
edible,knobbed,scaly,cinnamon,no,none,narrow,white,enlarging,one,evanescent,white,several,leaves
poisonous,convex,scaly,gray,no,foul,broad,gray,enlarging,one,large,chocolate,several,woods
poisonous,flat,smooth,white,yes,foul,broad,chocolate,tapering,one,pendant,chocolate,several,grasses
poisonous,flat,smooth,gray,yes,foul,broad,white,tapering,one,pendant,chocolate,scattered,urban
poisonous,conical,grooves,white,yes,none,narrow,white,enlarging,one,pendant,white,clustered,leaves
poisonous,convex,smooth,gray,yes,foul,broad,pink,tapering,one,pendant,chocolate,scattered,urban
poisonous,bell,grooves,white,yes,none,narrow,white,enlarging,one,pendant,white,clustered,leaves
poisonous,convex,smooth,buff,yes,foul,broad,pink,tapering,one,pendant,chocolate,several,grasses
poisonous,flat,smooth,white,yes,foul,broad,chocolate,tapering,one,pendant,chocolate,scattered,urban
poisonous,bell,fibrous,yellow,no,none,narrow,white,enlarging,one,evanescent,white,several,woods
poisonous,convex,scaly,brown,no,spicy,narrow,buff,tapering,one,evanescent,white,several,woods
poisonous,convex,scaly,brown,no,fishy,narrow,buff,tapering,one,evanescent,white,several,woods
edible,knobbed,smooth,brown,yes,none,broad,white,enlarging,two,evanescent,white,clustered,waste
edible,knobbed,scaly,buff,yes,none,broad,white,enlarging,two,evanescent,white,clustered,waste
poisonous,flat,smooth,white,yes,foul,broad,white,tapering,one,pendant,chocolate,several,grasses
poisonous,flat,smooth,buff,yes,none,broad,white,enlarging,two,pendant,green,several,meadows
poisonous,flat,scaly,yellow,no,foul,broad,pink,enlarging,one,large,chocolate,solitary,paths
poisonous,convex,scaly,gray,no,foul,broad,pink,enlarging,one,large,chocolate,solitary,grasses
poisonous,flat,smooth,buff,yes,none,broad,green,enlarging,two,pendant,green,several,grasses
poisonous,convex,scaly,brown,no,foul,narrow,buff,tapering,one,evanescent,white,several,paths
poisonous,convex,scaly,red,no,fishy,narrow,buff,tapering,one,evanescent,white,several,paths
poisonous,flat,fibrous,gray,no,foul,broad,pink,enlarging,one,large,chocolate,solitary,woods
edible,convex,smooth,red,yes,none,broad,red,enlarging,two,evanescent,white,clustered,waste
poisonous,convex,scaly,brown,no,foul,narrow,buff,tapering,one,evanescent,white,several,leaves
poisonous,convex,fibrous,yellow,no,foul,broad,gray,enlarging,one,large,chocolate,solitary,grasses
poisonous,convex,scaly,brown,no,fishy,narrow,buff,tapering,one,evanescent,white,several,woods
edible,flat,fibrous,brown,no,none,narrow,white,enlarging,one,evanescent,white,several,leaves
poisonous,convex,scaly,brown,no,foul,narrow,buff,tapering,one,evanescent,white,several,paths
edible,convex,smooth,buff,yes,none,broad,red,enlarging,two,evanescent,white,clustered,waste
edible,flat,scaly,brown,yes,none,broad,white,enlarging,two,evanescent,white,clustered,waste
poisonous,flat,scaly,yellow,no,foul,broad,gray,enlarging,one,large,chocolate,solitary,paths
poisonous,flat,scaly,buff,yes,none,broad,green,enlarging,two,pendant,green,several,meadows
poisonous,convex,scaly,brown,no,none,narrow,white,enlarging,one,evanescent,white,several,woods
poisonous,convex,scaly,brown,no,fishy,narrow,buff,tapering,one,evanescent,white,several,leaves
poisonous,convex,smooth,buff,yes,foul,broad,white,tapering,one,pendant,chocolate,scattered,grasses
poisonous,convex,smooth,buff,yes,foul,broad,chocolate,tapering,one,pendant,chocolate,several,grasses
poisonous,flat,scaly,yellow,no,foul,broad,chocolate,enlarging,one,large,chocolate,solitary,paths
poisonous,flat,smooth,gray,yes,foul,broad,white,tapering,one,pendant,chocolate,several,grasses
poisonous,convex,scaly,brown,no,foul,narrow,buff,tapering,one,evanescent,white,several,leaves
poisonous,convex,smooth,buff,yes,foul,broad,pink,tapering,one,pendant,chocolate,several,grasses
poisonous,flat,fibrous,brown,no,none,narrow,white,enlarging,one,evanescent,white,several,woods
edible,convex,scaly,red,yes,none,broad,white,enlarging,two,evanescent,white,clustered,waste
poisonous,flat,smooth,buff,yes,foul,broad,white,tapering,one,pendant,chocolate,scattered,grasses
poisonous,flat,smooth,white,yes,foul,broad,pink,tapering,one,pendant,chocolate,scattered,grasses
edible,knobbed,scaly,red,yes,none,broad,white,enlarging,two,evanescent,white,clustered,waste
poisonous,convex,fibrous,yellow,no,foul,broad,pink,enlarging,one,large,chocolate,solitary,paths
poisonous,convex,fibrous,brown,no,none,narrow,white,enlarging,one,evanescent,white,several,woods
edible,convex,scaly,brown,yes,none,broad,red,enlarging,two,evanescent,white,clustered,waste
poisonous,convex,scaly,gray,no,foul,broad,pink,enlarging,one,large,chocolate,solitary,grasses
poisonous,flat,smooth,buff,yes,foul,broad,chocolate,tapering,one,pendant,chocolate,several,grasses
poisonous,flat,smooth,buff,yes,foul,broad,chocolate,tapering,one,pendant,chocolate,scattered,grasses
poisonous,flat,scaly,yellow,no,foul,broad,chocolate,enlarging,one,large,chocolate,several,grasses
poisonous,flat,scaly,yellow,no,foul,broad,chocolate,enlarging,one,large,chocolate,several,woods
edible,convex,smooth,pink,yes,none,broad,white,enlarging,two,evanescent,white,clustered,waste
edible,flat,smooth,pink,yes,none,broad,red,enlarging,two,evanescent,white,clustered,waste
poisonous,bell,scaly,white,yes,none,broad,green,enlarging,two,pendant,green,several,grasses
edible,convex,scaly,cinnamon,no,none,narrow,white,enlarging,one,evanescent,white,several,leaves
edible,flat,smooth,brown,yes,none,broad,white,enlarging,two,evanescent,white,clustered,waste
poisonous,convex,smooth,buff,yes,foul,broad,chocolate,tapering,one,pendant,chocolate,several,urban
poisonous,convex,smooth,gray,yes,foul,broad,white,tapering,one,pendant,chocolate,several,grasses
poisonous,flat,scaly,yellow,no,foul,broad,gray,enlarging,one,large,chocolate,solitary,woods
poisonous,convex,smooth,buff,yes,foul,broad,white,tapering,one,pendant,chocolate,several,urban
poisonous,convex,smooth,white,yes,foul,broad,pink,tapering,one,pendant,chocolate,scattered,grasses
edible,flat,scaly,cinnamon,no,none,narrow,white,enlarging,one,evanescent,white,several,leaves
poisonous,convex,scaly,red,no,fishy,narrow,buff,tapering,one,evanescent,white,several,woods
poisonous,flat,fibrous,yellow,no,foul,broad,chocolate,enlarging,one,large,chocolate,solitary,woods
edible,convex,scaly,white,no,none,narrow,chocolate,enlarging,one,flaring,chocolate,several,woods
poisonous,convex,scaly,yellow,no,foul,broad,pink,enlarging,one,large,chocolate,several,paths
poisonous,flat,scaly,pink,yes,none,broad,white,enlarging,two,pendant,green,several,grasses
poisonous,flat,smooth,gray,yes,foul,broad,chocolate,tapering,one,pendant,chocolate,several,urban
poisonous,convex,scaly,brown,no,spicy,narrow,buff,tapering,one,evanescent,white,several,woods
edible,knobbed,smooth,pink,yes,none,broad,white,enlarging,two,evanescent,white,clustered,waste
poisonous,convex,scaly,brown,no,foul,narrow,buff,tapering,one,evanescent,white,several,leaves
poisonous,convex,scaly,gray,no,foul,broad,gray,enlarging,one,large,chocolate,several,paths
poisonous,flat,smooth,buff,yes,foul,broad,chocolate,tapering,one,pendant,chocolate,scattered,urban
edible,knobbed,scaly,pink,yes,none,broad,red,enlarging,two,evanescent,white,clustered,waste
poisonous,convex,fibrous,yellow,no,foul,broad,chocolate,enlarging,one,large,chocolate,several,paths
poisonous,flat,scaly,gray,no,foul,broad,gray,enlarging,one,large,chocolate,several,grasses
poisonous,flat,fibrous,gray,no,foul,broad,gray,enlarging,one,large,chocolate,solitary,woods
poisonous,convex,smooth,buff,yes,foul,broad,pink,tapering,one,pendant,chocolate,scattered,grasses
poisonous,convex,scaly,brown,no,foul,narrow,buff,tapering,one,evanescent,white,several,paths
poisonous,convex,scaly,yellow,no,foul,broad,pink,enlarging,one,large,chocolate,several,woods
poisonous,flat,fibrous,yellow,no,foul,broad,chocolate,enlarging,one,large,chocolate,several,woods
poisonous,flat,fibrous,brown,no,none,narrow,white,enlarging,one,evanescent,white,several,woods
edible,knobbed,smooth,buff,yes,none,broad,white,enlarging,two,evanescent,white,clustered,waste
poisonous,flat,scaly,yellow,no,foul,broad,chocolate,enlarging,one,large,chocolate,several,grasses
poisonous,convex,scaly,red,no,fishy,narrow,buff,tapering,one,evanescent,white,several,leaves
poisonous,convex,smooth,gray,yes,foul,broad,chocolate,tapering,one,pendant,chocolate,scattered,urban
edible,flat,smooth,brown,yes,none,broad,red,enlarging,two,evanescent,white,clustered,waste
poisonous,convex,scaly,gray,no,foul,broad,gray,enlarging,one,large,chocolate,several,paths
poisonous,convex,scaly,brown,no,fishy,narrow,buff,tapering,one,evanescent,white,several,woods
poisonous,convex,smooth,gray,yes,foul,broad,pink,tapering,one,pendant,chocolate,several,urban
poisonous,convex,smooth,gray,yes,foul,broad,chocolate,tapering,one,pendant,chocolate,several,grasses
poisonous,flat,scaly,pink,yes,none,broad,white,enlarging,two,pendant,green,several,meadows
edible,knobbed,scaly,buff,yes,none,broad,white,enlarging,two,evanescent,white,clustered,waste
poisonous,convex,smooth,white,yes,foul,broad,white,tapering,one,pendant,chocolate,several,urban
poisonous,convex,scaly,brown,no,fishy,narrow,buff,tapering,one,evanescent,white,several,woods
edible,knobbed,scaly,brown,yes,none,broad,white,enlarging,two,evanescent,white,clustered,waste
poisonous,flat,scaly,yellow,no,foul,broad,gray,enlarging,one,large,chocolate,solitary,woods
edible,convex,scaly,pink,yes,none,broad,white,enlarging,two,evanescent,white,clustered,waste
poisonous,flat,smooth,gray,yes,foul,broad,pink,tapering,one,pendant,chocolate,scattered,urban
edible,convex,smooth,pink,yes,none,broad,red,enlarging,two,evanescent,white,clustered,waste
poisonous,bell,scaly,brown,no,none,narrow,white,enlarging,one,evanescent,white,several,woods
poisonous,flat,smooth,buff,yes,foul,broad,chocolate,tapering,one,pendant,chocolate,several,grasses
poisonous,convex,scaly,brown,no,foul,narrow,buff,tapering,one,evanescent,white,several,paths
poisonous,convex,scaly,brown,no,foul,narrow,buff,tapering,one,evanescent,white,several,woods
poisonous,convex,smooth,buff,yes,foul,broad,white,tapering,one,pendant,chocolate,scattered,urban
poisonous,convex,scaly,brown,no,foul,narrow,buff,tapering,one,evanescent,white,several,leaves
edible,knobbed,scaly,pink,yes,none,broad,white,enlarging,two,evanescent,white,clustered,waste
edible,knobbed,fibrous,cinnamon,no,none,narrow,white,enlarging,one,evanescent,white,several,leaves
poisonous,convex,scaly,yellow,no,foul,broad,chocolate,enlarging,one,large,chocolate,several,grasses
edible,convex,smooth,brown,yes,none,broad,white,enlarging,two,evanescent,white,clustered,waste
poisonous,flat,fibrous,gray,no,foul,broad,pink,enlarging,one,large,chocolate,solitary,paths
poisonous,flat,scaly,yellow,no,foul,broad,pink,enlarging,one,large,chocolate,several,woods
poisonous,flat,smooth,gray,yes,foul,broad,white,tapering,one,pendant,chocolate,several,urban
poisonous,knobbed,scaly,white,yes,none,narrow,white,enlarging,one,pendant,white,clustered,leaves
edible,knobbed,fibrous,brown,no,none,narrow,white,enlarging,one,evanescent,white,several,leaves
poisonous,knobbed,fibrous,yellow,no,none,narrow,white,enlarging,one,evanescent,white,several,woods
poisonous,flat,smooth,white,yes,foul,broad,white,tapering,one,pendant,chocolate,scattered,grasses
poisonous,flat,scaly,yellow,no,none,narrow,white,enlarging,one,evanescent,white,several,woods
poisonous,flat,scaly,yellow,no,foul,broad,gray,enlarging,one,large,chocolate,several,woods
edible,knobbed,smooth,buff,yes,none,broad,red,enlarging,two,evanescent,white,clustered,waste
poisonous,flat,scaly,yellow,no,foul,broad,pink,enlarging,one,large,chocolate,several,paths
poisonous,convex,scaly,brown,no,fishy,narrow,buff,tapering,one,evanescent,white,several,paths
poisonous,convex,scaly,yellow,no,foul,broad,chocolate,enlarging,one,large,chocolate,solitary,woods
poisonous,convex,scaly,yellow,no,foul,broad,pink,enlarging,one,large,chocolate,several,paths
poisonous,bell,scaly,white,yes,none,broad,white,enlarging,two,pendant,green,several,grasses
poisonous,flat,scaly,yellow,no,foul,broad,gray,enlarging,one,large,chocolate,solitary,grasses
poisonous,convex,smooth,white,yes,foul,broad,pink,tapering,one,pendant,chocolate,several,grasses
poisonous,convex,smooth,buff,yes,foul,broad,white,tapering,one,pendant,chocolate,several,grasses
edible,knobbed,scaly,buff,yes,none,broad,white,enlarging,two,evanescent,white,clustered,waste
poisonous,flat,scaly,yellow,no,foul,broad,gray,enlarging,one,large,chocolate,several,paths
poisonous,convex,smooth,buff,yes,foul,broad,pink,tapering,one,pendant,chocolate,scattered,grasses
poisonous,bell,scaly,buff,yes,none,broad,white,enlarging,two,pendant,green,several,meadows
poisonous,convex,smooth,white,yes,foul,broad,white,tapering,one,pendant,chocolate,several,grasses
edible,knobbed,smooth,brown,yes,none,broad,white,enlarging,two,evanescent,white,clustered,waste
poisonous,flat,smooth,gray,yes,foul,broad,white,tapering,one,pendant,chocolate,scattered,urban
poisonous,convex,fibrous,yellow,no,none,narrow,white,enlarging,one,evanescent,white,several,woods
poisonous,flat,smooth,gray,yes,foul,broad,pink,tapering,one,pendant,chocolate,several,grasses
poisonous,flat,scaly,yellow,no,foul,broad,gray,enlarging,one,large,chocolate,solitary,woods
poisonous,knobbed,scaly,brown,no,none,narrow,white,enlarging,one,evanescent,white,several,woods
poisonous,flat,smooth,buff,yes,foul,broad,pink,tapering,one,pendant,chocolate,scattered,urban
edible,flat,smooth,red,yes,none,broad,white,enlarging,two,evanescent,white,clustered,waste
poisonous,convex,scaly,brown,no,foul,narrow,buff,tapering,one,evanescent,white,several,woods
poisonous,convex,scaly,brown,no,fishy,narrow,buff,tapering,one,evanescent,white,several,woods
poisonous,convex,scaly,brown,no,fishy,narrow,buff,tapering,one,evanescent,white,several,leaves
poisonous,convex,smooth,white,yes,foul,broad,chocolate,tapering,one,pendant,chocolate,several,urban
edible,knobbed,smooth,brown,yes,none,broad,red,enlarging,two,evanescent,white,clustered,waste
poisonous,flat,scaly,gray,no,foul,broad,pink,enlarging,one,large,chocolate,solitary,grasses
edible,convex,smooth,buff,yes,none,broad,red,enlarging,two,evanescent,white,clustered,waste
poisonous,flat,smooth,white,yes,foul,broad,white,tapering,one,pendant,chocolate,scattered,urban
edible,knobbed,fibrous,brown,no,none,narrow,white,enlarging,one,evanescent,white,several,leaves
poisonous,convex,scaly,brown,no,spicy,narrow,buff,tapering,one,evanescent,white,several,leaves
poisonous,flat,smooth,white,yes,foul,broad,chocolate,tapering,one,pendant,chocolate,several,grasses
poisonous,convex,smooth,gray,yes,foul,broad,chocolate,tapering,one,pendant,chocolate,several,urban
poisonous,knobbed,scaly,yellow,no,none,narrow,white,enlarging,one,evanescent,white,several,woods
poisonous,flat,smooth,white,yes,none,broad,white,enlarging,two,pendant,green,several,meadows
poisonous,flat,fibrous,yellow,no,foul,broad,gray,enlarging,one,large,chocolate,solitary,paths
edible,knobbed,scaly,pink,yes,none,broad,white,enlarging,two,evanescent,white,clustered,waste
poisonous,flat,scaly,white,yes,none,narrow,white,enlarging,one,pendant,white,clustered,leaves
poisonous,flat,smooth,buff,yes,foul,broad,pink,tapering,one,pendant,chocolate,several,urban
edible,flat,scaly,white,no,none,narrow,purple,enlarging,one,flaring,chocolate,solitary,woods
edible,convex,scaly,green,no,none,narrow,white,enlarging,one,flaring,chocolate,several,woods
edible,convex,smooth,buff,yes,none,broad,white,enlarging,two,evanescent,white,clustered,waste
poisonous,flat,smooth,gray,yes,foul,broad,chocolate,tapering,one,pendant,chocolate,several,grasses
poisonous,convex,scaly,red,no,fishy,narrow,buff,tapering,one,evanescent,white,several,woods
poisonous,flat,scaly,yellow,no,foul,broad,gray,enlarging,one,large,chocolate,solitary,paths
poisonous,flat,smooth,gray,yes,foul,broad,white,tapering,one,pendant,chocolate,scattered,grasses
poisonous,flat,smooth,buff,yes,foul,broad,chocolate,tapering,one,pendant,chocolate,scattered,grasses
edible,flat,smooth,red,yes,none,broad,red,enlarging,two,evanescent,white,clustered,waste
poisonous,convex,scaly,red,no,fishy,narrow,buff,tapering,one,evanescent,white,several,woods
poisonous,flat,fibrous,gray,no,foul,broad,pink,enlarging,one,large,chocolate,solitary,grasses
poisonous,flat,scaly,yellow,no,foul,broad,gray,enlarging,one,large,chocolate,solitary,woods
edible,convex,smooth,brown,yes,none,broad,red,enlarging,two,evanescent,white,clustered,waste
poisonous,flat,smooth,gray,yes,foul,broad,pink,tapering,one,pendant,chocolate,scattered,grasses
poisonous,convex,scaly,brown,no,spicy,narrow,buff,tapering,one,evanescent,white,several,leaves
poisonous,flat,smooth,white,yes,foul,broad,pink,tapering,one,pendant,chocolate,scattered,grasses
edible,convex,fibrous,cinnamon,no,none,narrow,white,enlarging,one,evanescent,white,several,leaves
poisonous,flat,smooth,gray,yes,foul,broad,white,tapering,one,pendant,chocolate,several,grasses
poisonous,flat,fibrous,gray,no,foul,broad,pink,enlarging,one,large,chocolate,several,paths
edible,convex,scaly,green,no,none,narrow,white,enlarging,one,flaring,chocolate,solitary,woods
poisonous,convex,fibrous,yellow,no,foul,broad,gray,enlarging,one,large,chocolate,several,paths
poisonous,convex,scaly,brown,no,foul,narrow,buff,tapering,one,evanescent,white,several,leaves
poisonous,convex,scaly,brown,no,spicy,narrow,buff,tapering,one,evanescent,white,several,leaves
edible,flat,scaly,red,yes,none,broad,white,enlarging,two,evanescent,white,clustered,waste
poisonous,convex,smooth,gray,yes,foul,broad,white,tapering,one,pendant,chocolate,several,urban
edible,knobbed,scaly,brown,yes,none,broad,white,enlarging,two,evanescent,white,clustered,waste
edible,flat,scaly,red,yes,none,broad,red,enlarging,two,evanescent,white,clustered,waste
poisonous,convex,scaly,brown,no,foul,narrow,buff,tapering,one,evanescent,white,several,paths
poisonous,bell,scaly,brown,no,none,narrow,white,enlarging,one,evanescent,white,several,woods
poisonous,convex,scaly,brown,no,spicy,narrow,buff,tapering,one,evanescent,white,several,paths
edible,flat,scaly,buff,yes,none,broad,red,enlarging,two,evanescent,white,clustered,waste
poisonous,convex,smooth,white,yes,foul,broad,chocolate,tapering,one,pendant,chocolate,several,grasses
poisonous,flat,scaly,yellow,no,foul,broad,pink,enlarging,one,large,chocolate,several,grasses
edible,flat,scaly,brown,yes,none,broad,white,enlarging,two,evanescent,white,clustered,waste
poisonous,bell,scaly,white,yes,none,broad,gray,enlarging,two,pendant,green,several,meadows
edible,convex,scaly,brown,no,none,narrow,white,enlarging,one,evanescent,white,several,leaves
poisonous,flat,scaly,yellow,no,foul,broad,gray,enlarging,one,large,chocolate,several,paths
poisonous,convex,smooth,buff,yes,foul,broad,chocolate,tapering,one,pendant,chocolate,scattered,grasses
poisonous,convex,scaly,brown,no,spicy,narrow,buff,tapering,one,evanescent,white,several,leaves
poisonous,convex,smooth,gray,yes,foul,broad,chocolate,tapering,one,pendant,chocolate,scattered,urban
poisonous,flat,smooth,gray,yes,foul,broad,white,tapering,one,pendant,chocolate,scattered,urban
poisonous,convex,scaly,brown,no,foul,narrow,buff,tapering,one,evanescent,white,several,paths
edible,flat,scaly,white,no,none,narrow,pink,enlarging,one,flaring,chocolate,several,woods
poisonous,convex,scaly,brown,no,spicy,narrow,buff,tapering,one,evanescent,white,several,leaves
poisonous,flat,fibrous,gray,no,foul,broad,gray,enlarging,one,large,chocolate,several,grasses
poisonous,convex,scaly,red,no,fishy,narrow,buff,tapering,one,evanescent,white,several,leaves
poisonous,convex,smooth,white,yes,foul,broad,white,tapering,one,pendant,chocolate,several,grasses
poisonous,flat,scaly,gray,no,foul,broad,pink,enlarging,one,large,chocolate,several,woods
poisonous,convex,smooth,white,yes,foul,broad,chocolate,tapering,one,pendant,chocolate,scattered,urban
poisonous,knobbed,scaly,yellow,no,none,narrow,white,enlarging,one,evanescent,white,several,woods
poisonous,flat,smooth,white,yes,foul,broad,white,tapering,one,pendant,chocolate,several,urban
poisonous,flat,smooth,gray,yes,foul,broad,chocolate,tapering,one,pendant,chocolate,several,urban
edible,convex,scaly,cinnamon,no,none,narrow,white,enlarging,one,evanescent,white,several,leaves
poisonous,convex,smooth,white,yes,foul,broad,chocolate,tapering,one,pendant,chocolate,several,urban
poisonous,convex,scaly,brown,no,spicy,narrow,buff,tapering,one,evanescent,white,several,paths
poisonous,flat,scaly,pink,yes,none,broad,green,enlarging,two,pendant,green,several,grasses
poisonous,flat,scaly,yellow,no,foul,broad,pink,enlarging,one,large,chocolate,solitary,paths
edible,convex,smooth,pink,yes,none,broad,red,enlarging,two,evanescent,white,clustered,waste
poisonous,flat,scaly,buff,yes,none,broad,green,enlarging,two,pendant,green,several,grasses
poisonous,convex,fibrous,yellow,no,none,narrow,white,enlarging,one,evanescent,white,several,woods
poisonous,flat,scaly,yellow,no,foul,broad,chocolate,enlarging,one,large,chocolate,solitary,paths
edible,flat,fibrous,brown,no,none,narrow,white,enlarging,one,evanescent,white,several,leaves
edible,convex,fibrous,brown,no,none,narrow,white,enlarging,one,evanescent,white,several,leaves
poisonous,convex,scaly,brown,no,fishy,narrow,buff,tapering,one,evanescent,white,several,leaves
poisonous,flat,smooth,gray,yes,foul,broad,pink,tapering,one,pendant,chocolate,several,urban
poisonous,convex,smooth,buff,yes,foul,broad,chocolate,tapering,one,pendant,chocolate,scattered,urban
poisonous,flat,smooth,gray,yes,foul,broad,white,tapering,one,pendant,chocolate,several,grasses
poisonous,convex,smooth,buff,yes,foul,broad,chocolate,tapering,one,pendant,chocolate,scattered,grasses
edible,convex,scaly,green,no,none,narrow,chocolate,enlarging,one,flaring,chocolate,several,woods
poisonous,flat,scaly,yellow,no,foul,broad,chocolate,enlarging,one,large,chocolate,solitary,woods
poisonous,flat,smooth,gray,yes,foul,broad,chocolate,tapering,one,pendant,chocolate,scattered,urban
poisonous,convex,scaly,brown,no,foul,narrow,buff,tapering,one,evanescent,white,several,paths
poisonous,flat,scaly,yellow,no,foul,broad,chocolate,enlarging,one,large,chocolate,solitary,grasses
poisonous,flat,smooth,white,yes,foul,broad,white,tapering,one,pendant,chocolate,several,urban
poisonous,convex,smooth,white,yes,foul,broad,white,tapering,one,pendant,chocolate,scattered,urban
poisonous,flat,scaly,gray,no,foul,broad,pink,enlarging,one,large,chocolate,solitary,paths
poisonous,flat,scaly,yellow,no,foul,broad,chocolate,enlarging,one,large,chocolate,solitary,paths
poisonous,convex,scaly,brown,no,foul,narrow,buff,tapering,one,evanescent,white,several,woods
poisonous,convex,scaly,yellow,no,none,narrow,white,enlarging,one,evanescent,white,several,woods
edible,flat,smooth,brown,yes,none,broad,red,enlarging,two,evanescent,white,clustered,waste
poisonous,flat,scaly,yellow,no,foul,broad,pink,enlarging,one,large,chocolate,solitary,woods
poisonous,flat,smooth,gray,yes,foul,broad,chocolate,tapering,one,pendant,chocolate,scattered,urban
poisonous,convex,scaly,brown,no,fishy,narrow,buff,tapering,one,evanescent,white,several,leaves
poisonous,flat,scaly,yellow,no,foul,broad,chocolate,enlarging,one,large,chocolate,several,woods
poisonous,flat,scaly,yellow,no,foul,broad,gray,enlarging,one,large,chocolate,solitary,woods
poisonous,flat,smooth,white,yes,foul,broad,chocolate,tapering,one,pendant,chocolate,scattered,urban
poisonous,flat,smooth,pink,yes,none,broad,white,enlarging,two,pendant,green,several,meadows
poisonous,flat,scaly,yellow,no,foul,broad,chocolate,enlarging,one,large,chocolate,solitary,grasses
edible,knobbed,smooth,pink,yes,none,broad,white,enlarging,two,evanescent,white,clustered,waste
poisonous,convex,smooth,buff,yes,foul,broad,chocolate,tapering,one,pendant,chocolate,scattered,grasses
poisonous,convex,smooth,white,yes,foul,broad,pink,tapering,one,pendant,chocolate,scattered,grasses
poisonous,convex,smooth,white,yes,foul,broad,chocolate,tapering,one,pendant,chocolate,scattered,grasses
poisonous,convex,scaly,brown,no,foul,narrow,buff,tapering,one,evanescent,white,several,woods
poisonous,bell,scaly,pink,yes,none,broad,green,enlarging,two,pendant,green,several,meadows
poisonous,convex,smooth,buff,yes,foul,broad,chocolate,tapering,one,pendant,chocolate,scattered,urban
edible,convex,scaly,pink,yes,none,broad,white,enlarging,two,evanescent,white,clustered,waste
poisonous,convex,scaly,brown,no,spicy,narrow,buff,tapering,one,evanescent,white,several,paths
poisonous,convex,scaly,yellow,no,foul,broad,pink,enlarging,one,large,chocolate,several,paths
poisonous,convex,smooth,white,yes,foul,broad,pink,tapering,one,pendant,chocolate,several,urban
edible,flat,scaly,buff,yes,none,broad,red,enlarging,two,evanescent,white,clustered,waste
poisonous,flat,smooth,buff,yes,foul,broad,white,tapering,one,pendant,chocolate,several,urban
edible,convex,fibrous,cinnamon,no,none,narrow,white,enlarging,one,evanescent,white,several,leaves
edible,flat,smooth,pink,yes,none,broad,red,enlarging,two,evanescent,white,clustered,waste
edible,convex,scaly,brown,no,none,narrow,white,enlarging,one,evanescent,white,several,leaves
edible,flat,smooth,pink,yes,none,broad,white,enlarging,two,evanescent,white,clustered,waste
poisonous,flat,smooth,gray,yes,foul,broad,white,tapering,one,pendant,chocolate,several,urban
edible,knobbed,smooth,red,yes,none,broad,white,enlarging,two,evanescent,white,clustered,waste
edible,knobbed,scaly,red,yes,none,broad,white,enlarging,two,evanescent,white,clustered,waste
poisonous,flat,smooth,white,yes,foul,broad,pink,tapering,one,pendant,chocolate,several,grasses
edible,knobbed,smooth,buff,yes,none,broad,red,enlarging,two,evanescent,white,clustered,waste
poisonous,convex,smooth,buff,yes,foul,broad,pink,tapering,one,pendant,chocolate,several,grasses
poisonous,bell,scaly,yellow,no,none,narrow,white,enlarging,one,evanescent,white,several,woods
poisonous,convex,smooth,white,yes,foul,broad,chocolate,tapering,one,pendant,chocolate,scattered,urban
poisonous,convex,fibrous,yellow,no,foul,broad,chocolate,enlarging,one,large,chocolate,several,grasses
poisonous,flat,scaly,yellow,no,foul,broad,pink,enlarging,one,large,chocolate,solitary,paths
poisonous,bell,fibrous,brown,no,none,narrow,white,enlarging,one,evanescent,white,several,woods
poisonous,flat,scaly,yellow,no,foul,broad,pink,enlarging,one,large,chocolate,solitary,paths
poisonous,flat,scaly,yellow,no,foul,broad,pink,enlarging,one,large,chocolate,several,paths
edible,flat,scaly,cinnamon,no,none,narrow,white,enlarging,one,evanescent,white,several,leaves
poisonous,convex,scaly,red,no,fishy,narrow,buff,tapering,one,evanescent,white,several,woods
poisonous,flat,smooth,white,yes,foul,broad,chocolate,tapering,one,pendant,chocolate,scattered,grasses
poisonous,convex,scaly,brown,no,foul,narrow,buff,tapering,one,evanescent,white,several,paths
poisonous,bell,scaly,pink,yes,none,broad,green,enlarging,two,pendant,green,several,grasses
poisonous,flat,scaly,yellow,no,foul,broad,gray,enlarging,one,large,chocolate,solitary,woods
poisonous,convex,smooth,buff,yes,foul,broad,white,tapering,one,pendant,chocolate,scattered,grasses
poisonous,flat,scaly,yellow,no,foul,broad,gray,enlarging,one,large,chocolate,several,paths
poisonous,flat,smooth,buff,yes,foul,broad,pink,tapering,one,pendant,chocolate,scattered,grasses
poisonous,flat,smooth,buff,yes,foul,broad,chocolate,tapering,one,pendant,chocolate,scattered,urban
poisonous,convex,scaly,brown,no,fishy,narrow,buff,tapering,one,evanescent,white,several,paths
poisonous,flat,scaly,yellow,no,foul,broad,chocolate,enlarging,one,large,chocolate,several,paths
edible,convex,smooth,brown,yes,none,broad,red,enlarging,two,evanescent,white,clustered,waste
poisonous,flat,scaly,yellow,no,foul,broad,gray,enlarging,one,large,chocolate,several,grasses
edible,flat,smooth,buff,yes,none,broad,red,enlarging,two,evanescent,white,clustered,waste
edible,flat,smooth,red,yes,none,broad,white,enlarging,two,evanescent,white,clustered,waste
edible,convex,smooth,brown,yes,none,broad,red,enlarging,two,evanescent,white,clustered,waste
poisonous,flat,smooth,white,yes,foul,broad,pink,tapering,one,pendant,chocolate,several,urban
poisonous,flat,scaly,yellow,no,foul,broad,chocolate,enlarging,one,large,chocolate,several,woods
edible,flat,smooth,pink,yes,none,broad,red,enlarging,two,evanescent,white,clustered,waste
edible,convex,smooth,red,yes,none,broad,white,enlarging,two,evanescent,white,clustered,waste
poisonous,flat,scaly,yellow,no,foul,broad,gray,enlarging,one,large,chocolate,several,woods
poisonous,bell,scaly,buff,yes,none,broad,gray,enlarging,two,pendant,green,several,meadows
poisonous,flat,smooth,buff,yes,foul,broad,chocolate,tapering,one,pendant,chocolate,scattered,urban
poisonous,flat,smooth,gray,yes,foul,broad,white,tapering,one,pendant,chocolate,scattered,grasses
poisonous,convex,smooth,buff,yes,foul,broad,pink,tapering,one,pendant,chocolate,scattered,grasses
poisonous,convex,fibrous,yellow,no,foul,broad,chocolate,enlarging,one,large,chocolate,solitary,paths
poisonous,flat,smooth,white,yes,foul,broad,white,tapering,one,pendant,chocolate,scattered,grasses
poisonous,convex,smooth,gray,yes,foul,broad,white,tapering,one,pendant,chocolate,scattered,urban
edible,flat,scaly,green,no,none,narrow,chocolate,enlarging,one,flaring,chocolate,solitary,woods
poisonous,flat,scaly,yellow,no,foul,broad,pink,enlarging,one,large,chocolate,several,grasses
poisonous,convex,scaly,brown,no,foul,narrow,buff,tapering,one,evanescent,white,several,woods
poisonous,convex,smooth,buff,yes,foul,broad,white,tapering,one,pendant,chocolate,scattered,grasses
edible,convex,fibrous,cinnamon,no,none,narrow,white,enlarging,one,evanescent,white,several,leaves
poisonous,convex,smooth,gray,yes,foul,broad,chocolate,tapering,one,pendant,chocolate,several,urban
edible,convex,scaly,purple,no,none,narrow,pink,enlarging,one,flaring,chocolate,solitary,woods
poisonous,convex,fibrous,yellow,no,foul,broad,chocolate,enlarging,one,large,chocolate,several,paths
poisonous,flat,fibrous,gray,no,foul,broad,pink,enlarging,one,large,chocolate,several,grasses
poisonous,flat,scaly,white,yes,none,broad,gray,enlarging,two,pendant,green,several,meadows
poisonous,convex,scaly,brown,no,fishy,narrow,buff,tapering,one,evanescent,white,several,woods
poisonous,convex,scaly,brown,no,spicy,narrow,buff,tapering,one,evanescent,white,several,leaves
poisonous,convex,scaly,gray,no,foul,broad,chocolate,enlarging,one,large,chocolate,several,paths
edible,convex,scaly,pink,yes,none,broad,red,enlarging,two,evanescent,white,clustered,waste
poisonous,flat,smooth,gray,yes,foul,broad,white,tapering,one,pendant,chocolate,scattered,grasses
poisonous,convex,smooth,buff,yes,foul,broad,white,tapering,one,pendant,chocolate,several,grasses
poisonous,convex,scaly,brown,no,fishy,narrow,buff,tapering,one,evanescent,white,several,paths
poisonous,convex,smooth,gray,yes,foul,broad,chocolate,tapering,one,pendant,chocolate,scattered,urban
poisonous,convex,scaly,brown,no,fishy,narrow,buff,tapering,one,evanescent,white,several,paths
poisonous,flat,smooth,white,yes,foul,broad,pink,tapering,one,pendant,chocolate,scattered,grasses
poisonous,convex,smooth,gray,yes,foul,broad,white,tapering,one,pendant,chocolate,several,urban
poisonous,convex,smooth,gray,yes,foul,broad,white,tapering,one,pendant,chocolate,scattered,grasses
poisonous,flat,scaly,yellow,no,foul,broad,gray,enlarging,one,large,chocolate,several,paths
poisonous,flat,scaly,yellow,no,foul,broad,pink,enlarging,one,large,chocolate,several,paths
poisonous,flat,scaly,gray,no,foul,broad,pink,enlarging,one,large,chocolate,solitary,grasses
poisonous,convex,scaly,yellow,no,foul,broad,gray,enlarging,one,large,chocolate,solitary,grasses
poisonous,convex,smooth,gray,yes,foul,broad,white,tapering,one,pendant,chocolate,scattered,urban
poisonous,flat,smooth,buff,yes,foul,broad,pink,tapering,one,pendant,chocolate,scattered,urban
poisonous,flat,smooth,white,yes,foul,broad,chocolate,tapering,one,pendant,chocolate,scattered,urban
poisonous,flat,fibrous,gray,no,foul,broad,pink,enlarging,one,large,chocolate,solitary,grasses
poisonous,flat,smooth,buff,yes,foul,broad,chocolate,tapering,one,pendant,chocolate,scattered,grasses
poisonous,convex,scaly,brown,no,spicy,narrow,buff,tapering,one,evanescent,white,several,woods
poisonous,convex,smooth,white,yes,foul,broad,white,tapering,one,pendant,chocolate,scattered,grasses
edible,knobbed,smooth,red,yes,none,broad,red,enlarging,two,evanescent,white,clustered,waste
poisonous,flat,scaly,buff,yes,none,broad,white,enlarging,two,pendant,green,several,meadows
poisonous,convex,scaly,brown,no,fishy,narrow,buff,tapering,one,evanescent,white,several,paths
edible,knobbed,scaly,brown,yes,none,broad,red,enlarging,two,evanescent,white,clustered,waste
poisonous,flat,smooth,white,yes,foul,broad,white,tapering,one,pendant,chocolate,several,urban
poisonous,flat,smooth,white,yes,foul,broad,pink,tapering,one,pendant,chocolate,several,urban
poisonous,convex,scaly,brown,no,fishy,narrow,buff,tapering,one,evanescent,white,several,woods
poisonous,convex,smooth,white,yes,foul,broad,white,tapering,one,pendant,chocolate,scattered,grasses
poisonous,convex,scaly,brown,no,fishy,narrow,buff,tapering,one,evanescent,white,several,leaves
poisonous,bell,smooth,pink,yes,none,broad,white,enlarging,two,pendant,green,several,grasses
poisonous,convex,scaly,red,no,fishy,narrow,buff,tapering,one,evanescent,white,several,woods
poisonous,flat,scaly,gray,no,foul,broad,gray,enlarging,one,large,chocolate,several,paths
poisonous,convex,scaly,yellow,no,foul,broad,gray,enlarging,one,large,chocolate,several,woods
poisonous,convex,scaly,gray,no,foul,broad,chocolate,enlarging,one,large,chocolate,several,grasses
poisonous,flat,scaly,white,yes,none,broad,green,enlarging,two,pendant,green,several,meadows
poisonous,flat,smooth,gray,yes,foul,broad,chocolate,tapering,one,pendant,chocolate,scattered,grasses
edible,knobbed,scaly,pink,yes,none,broad,white,enlarging,two,evanescent,white,clustered,waste
poisonous,convex,smooth,white,yes,foul,broad,white,tapering,one,pendant,chocolate,several,grasses
edible,knobbed,smooth,pink,yes,none,broad,red,enlarging,two,evanescent,white,clustered,waste
poisonous,flat,smooth,white,yes,foul,broad,pink,tapering,one,pendant,chocolate,scattered,urban
poisonous,convex,scaly,brown,no,fishy,narrow,buff,tapering,one,evanescent,white,several,paths
poisonous,convex,fibrous,yellow,no,foul,broad,pink,enlarging,one,large,chocolate,several,woods
poisonous,flat,scaly,gray,no,foul,broad,pink,enlarging,one,large,chocolate,several,paths
poisonous,convex,scaly,gray,no,foul,broad,pink,enlarging,one,large,chocolate,solitary,paths
edible,convex,scaly,red,yes,none,broad,white,enlarging,two,evanescent,white,clustered,waste
poisonous,flat,scaly,yellow,no,foul,broad,gray,enlarging,one,large,chocolate,several,paths
poisonous,convex,scaly,brown,no,spicy,narrow,buff,tapering,one,evanescent,white,several,woods
poisonous,convex,smooth,buff,yes,foul,broad,white,tapering,one,pendant,chocolate,several,grasses
poisonous,flat,scaly,yellow,no,foul,broad,chocolate,enlarging,one,large,chocolate,solitary,woods
edible,knobbed,scaly,red,yes,none,broad,red,enlarging,two,evanescent,white,clustered,waste
poisonous,flat,scaly,pink,yes,none,broad,gray,enlarging,two,pendant,green,several,meadows
poisonous,flat,scaly,white,yes,none,broad,white,enlarging,two,pendant,green,several,meadows
poisonous,flat,scaly,yellow,no,foul,broad,gray,enlarging,one,large,chocolate,solitary,paths
poisonous,flat,scaly,yellow,no,foul,broad,chocolate,enlarging,one,large,chocolate,several,grasses
edible,flat,scaly,green,no,none,narrow,white,enlarging,one,flaring,chocolate,several,woods
poisonous,convex,smooth,white,yes,foul,broad,pink,tapering,one,pendant,chocolate,scattered,grasses
poisonous,convex,smooth,white,yes,foul,broad,pink,tapering,one,pendant,chocolate,scattered,grasses
poisonous,convex,smooth,buff,yes,foul,broad,pink,tapering,one,pendant,chocolate,scattered,urban
poisonous,convex,scaly,brown,no,fishy,narrow,buff,tapering,one,evanescent,white,several,paths
edible,knobbed,scaly,red,yes,none,broad,red,enlarging,two,evanescent,white,clustered,waste
edible,knobbed,smooth,pink,yes,none,broad,white,enlarging,two,evanescent,white,clustered,waste
edible,convex,scaly,buff,yes,none,broad,white,enlarging,two,evanescent,white,clustered,waste
poisonous,convex,smooth,gray,yes,foul,broad,chocolate,tapering,one,pendant,chocolate,several,grasses
poisonous,flat,scaly,yellow,no,foul,broad,pink,enlarging,one,large,chocolate,solitary,grasses
poisonous,convex,scaly,brown,no,fishy,narrow,buff,tapering,one,evanescent,white,several,leaves
poisonous,conical,scaly,white,yes,none,narrow,white,enlarging,one,pendant,white,clustered,leaves
poisonous,flat,smooth,white,yes,foul,broad,pink,tapering,one,pendant,chocolate,several,grasses
poisonous,flat,smooth,gray,yes,foul,broad,white,tapering,one,pendant,chocolate,scattered,grasses
poisonous,convex,scaly,red,no,fishy,narrow,buff,tapering,one,evanescent,white,several,leaves
poisonous,convex,smooth,gray,yes,foul,broad,white,tapering,one,pendant,chocolate,scattered,grasses
poisonous,convex,scaly,brown,no,spicy,narrow,buff,tapering,one,evanescent,white,several,woods
edible,convex,scaly,pink,yes,none,broad,red,enlarging,two,evanescent,white,clustered,waste
edible,flat,scaly,white,no,none,narrow,chocolate,enlarging,one,flaring,chocolate,solitary,woods
poisonous,flat,scaly,yellow,no,foul,broad,chocolate,enlarging,one,large,chocolate,solitary,grasses
poisonous,convex,scaly,brown,no,fishy,narrow,buff,tapering,one,evanescent,white,several,woods
poisonous,convex,fibrous,yellow,no,foul,broad,gray,enlarging,one,large,chocolate,solitary,woods
poisonous,convex,scaly,brown,no,spicy,narrow,buff,tapering,one,evanescent,white,several,leaves
poisonous,convex,smooth,gray,yes,foul,broad,chocolate,tapering,one,pendant,chocolate,several,urban
poisonous,convex,scaly,brown,no,spicy,narrow,buff,tapering,one,evanescent,white,several,woods
edible,knobbed,fibrous,brown,no,none,narrow,white,enlarging,one,evanescent,white,several,leaves
poisonous,convex,smooth,white,yes,foul,broad,pink,tapering,one,pendant,chocolate,several,urban
poisonous,flat,scaly,yellow,no,foul,broad,pink,enlarging,one,large,chocolate,solitary,paths
edible,convex,scaly,pink,yes,none,broad,red,enlarging,two,evanescent,white,clustered,waste
poisonous,bell,scaly,buff,yes,none,broad,green,enlarging,two,pendant,green,several,meadows
poisonous,flat,scaly,gray,no,foul,broad,chocolate,enlarging,one,large,chocolate,several,paths
edible,flat,scaly,green,no,none,narrow,chocolate,enlarging,one,flaring,chocolate,several,woods
poisonous,convex,scaly,brown,no,foul,narrow,buff,tapering,one,evanescent,white,several,leaves
poisonous,convex,scaly,brown,no,fishy,narrow,buff,tapering,one,evanescent,white,several,paths
poisonous,flat,smooth,buff,yes,foul,broad,pink,tapering,one,pendant,chocolate,several,grasses
poisonous,flat,scaly,yellow,no,foul,broad,gray,enlarging,one,large,chocolate,several,woods
poisonous,convex,scaly,brown,no,foul,narrow,buff,tapering,one,evanescent,white,several,woods
edible,flat,scaly,brown,yes,none,broad,red,enlarging,two,evanescent,white,clustered,waste
poisonous,convex,scaly,brown,no,foul,narrow,buff,tapering,one,evanescent,white,several,leaves
edible,flat,scaly,red,yes,none,broad,white,enlarging,two,evanescent,white,clustered,waste
edible,convex,scaly,buff,yes,none,broad,white,enlarging,two,evanescent,white,clustered,waste
edible,convex,smooth,brown,yes,none,broad,red,enlarging,two,evanescent,white,clustered,waste
poisonous,flat,smooth,white,yes,foul,broad,white,tapering,one,pendant,chocolate,several,grasses
edible,convex,scaly,buff,yes,none,broad,red,enlarging,two,evanescent,white,clustered,waste
poisonous,convex,fibrous,yellow,no,foul,broad,gray,enlarging,one,large,chocolate,solitary,grasses
poisonous,flat,scaly,yellow,no,foul,broad,gray,enlarging,one,large,chocolate,solitary,woods
poisonous,flat,scaly,yellow,no,foul,broad,gray,enlarging,one,large,chocolate,solitary,grasses
edible,knobbed,scaly,red,yes,none,broad,white,enlarging,two,evanescent,white,clustered,waste
poisonous,flat,smooth,white,yes,foul,broad,pink,tapering,one,pendant,chocolate,several,urban
edible,knobbed,scaly,cinnamon,no,none,narrow,white,enlarging,one,evanescent,white,several,leaves
edible,knobbed,scaly,brown,no,none,narrow,white,enlarging,one,evanescent,white,several,leaves
poisonous,bell,smooth,pink,yes,none,broad,green,enlarging,two,pendant,green,several,meadows
poisonous,convex,scaly,brown,no,fishy,narrow,buff,tapering,one,evanescent,white,several,paths
poisonous,convex,smooth,buff,yes,foul,broad,chocolate,tapering,one,pendant,chocolate,scattered,urban
edible,flat,scaly,green,no,none,narrow,pink,enlarging,one,flaring,chocolate,several,woods
poisonous,convex,smooth,buff,yes,foul,broad,white,tapering,one,pendant,chocolate,scattered,grasses
edible,flat,scaly,purple,no,none,narrow,pink,enlarging,one,flaring,chocolate,solitary,woods
poisonous,convex,scaly,brown,no,fishy,narrow,buff,tapering,one,evanescent,white,several,paths
poisonous,convex,smooth,white,yes,foul,broad,pink,tapering,one,pendant,chocolate,several,urban
edible,convex,smooth,red,yes,none,broad,white,enlarging,two,evanescent,white,clustered,waste
edible,flat,scaly,pink,yes,none,broad,red,enlarging,two,evanescent,white,clustered,waste
poisonous,convex,scaly,brown,no,spicy,narrow,buff,tapering,one,evanescent,white,several,paths
poisonous,convex,scaly,brown,no,foul,narrow,buff,tapering,one,evanescent,white,several,paths
poisonous,convex,smooth,white,yes,foul,broad,pink,tapering,one,pendant,chocolate,several,grasses
poisonous,flat,scaly,yellow,no,foul,broad,pink,enlarging,one,large,chocolate,several,paths
edible,convex,scaly,brown,yes,none,broad,red,enlarging,two,evanescent,white,clustered,waste
edible,convex,scaly,red,yes,none,broad,red,enlarging,two,evanescent,white,clustered,waste
poisonous,convex,smooth,white,yes,foul,broad,white,tapering,one,pendant,chocolate,several,urban
poisonous,convex,scaly,yellow,no,foul,broad,chocolate,enlarging,one,large,chocolate,several,grasses
poisonous,flat,smooth,buff,yes,none,broad,gray,enlarging,two,pendant,green,several,meadows
poisonous,flat,fibrous,yellow,no,foul,broad,chocolate,enlarging,one,large,chocolate,several,paths
poisonous,convex,smooth,gray,yes,foul,broad,pink,tapering,one,pendant,chocolate,several,grasses
edible,flat,smooth,pink,yes,none,broad,white,enlarging,two,evanescent,white,clustered,waste
edible,convex,scaly,brown,yes,none,broad,red,enlarging,two,evanescent,white,clustered,waste
poisonous,bell,scaly,white,yes,none,broad,green,enlarging,two,pendant,green,several,meadows
poisonous,flat,scaly,yellow,no,foul,broad,gray,enlarging,one,large,chocolate,several,woods
poisonous,convex,scaly,red,no,fishy,narrow,buff,tapering,one,evanescent,white,several,woods
poisonous,convex,smooth,buff,yes,foul,broad,chocolate,tapering,one,pendant,chocolate,scattered,grasses
poisonous,convex,smooth,buff,yes,foul,broad,chocolate,tapering,one,pendant,chocolate,several,grasses
poisonous,convex,scaly,brown,no,spicy,narrow,buff,tapering,one,evanescent,white,several,paths
poisonous,bell,scaly,pink,yes,none,broad,gray,enlarging,two,pendant,green,several,grasses
edible,convex,scaly,cinnamon,no,none,narrow,white,enlarging,one,evanescent,white,several,leaves
poisonous,convex,scaly,brown,no,foul,narrow,buff,tapering,one,evanescent,white,several,woods
poisonous,convex,smooth,white,yes,foul,broad,white,tapering,one,pendant,chocolate,scattered,urban
poisonous,convex,scaly,brown,no,foul,narrow,buff,tapering,one,evanescent,white,several,woods
edible,flat,scaly,brown,no,none,narrow,white,enlarging,one,evanescent,white,several,leaves
poisonous,convex,scaly,brown,no,fishy,narrow,buff,tapering,one,evanescent,white,several,paths
poisonous,flat,smooth,gray,yes,foul,broad,pink,tapering,one,pendant,chocolate,scattered,urban
poisonous,convex,scaly,red,no,fishy,narrow,buff,tapering,one,evanescent,white,several,woods
edible,convex,scaly,green,no,none,narrow,chocolate,enlarging,one,flaring,chocolate,solitary,woods
poisonous,bell,scaly,pink,yes,none,broad,white,enlarging,two,pendant,green,several,meadows
edible,convex,smooth,pink,yes,none,broad,white,enlarging,two,evanescent,white,clustered,waste
poisonous,convex,scaly,brown,no,fishy,narrow,buff,tapering,one,evanescent,white,several,leaves
poisonous,convex,scaly,brown,no,foul,narrow,buff,tapering,one,evanescent,white,several,paths
poisonous,flat,smooth,gray,yes,foul,broad,white,tapering,one,pendant,chocolate,several,grasses
poisonous,flat,scaly,yellow,no,foul,broad,pink,enlarging,one,large,chocolate,several,paths
poisonous,flat,scaly,pink,yes,none,broad,green,enlarging,two,pendant,green,several,meadows
poisonous,convex,scaly,brown,no,spicy,narrow,buff,tapering,one,evanescent,white,several,paths
poisonous,convex,scaly,brown,no,spicy,narrow,buff,tapering,one,evanescent,white,several,woods
edible,flat,smooth,buff,yes,none,broad,red,enlarging,two,evanescent,white,clustered,waste
poisonous,flat,smooth,buff,yes,foul,broad,pink,tapering,one,pendant,chocolate,several,urban
edible,convex,scaly,cinnamon,no,none,narrow,white,enlarging,one,evanescent,white,several,leaves
edible,convex,scaly,white,no,none,narrow,white,enlarging,one,flaring,chocolate,solitary,woods
poisonous,convex,scaly,brown,no,fishy,narrow,buff,tapering,one,evanescent,white,several,leaves
edible,flat,scaly,brown,no,none,narrow,white,enlarging,one,evanescent,white,several,leaves
poisonous,convex,scaly,brown,no,foul,narrow,buff,tapering,one,evanescent,white,several,woods
poisonous,convex,scaly,brown,no,spicy,narrow,buff,tapering,one,evanescent,white,several,woods
edible,knobbed,scaly,pink,yes,none,broad,red,enlarging,two,evanescent,white,clustered,waste
poisonous,flat,smooth,white,yes,none,broad,green,enlarging,two,pendant,green,several,meadows
poisonous,convex,scaly,brown,no,foul,narrow,buff,tapering,one,evanescent,white,several,leaves
poisonous,flat,scaly,yellow,no,foul,broad,gray,enlarging,one,large,chocolate,several,grasses
edible,knobbed,scaly,brown,no,none,narrow,white,enlarging,one,evanescent,white,several,leaves
poisonous,flat,smooth,gray,yes,foul,broad,pink,tapering,one,pendant,chocolate,several,grasses
poisonous,flat,smooth,white,yes,none,broad,green,enlarging,two,pendant,green,several,grasses
poisonous,flat,fibrous,gray,no,foul,broad,chocolate,enlarging,one,large,chocolate,solitary,grasses
edible,flat,smooth,brown,yes,none,broad,white,enlarging,two,evanescent,white,clustered,waste
poisonous,convex,fibrous,yellow,no,foul,broad,pink,enlarging,one,large,chocolate,solitary,woods
poisonous,convex,scaly,brown,no,spicy,narrow,buff,tapering,one,evanescent,white,several,leaves
poisonous,convex,scaly,red,no,fishy,narrow,buff,tapering,one,evanescent,white,several,paths
poisonous,flat,scaly,yellow,no,foul,broad,gray,enlarging,one,large,chocolate,several,grasses
poisonous,bell,smooth,white,yes,none,broad,gray,enlarging,two,pendant,green,several,grasses
poisonous,convex,smooth,buff,yes,foul,broad,pink,tapering,one,pendant,chocolate,several,urban
edible,flat,scaly,buff,yes,none,broad,white,enlarging,two,evanescent,white,clustered,waste
edible,convex,fibrous,cinnamon,no,none,narrow,white,enlarging,one,evanescent,white,several,leaves
poisonous,flat,smooth,white,yes,foul,broad,chocolate,tapering,one,pendant,chocolate,several,urban
edible,knobbed,smooth,pink,yes,none,broad,red,enlarging,two,evanescent,white,clustered,waste
edible,knobbed,scaly,brown,yes,none,broad,red,enlarging,two,evanescent,white,clustered,waste
edible,convex,scaly,buff,yes,none,broad,red,enlarging,two,evanescent,white,clustered,waste
poisonous,convex,fibrous,yellow,no,foul,broad,chocolate,enlarging,one,large,chocolate,solitary,grasses
poisonous,flat,smooth,gray,yes,foul,broad,chocolate,tapering,one,pendant,chocolate,several,grasses
poisonous,flat,scaly,yellow,no,foul,broad,gray,enlarging,one,large,chocolate,several,paths
edible,convex,scaly,red,yes,none,broad,red,enlarging,two,evanescent,white,clustered,waste
poisonous,flat,smooth,buff,yes,foul,broad,pink,tapering,one,pendant,chocolate,several,grasses
edible,convex,scaly,brown,no,none,narrow,white,enlarging,one,evanescent,white,several,leaves
poisonous,flat,scaly,yellow,no,foul,broad,gray,enlarging,one,large,chocolate,several,woods
poisonous,flat,fibrous,gray,no,foul,broad,gray,enlarging,one,large,chocolate,several,woods
poisonous,bell,scaly,buff,yes,none,broad,green,enlarging,two,pendant,green,several,grasses
poisonous,convex,scaly,red,no,fishy,narrow,buff,tapering,one,evanescent,white,several,paths
poisonous,flat,scaly,yellow,no,foul,broad,pink,enlarging,one,large,chocolate,solitary,paths
poisonous,flat,fibrous,yellow,no,foul,broad,gray,enlarging,one,large,chocolate,several,paths
poisonous,flat,scaly,white,yes,none,broad,gray,enlarging,two,pendant,green,several,grasses
edible,knobbed,smooth,red,yes,none,broad,red,enlarging,two,evanescent,white,clustered,waste
poisonous,flat,scaly,yellow,no,foul,broad,gray,enlarging,one,large,chocolate,several,paths
edible,knobbed,smooth,brown,yes,none,broad,red,enlarging,two,evanescent,white,clustered,waste
poisonous,flat,scaly,yellow,no,none,narrow,white,enlarging,one,evanescent,white,several,woods
poisonous,flat,scaly,gray,no,foul,broad,gray,enlarging,one,large,chocolate,solitary,paths
poisonous,flat,scaly,yellow,no,foul,broad,gray,enlarging,one,large,chocolate,several,grasses
poisonous,convex,scaly,red,no,fishy,narrow,buff,tapering,one,evanescent,white,several,paths
edible,flat,smooth,buff,yes,none,broad,white,enlarging,two,evanescent,white,clustered,waste
poisonous,flat,smooth,white,yes,foul,broad,white,tapering,one,pendant,chocolate,several,urban
poisonous,convex,smooth,white,yes,foul,broad,white,tapering,one,pendant,chocolate,scattered,grasses
poisonous,flat,scaly,gray,no,foul,broad,chocolate,enlarging,one,large,chocolate,solitary,woods
edible,flat,scaly,pink,yes,none,broad,white,enlarging,two,evanescent,white,clustered,waste
poisonous,flat,scaly,yellow,no,foul,broad,pink,enlarging,one,large,chocolate,solitary,grasses
poisonous,flat,scaly,yellow,no,foul,broad,pink,enlarging,one,large,chocolate,solitary,paths
edible,knobbed,smooth,red,yes,none,broad,white,enlarging,two,evanescent,white,clustered,waste
edible,convex,scaly,brown,yes,none,broad,red,enlarging,two,evanescent,white,clustered,waste
poisonous,convex,scaly,yellow,no,foul,broad,chocolate,enlarging,one,large,chocolate,several,grasses
poisonous,flat,smooth,buff,yes,foul,broad,pink,tapering,one,pendant,chocolate,several,grasses
poisonous,convex,scaly,gray,no,foul,broad,gray,enlarging,one,large,chocolate,several,woods
poisonous,flat,smooth,gray,yes,foul,broad,white,tapering,one,pendant,chocolate,scattered,urban
poisonous,convex,smooth,white,yes,foul,broad,pink,tapering,one,pendant,chocolate,several,grasses
poisonous,convex,fibrous,brown,no,none,narrow,white,enlarging,one,evanescent,white,several,woods
poisonous,flat,smooth,buff,yes,foul,broad,chocolate,tapering,one,pendant,chocolate,scattered,grasses
edible,flat,scaly,red,yes,none,broad,red,enlarging,two,evanescent,white,clustered,waste
poisonous,flat,scaly,yellow,no,foul,broad,gray,enlarging,one,large,chocolate,solitary,grasses
poisonous,convex,smooth,buff,yes,foul,broad,pink,tapering,one,pendant,chocolate,scattered,urban
edible,knobbed,fibrous,brown,no,none,narrow,white,enlarging,one,evanescent,white,several,leaves
poisonous,flat,scaly,yellow,no,foul,broad,pink,enlarging,one,large,chocolate,solitary,grasses
edible,knobbed,scaly,cinnamon,no,none,narrow,white,enlarging,one,evanescent,white,several,leaves
poisonous,convex,fibrous,gray,no,foul,broad,pink,enlarging,one,large,chocolate,solitary,paths
poisonous,convex,scaly,brown,no,fishy,narrow,buff,tapering,one,evanescent,white,several,paths
edible,flat,scaly,pink,yes,none,broad,white,enlarging,two,evanescent,white,clustered,waste
poisonous,convex,smooth,buff,yes,foul,broad,chocolate,tapering,one,pendant,chocolate,several,grasses
poisonous,convex,scaly,gray,no,foul,broad,chocolate,enlarging,one,large,chocolate,solitary,woods
poisonous,flat,scaly,yellow,no,foul,broad,pink,enlarging,one,large,chocolate,solitary,grasses
poisonous,convex,scaly,red,no,fishy,narrow,buff,tapering,one,evanescent,white,several,woods
edible,flat,scaly,green,no,none,narrow,white,enlarging,one,flaring,chocolate,solitary,woods
poisonous,flat,scaly,yellow,no,foul,broad,pink,enlarging,one,large,chocolate,solitary,paths
poisonous,convex,smooth,gray,yes,foul,broad,chocolate,tapering,one,pendant,chocolate,several,grasses
poisonous,convex,smooth,white,yes,foul,broad,white,tapering,one,pendant,chocolate,several,grasses
poisonous,flat,smooth,buff,yes,foul,broad,white,tapering,one,pendant,chocolate,scattered,grasses
edible,convex,scaly,brown,yes,none,broad,white,enlarging,two,evanescent,white,clustered,waste
poisonous,flat,fibrous,yellow,no,none,narrow,white,enlarging,one,evanescent,white,several,woods
edible,flat,scaly,purple,no,none,narrow,white,enlarging,one,flaring,chocolate,several,woods
poisonous,convex,scaly,brown,no,fishy,narrow,buff,tapering,one,evanescent,white,several,leaves
edible,convex,smooth,brown,yes,none,broad,white,enlarging,two,evanescent,white,clustered,waste
poisonous,convex,smooth,white,yes,foul,broad,white,tapering,one,pendant,chocolate,several,urban
poisonous,flat,scaly,yellow,no,foul,broad,pink,enlarging,one,large,chocolate,several,woods
edible,flat,smooth,buff,yes,none,broad,red,enlarging,two,evanescent,white,clustered,waste
edible,knobbed,fibrous,cinnamon,no,none,narrow,white,enlarging,one,evanescent,white,several,leaves
poisonous,convex,smooth,gray,yes,foul,broad,pink,tapering,one,pendant,chocolate,several,urban
poisonous,flat,scaly,gray,no,foul,broad,chocolate,enlarging,one,large,chocolate,several,paths
poisonous,convex,scaly,red,no,fishy,narrow,buff,tapering,one,evanescent,white,several,leaves
edible,flat,scaly,pink,yes,none,broad,red,enlarging,two,evanescent,white,clustered,waste
edible,knobbed,scaly,pink,yes,none,broad,white,enlarging,two,evanescent,white,clustered,waste
poisonous,convex,scaly,yellow,no,foul,broad,chocolate,enlarging,one,large,chocolate,several,grasses
poisonous,convex,scaly,brown,no,fishy,narrow,buff,tapering,one,evanescent,white,several,woods
edible,flat,smooth,brown,yes,none,broad,red,enlarging,two,evanescent,white,clustered,waste
poisonous,flat,scaly,yellow,no,foul,broad,chocolate,enlarging,one,large,chocolate,solitary,grasses
poisonous,convex,scaly,brown,no,spicy,narrow,buff,tapering,one,evanescent,white,several,woods
edible,flat,smooth,brown,yes,none,broad,white,enlarging,two,evanescent,white,clustered,waste
poisonous,flat,scaly,yellow,no,foul,broad,pink,enlarging,one,large,chocolate,several,woods
poisonous,flat,scaly,yellow,no,foul,broad,pink,enlarging,one,large,chocolate,several,paths
poisonous,flat,scaly,yellow,no,foul,broad,gray,enlarging,one,large,chocolate,solitary,paths
edible,flat,fibrous,cinnamon,no,none,narrow,white,enlarging,one,evanescent,white,several,leaves
poisonous,bell,scaly,buff,yes,none,broad,white,enlarging,two,pendant,green,several,grasses
edible,knobbed,scaly,red,yes,none,broad,white,enlarging,two,evanescent,white,clustered,waste
poisonous,convex,smooth,buff,yes,foul,broad,white,tapering,one,pendant,chocolate,several,urban
poisonous,convex,smooth,gray,yes,foul,broad,white,tapering,one,pendant,chocolate,several,grasses
poisonous,flat,scaly,yellow,no,foul,broad,pink,enlarging,one,large,chocolate,several,grasses
poisonous,convex,smooth,gray,yes,foul,broad,pink,tapering,one,pendant,chocolate,scattered,urban
poisonous,convex,scaly,red,no,fishy,narrow,buff,tapering,one,evanescent,white,several,paths
poisonous,flat,smooth,white,yes,foul,broad,pink,tapering,one,pendant,chocolate,several,urban
edible,flat,smooth,pink,yes,none,broad,white,enlarging,two,evanescent,white,clustered,waste
poisonous,flat,smooth,buff,yes,foul,broad,chocolate,tapering,one,pendant,chocolate,several,grasses
poisonous,convex,scaly,red,no,fishy,narrow,buff,tapering,one,evanescent,white,several,paths
edible,flat,scaly,white,no,none,narrow,purple,enlarging,one,flaring,chocolate,several,woods
edible,convex,scaly,pink,yes,none,broad,white,enlarging,two,evanescent,white,clustered,waste
poisonous,convex,smooth,buff,yes,foul,broad,pink,tapering,one,pendant,chocolate,several,urban
poisonous,knobbed,grooves,white,yes,none,narrow,white,enlarging,one,pendant,white,clustered,leaves
poisonous,flat,smooth,gray,yes,foul,broad,pink,tapering,one,pendant,chocolate,scattered,grasses
poisonous,convex,scaly,brown,no,spicy,narrow,buff,tapering,one,evanescent,white,several,paths
edible,knobbed,smooth,red,yes,none,broad,white,enlarging,two,evanescent,white,clustered,waste
poisonous,convex,scaly,brown,no,fishy,narrow,buff,tapering,one,evanescent,white,several,woods
poisonous,convex,scaly,brown,no,spicy,narrow,buff,tapering,one,evanescent,white,several,paths
poisonous,flat,smooth,white,yes,foul,broad,chocolate,tapering,one,pendant,chocolate,scattered,grasses
edible,flat,smooth,red,yes,none,broad,red,enlarging,two,evanescent,white,clustered,waste
poisonous,flat,smooth,buff,yes,foul,broad,pink,tapering,one,pendant,chocolate,scattered,grasses
poisonous,bell,smooth,white,yes,none,broad,green,enlarging,two,pendant,green,several,meadows
edible,flat,fibrous,brown,no,none,narrow,white,enlarging,one,evanescent,white,several,leaves
poisonous,flat,smooth,gray,yes,foul,broad,pink,tapering,one,pendant,chocolate,several,urban
poisonous,convex,smooth,white,yes,foul,broad,chocolate,tapering,one,pendant,chocolate,several,grasses
poisonous,flat,scaly,yellow,no,foul,broad,pink,enlarging,one,large,chocolate,several,grasses
edible,convex,smooth,buff,yes,none,broad,red,enlarging,two,evanescent,white,clustered,waste
edible,flat,scaly,brown,yes,none,broad,white,enlarging,two,evanescent,white,clustered,waste
edible,convex,scaly,green,no,none,narrow,purple,enlarging,one,flaring,chocolate,several,woods
edible,knobbed,smooth,buff,yes,none,broad,red,enlarging,two,evanescent,white,clustered,waste
poisonous,convex,smooth,white,yes,foul,broad,chocolate,tapering,one,pendant,chocolate,several,urban
poisonous,convex,scaly,brown,no,fishy,narrow,buff,tapering,one,evanescent,white,several,woods
edible,convex,scaly,buff,yes,none,broad,white,enlarging,two,evanescent,white,clustered,waste
poisonous,flat,scaly,white,yes,none,broad,white,enlarging,two,pendant,green,several,grasses
poisonous,flat,smooth,buff,yes,foul,broad,white,tapering,one,pendant,chocolate,scattered,urban
poisonous,convex,smooth,gray,yes,foul,broad,pink,tapering,one,pendant,chocolate,several,grasses
edible,knobbed,smooth,brown,yes,none,broad,white,enlarging,two,evanescent,white,clustered,waste
poisonous,flat,smooth,gray,yes,foul,broad,pink,tapering,one,pendant,chocolate,scattered,grasses
edible,knobbed,scaly,pink,yes,none,broad,red,enlarging,two,evanescent,white,clustered,waste
poisonous,flat,scaly,buff,yes,none,broad,gray,enlarging,two,pendant,green,several,meadows
poisonous,convex,scaly,brown,no,spicy,narrow,buff,tapering,one,evanescent,white,several,woods
poisonous,flat,scaly,yellow,no,foul,broad,gray,enlarging,one,large,chocolate,several,paths
poisonous,convex,smooth,buff,yes,foul,broad,white,tapering,one,pendant,chocolate,scattered,urban
edible,knobbed,fibrous,cinnamon,no,none,narrow,white,enlarging,one,evanescent,white,several,leaves
poisonous,flat,smooth,gray,yes,foul,broad,pink,tapering,one,pendant,chocolate,several,urban
poisonous,flat,smooth,white,yes,foul,broad,white,tapering,one,pendant,chocolate,several,grasses
poisonous,bell,smooth,buff,yes,none,broad,green,enlarging,two,pendant,green,several,meadows
poisonous,bell,smooth,pink,yes,none,broad,green,enlarging,two,pendant,green,several,grasses
poisonous,flat,smooth,white,yes,foul,broad,white,tapering,one,pendant,chocolate,scattered,grasses
edible,convex,scaly,brown,yes,none,broad,white,enlarging,two,evanescent,white,clustered,waste
poisonous,convex,scaly,brown,no,spicy,narrow,buff,tapering,one,evanescent,white,several,leaves
poisonous,convex,scaly,gray,no,foul,broad,gray,enlarging,one,large,chocolate,several,grasses
edible,convex,smooth,buff,yes,none,broad,white,enlarging,two,evanescent,white,clustered,waste
poisonous,convex,scaly,brown,no,foul,narrow,buff,tapering,one,evanescent,white,several,leaves
poisonous,convex,smooth,buff,yes,foul,broad,pink,tapering,one,pendant,chocolate,scattered,urban
poisonous,flat,smooth,pink,yes,none,broad,gray,enlarging,two,pendant,green,several,grasses
poisonous,convex,scaly,brown,no,fishy,narrow,buff,tapering,one,evanescent,white,several,leaves
poisonous,convex,smooth,white,yes,foul,broad,chocolate,tapering,one,pendant,chocolate,several,urban
poisonous,flat,smooth,white,yes,foul,broad,chocolate,tapering,one,pendant,chocolate,several,urban
edible,flat,scaly,green,no,none,narrow,purple,enlarging,one,flaring,chocolate,solitary,woods
poisonous,flat,smooth,white,yes,foul,broad,chocolate,tapering,one,pendant,chocolate,scattered,grasses
poisonous,flat,smooth,white,yes,foul,broad,pink,tapering,one,pendant,chocolate,scattered,urban
edible,convex,scaly,white,no,none,narrow,purple,enlarging,one,flaring,chocolate,several,woods
poisonous,convex,scaly,brown,no,spicy,narrow,buff,tapering,one,evanescent,white,several,woods
edible,knobbed,scaly,buff,yes,none,broad,white,enlarging,two,evanescent,white,clustered,waste
poisonous,convex,scaly,brown,no,foul,narrow,buff,tapering,one,evanescent,white,several,woods
poisonous,convex,scaly,brown,no,fishy,narrow,buff,tapering,one,evanescent,white,several,leaves
poisonous,convex,smooth,buff,yes,foul,broad,pink,tapering,one,pendant,chocolate,scattered,urban
edible,flat,scaly,green,no,none,narrow,pink,enlarging,one,flaring,chocolate,solitary,woods
poisonous,bell,smooth,pink,yes,none,broad,gray,enlarging,two,pendant,green,several,grasses
poisonous,convex,smooth,buff,yes,foul,broad,pink,tapering,one,pendant,chocolate,several,urban
edible,flat,scaly,cinnamon,no,none,narrow,white,enlarging,one,evanescent,white,several,leaves
edible,convex,scaly,purple,no,none,narrow,pink,enlarging,one,flaring,chocolate,several,woods
poisonous,convex,smooth,buff,yes,foul,broad,white,tapering,one,pendant,chocolate,several,urban
edible,convex,scaly,white,no,none,narrow,white,enlarging,one,flaring,chocolate,several,woods
poisonous,convex,scaly,brown,no,fishy,narrow,buff,tapering,one,evanescent,white,several,leaves
edible,convex,smooth,pink,yes,none,broad,red,enlarging,two,evanescent,white,clustered,waste
poisonous,flat,smooth,pink,yes,none,broad,green,enlarging,two,pendant,green,several,meadows
poisonous,flat,scaly,brown,no,none,narrow,white,enlarging,one,evanescent,white,several,woods
poisonous,flat,scaly,yellow,no,foul,broad,gray,enlarging,one,large,chocolate,solitary,paths
poisonous,flat,smooth,white,yes,foul,broad,chocolate,tapering,one,pendant,chocolate,several,grasses
poisonous,convex,scaly,gray,no,foul,broad,chocolate,enlarging,one,large,chocolate,several,grasses
edible,flat,scaly,red,yes,none,broad,white,enlarging,two,evanescent,white,clustered,waste
poisonous,flat,smooth,buff,yes,none,broad,white,enlarging,two,pendant,green,several,grasses
poisonous,bell,smooth,pink,yes,none,broad,white,enlarging,two,pendant,green,several,meadows
poisonous,convex,scaly,brown,no,spicy,narrow,buff,tapering,one,evanescent,white,several,leaves
poisonous,convex,smooth,buff,yes,foul,broad,pink,tapering,one,pendant,chocolate,several,urban
poisonous,convex,scaly,yellow,no,foul,broad,chocolate,enlarging,one,large,chocolate,solitary,paths
poisonous,bell,scaly,white,yes,none,broad,gray,enlarging,two,pendant,green,several,grasses
edible,flat,scaly,brown,no,none,narrow,white,enlarging,one,evanescent,white,several,leaves
poisonous,flat,fibrous,yellow,no,foul,broad,gray,enlarging,one,large,chocolate,solitary,grasses
poisonous,flat,scaly,yellow,no,foul,broad,chocolate,enlarging,one,large,chocolate,several,paths
poisonous,flat,scaly,yellow,no,foul,broad,pink,enlarging,one,large,chocolate,several,grasses
poisonous,convex,smooth,gray,yes,foul,broad,chocolate,tapering,one,pendant,chocolate,scattered,urban
poisonous,convex,scaly,red,no,fishy,narrow,buff,tapering,one,evanescent,white,several,leaves
poisonous,convex,scaly,yellow,no,none,narrow,white,enlarging,one,evanescent,white,several,woods
poisonous,convex,scaly,brown,no,foul,narrow,buff,tapering,one,evanescent,white,several,paths
poisonous,flat,smooth,white,yes,foul,broad,chocolate,tapering,one,pendant,chocolate,scattered,grasses
poisonous,flat,fibrous,gray,no,foul,broad,pink,enlarging,one,large,chocolate,solitary,grasses
edible,flat,fibrous,brown,no,none,narrow,white,enlarging,one,evanescent,white,several,leaves
poisonous,convex,smooth,gray,yes,foul,broad,white,tapering,one,pendant,chocolate,scattered,grasses
poisonous,flat,smooth,buff,yes,foul,broad,chocolate,tapering,one,pendant,chocolate,several,urban
edible,flat,smooth,red,yes,none,broad,red,enlarging,two,evanescent,white,clustered,waste
poisonous,convex,smooth,buff,yes,foul,broad,chocolate,tapering,one,pendant,chocolate,scattered,urban
poisonous,flat,scaly,yellow,no,foul,broad,pink,enlarging,one,large,chocolate,several,woods
poisonous,convex,scaly,brown,no,foul,narrow,buff,tapering,one,evanescent,white,several,woods
poisonous,flat,smooth,white,yes,foul,broad,pink,tapering,one,pendant,chocolate,several,grasses
poisonous,flat,smooth,gray,yes,foul,broad,chocolate,tapering,one,pendant,chocolate,scattered,grasses
poisonous,flat,scaly,yellow,no,foul,broad,pink,enlarging,one,large,chocolate,several,grasses
edible,flat,fibrous,cinnamon,no,none,narrow,white,enlarging,one,evanescent,white,several,leaves
poisonous,convex,scaly,brown,no,spicy,narrow,buff,tapering,one,evanescent,white,several,leaves
edible,knobbed,scaly,red,yes,none,broad,red,enlarging,two,evanescent,white,clustered,waste
poisonous,convex,scaly,brown,no,fishy,narrow,buff,tapering,one,evanescent,white,several,leaves
poisonous,flat,smooth,white,yes,foul,broad,pink,tapering,one,pendant,chocolate,scattered,grasses
poisonous,convex,scaly,red,no,fishy,narrow,buff,tapering,one,evanescent,white,several,leaves
edible,convex,smooth,brown,yes,none,broad,white,enlarging,two,evanescent,white,clustered,waste
poisonous,flat,scaly,gray,no,foul,broad,chocolate,enlarging,one,large,chocolate,several,paths
poisonous,convex,smooth,white,yes,foul,broad,white,tapering,one,pendant,chocolate,several,urban
edible,flat,smooth,red,yes,none,broad,white,enlarging,two,evanescent,white,clustered,waste
poisonous,flat,scaly,yellow,no,foul,broad,pink,enlarging,one,large,chocolate,several,woods
poisonous,flat,scaly,yellow,no,foul,broad,pink,enlarging,one,large,chocolate,several,woods
edible,flat,scaly,red,yes,none,broad,red,enlarging,two,evanescent,white,clustered,waste
poisonous,flat,smooth,gray,yes,foul,broad,pink,tapering,one,pendant,chocolate,several,grasses
edible,knobbed,smooth,brown,yes,none,broad,red,enlarging,two,evanescent,white,clustered,waste
poisonous,flat,scaly,yellow,no,foul,broad,pink,enlarging,one,large,chocolate,solitary,woods
poisonous,convex,smooth,white,yes,foul,broad,white,tapering,one,pendant,chocolate,scattered,grasses
poisonous,convex,scaly,brown,no,spicy,narrow,buff,tapering,one,evanescent,white,several,paths
poisonous,flat,scaly,yellow,no,foul,broad,pink,enlarging,one,large,chocolate,solitary,grasses
poisonous,flat,scaly,white,yes,none,broad,green,enlarging,two,pendant,green,several,grasses
poisonous,convex,scaly,brown,no,spicy,narrow,buff,tapering,one,evanescent,white,several,woods
edible,flat,scaly,white,no,none,narrow,white,enlarging,one,flaring,chocolate,several,woods
edible,convex,scaly,white,no,none,narrow,chocolate,enlarging,one,flaring,chocolate,solitary,woods
poisonous,convex,scaly,brown,no,foul,narrow,buff,tapering,one,evanescent,white,several,paths
poisonous,flat,smooth,gray,yes,foul,broad,pink,tapering,one,pendant,chocolate,scattered,urban
edible,convex,scaly,purple,no,none,narrow,white,enlarging,one,flaring,chocolate,several,woods
poisonous,flat,smooth,white,yes,none,broad,white,enlarging,two,pendant,green,several,grasses
poisonous,convex,scaly,yellow,no,foul,broad,gray,enlarging,one,large,chocolate,several,woods
poisonous,flat,smooth,gray,yes,foul,broad,chocolate,tapering,one,pendant,chocolate,several,grasses
poisonous,flat,scaly,yellow,no,foul,broad,gray,enlarging,one,large,chocolate,solitary,paths
poisonous,convex,fibrous,yellow,no,foul,broad,chocolate,enlarging,one,large,chocolate,several,grasses
poisonous,flat,scaly,yellow,no,foul,broad,chocolate,enlarging,one,large,chocolate,solitary,woods
poisonous,convex,smooth,gray,yes,foul,broad,pink,tapering,one,pendant,chocolate,scattered,grasses
edible,flat,scaly,green,no,none,narrow,purple,enlarging,one,flaring,chocolate,several,woods
poisonous,flat,smooth,white,yes,foul,broad,white,tapering,one,pendant,chocolate,scattered,grasses
edible,knobbed,smooth,brown,yes,none,broad,white,enlarging,two,evanescent,white,clustered,waste
poisonous,convex,scaly,brown,no,spicy,narrow,buff,tapering,one,evanescent,white,several,woods
poisonous,convex,smooth,gray,yes,foul,broad,white,tapering,one,pendant,chocolate,scattered,grasses
poisonous,flat,scaly,yellow,no,foul,broad,gray,enlarging,one,large,chocolate,solitary,grasses
poisonous,bell,smooth,white,yes,none,broad,white,enlarging,two,pendant,green,several,meadows
poisonous,convex,scaly,brown,no,foul,narrow,buff,tapering,one,evanescent,white,several,woods
poisonous,bell,smooth,buff,yes,none,broad,white,enlarging,two,pendant,green,several,meadows
poisonous,flat,fibrous,yellow,no,foul,broad,pink,enlarging,one,large,chocolate,solitary,grasses
poisonous,convex,scaly,gray,no,foul,broad,gray,enlarging,one,large,chocolate,solitary,woods
edible,convex,scaly,red,yes,none,broad,red,enlarging,two,evanescent,white,clustered,waste
edible,knobbed,smooth,buff,yes,none,broad,white,enlarging,two,evanescent,white,clustered,waste
poisonous,convex,scaly,brown,no,foul,narrow,buff,tapering,one,evanescent,white,several,leaves
edible,convex,smooth,red,yes,none,broad,red,enlarging,two,evanescent,white,clustered,waste
poisonous,flat,smooth,buff,yes,none,broad,green,enlarging,two,pendant,green,several,meadows
edible,flat,smooth,brown,yes,none,broad,white,enlarging,two,evanescent,white,clustered,waste
poisonous,convex,scaly,red,no,fishy,narrow,buff,tapering,one,evanescent,white,several,paths
edible,flat,scaly,buff,yes,none,broad,white,enlarging,two,evanescent,white,clustered,waste
poisonous,convex,smooth,gray,yes,foul,broad,white,tapering,one,pendant,chocolate,scattered,urban
poisonous,flat,smooth,buff,yes,none,broad,gray,enlarging,two,pendant,green,several,grasses
poisonous,convex,scaly,brown,no,spicy,narrow,buff,tapering,one,evanescent,white,several,leaves
poisonous,convex,scaly,red,no,fishy,narrow,buff,tapering,one,evanescent,white,several,leaves
poisonous,flat,scaly,yellow,no,foul,broad,chocolate,enlarging,one,large,chocolate,solitary,grasses
poisonous,convex,scaly,brown,no,foul,narrow,buff,tapering,one,evanescent,white,several,leaves
poisonous,convex,scaly,brown,no,spicy,narrow,buff,tapering,one,evanescent,white,several,woods
poisonous,flat,smooth,gray,yes,foul,broad,white,tapering,one,pendant,chocolate,several,urban
edible,convex,scaly,pink,yes,none,broad,white,enlarging,two,evanescent,white,clustered,waste
edible,convex,scaly,purple,no,none,narrow,purple,enlarging,one,flaring,chocolate,solitary,woods
poisonous,flat,scaly,yellow,no,foul,broad,gray,enlarging,one,large,chocolate,solitary,paths
poisonous,convex,smooth,gray,yes,foul,broad,chocolate,tapering,one,pendant,chocolate,several,grasses
poisonous,convex,scaly,brown,no,spicy,narrow,buff,tapering,one,evanescent,white,several,leaves
poisonous,flat,smooth,gray,yes,foul,broad,chocolate,tapering,one,pendant,chocolate,several,urban
poisonous,convex,smooth,buff,yes,foul,broad,chocolate,tapering,one,pendant,chocolate,several,grasses
poisonous,convex,fibrous,yellow,no,foul,broad,chocolate,enlarging,one,large,chocolate,solitary,grasses
poisonous,bell,smooth,white,yes,none,broad,green,enlarging,two,pendant,green,several,grasses
edible,knobbed,scaly,brown,yes,none,broad,red,enlarging,two,evanescent,white,clustered,waste
poisonous,convex,scaly,red,no,fishy,narrow,buff,tapering,one,evanescent,white,several,woods
poisonous,flat,scaly,yellow,no,foul,broad,pink,enlarging,one,large,chocolate,several,paths
edible,convex,scaly,buff,yes,none,broad,white,enlarging,two,evanescent,white,clustered,waste
poisonous,convex,smooth,buff,yes,foul,broad,pink,tapering,one,pendant,chocolate,several,grasses
poisonous,flat,smooth,gray,yes,foul,broad,white,tapering,one,pendant,chocolate,several,urban
poisonous,flat,smooth,buff,yes,foul,broad,pink,tapering,one,pendant,chocolate,scattered,urban
poisonous,flat,scaly,yellow,no,foul,broad,pink,enlarging,one,large,chocolate,solitary,woods
poisonous,convex,scaly,brown,no,foul,narrow,buff,tapering,one,evanescent,white,several,paths
poisonous,flat,smooth,white,yes,foul,broad,chocolate,tapering,one,pendant,chocolate,several,urban
edible,knobbed,scaly,brown,yes,none,broad,red,enlarging,two,evanescent,white,clustered,waste
edible,convex,smooth,red,yes,none,broad,white,enlarging,two,evanescent,white,clustered,waste
edible,convex,scaly,white,no,none,narrow,pink,enlarging,one,flaring,chocolate,several,woods
poisonous,flat,smooth,buff,yes,foul,broad,pink,tapering,one,pendant,chocolate,scattered,urban
poisonous,flat,smooth,gray,yes,foul,broad,chocolate,tapering,one,pendant,chocolate,scattered,urban
edible,flat,smooth,red,yes,none,broad,red,enlarging,two,evanescent,white,clustered,waste
poisonous,flat,scaly,yellow,no,foul,broad,pink,enlarging,one,large,chocolate,solitary,grasses
poisonous,convex,scaly,brown,no,spicy,narrow,buff,tapering,one,evanescent,white,several,leaves
poisonous,flat,smooth,white,yes,none,broad,gray,enlarging,two,pendant,green,several,grasses
poisonous,flat,scaly,gray,no,foul,broad,pink,enlarging,one,large,chocolate,solitary,woods
edible,convex,fibrous,brown,no,none,narrow,white,enlarging,one,evanescent,white,several,leaves
poisonous,flat,scaly,yellow,no,foul,broad,pink,enlarging,one,large,chocolate,solitary,woods
poisonous,convex,smooth,white,yes,foul,broad,pink,tapering,one,pendant,chocolate,scattered,urban
edible,convex,smooth,buff,yes,none,broad,white,enlarging,two,evanescent,white,clustered,waste
edible,convex,smooth,pink,yes,none,broad,white,enlarging,two,evanescent,white,clustered,waste
poisonous,convex,smooth,gray,yes,foul,broad,white,tapering,one,pendant,chocolate,several,grasses
poisonous,flat,fibrous,gray,no,foul,broad,pink,enlarging,one,large,chocolate,solitary,paths
poisonous,convex,smooth,white,yes,foul,broad,chocolate,tapering,one,pendant,chocolate,scattered,grasses
poisonous,convex,fibrous,yellow,no,foul,broad,chocolate,enlarging,one,large,chocolate,several,paths
poisonous,flat,smooth,white,yes,foul,broad,pink,tapering,one,pendant,chocolate,scattered,urban
edible,knobbed,scaly,brown,yes,none,broad,white,enlarging,two,evanescent,white,clustered,waste
edible,convex,scaly,pink,yes,none,broad,red,enlarging,two,evanescent,white,clustered,waste
poisonous,flat,scaly,yellow,no,foul,broad,gray,enlarging,one,large,chocolate,solitary,grasses
edible,flat,scaly,buff,yes,none,broad,red,enlarging,two,evanescent,white,clustered,waste
edible,convex,smooth,red,yes,none,broad,white,enlarging,two,evanescent,white,clustered,waste
poisonous,convex,smooth,gray,yes,foul,broad,pink,tapering,one,pendant,chocolate,several,urban
poisonous,flat,smooth,buff,yes,foul,broad,white,tapering,one,pendant,chocolate,several,urban
poisonous,flat,scaly,yellow,no,foul,broad,gray,enlarging,one,large,chocolate,several,paths
poisonous,convex,smooth,buff,yes,foul,broad,chocolate,tapering,one,pendant,chocolate,several,urban
poisonous,flat,smooth,white,yes,foul,broad,chocolate,tapering,one,pendant,chocolate,several,grasses
poisonous,flat,scaly,yellow,no,foul,broad,gray,enlarging,one,large,chocolate,several,grasses
poisonous,flat,scaly,yellow,no,foul,broad,pink,enlarging,one,large,chocolate,solitary,woods
poisonous,flat,scaly,gray,no,foul,broad,chocolate,enlarging,one,large,chocolate,solitary,paths
poisonous,flat,fibrous,gray,no,foul,broad,gray,enlarging,one,large,chocolate,several,paths
poisonous,bell,smooth,pink,yes,none,broad,gray,enlarging,two,pendant,green,several,meadows
poisonous,convex,scaly,brown,no,foul,narrow,buff,tapering,one,evanescent,white,several,leaves
poisonous,bell,smooth,white,yes,none,broad,white,enlarging,two,pendant,green,several,grasses
edible,convex,scaly,brown,yes,none,broad,white,enlarging,two,evanescent,white,clustered,waste
poisonous,convex,scaly,brown,no,fishy,narrow,buff,tapering,one,evanescent,white,several,paths
poisonous,convex,scaly,brown,no,fishy,narrow,buff,tapering,one,evanescent,white,several,paths
poisonous,convex,scaly,brown,no,foul,narrow,buff,tapering,one,evanescent,white,several,paths
poisonous,flat,smooth,buff,yes,foul,broad,white,tapering,one,pendant,chocolate,scattered,grasses
poisonous,bell,scaly,yellow,no,none,narrow,white,enlarging,one,evanescent,white,several,woods
poisonous,convex,smooth,gray,yes,foul,broad,white,tapering,one,pendant,chocolate,several,urban
edible,flat,scaly,pink,yes,none,broad,red,enlarging,two,evanescent,white,clustered,waste
edible,knobbed,smooth,pink,yes,none,broad,red,enlarging,two,evanescent,white,clustered,waste
edible,flat,scaly,brown,yes,none,broad,white,enlarging,two,evanescent,white,clustered,waste
poisonous,bell,scaly,pink,yes,none,broad,gray,enlarging,two,pendant,green,several,meadows
poisonous,convex,smooth,gray,yes,foul,broad,white,tapering,one,pendant,chocolate,several,grasses
poisonous,convex,smooth,gray,yes,foul,broad,pink,tapering,one,pendant,chocolate,scattered,grasses
poisonous,convex,fibrous,yellow,no,foul,broad,pink,enlarging,one,large,chocolate,several,grasses
poisonous,convex,scaly,brown,no,spicy,narrow,buff,tapering,one,evanescent,white,several,paths
poisonous,flat,scaly,buff,yes,none,broad,white,enlarging,two,pendant,green,several,grasses
poisonous,convex,smooth,buff,yes,foul,broad,chocolate,tapering,one,pendant,chocolate,several,urban
poisonous,bell,smooth,buff,yes,none,broad,green,enlarging,two,pendant,green,several,grasses
edible,flat,scaly,white,no,none,narrow,pink,enlarging,one,flaring,chocolate,solitary,woods
edible,convex,scaly,brown,no,none,narrow,white,enlarging,one,evanescent,white,several,leaves
poisonous,convex,fibrous,yellow,no,foul,broad,pink,enlarging,one,large,chocolate,several,paths
poisonous,flat,smooth,buff,yes,foul,broad,chocolate,tapering,one,pendant,chocolate,several,grasses
poisonous,flat,scaly,yellow,no,foul,broad,gray,enlarging,one,large,chocolate,several,grasses
edible,knobbed,smooth,red,yes,none,broad,red,enlarging,two,evanescent,white,clustered,waste
poisonous,flat,fibrous,yellow,no,foul,broad,chocolate,enlarging,one,large,chocolate,solitary,paths
poisonous,bell,fibrous,brown,no,none,narrow,white,enlarging,one,evanescent,white,several,woods
poisonous,convex,scaly,brown,no,spicy,narrow,buff,tapering,one,evanescent,white,several,paths
poisonous,flat,scaly,yellow,no,foul,broad,chocolate,enlarging,one,large,chocolate,solitary,woods
poisonous,convex,scaly,yellow,no,foul,broad,gray,enlarging,one,large,chocolate,solitary,grasses
poisonous,convex,smooth,gray,yes,foul,broad,pink,tapering,one,pendant,chocolate,scattered,grasses
poisonous,convex,scaly,brown,no,foul,narrow,buff,tapering,one,evanescent,white,several,woods
edible,convex,scaly,brown,yes,none,broad,white,enlarging,two,evanescent,white,clustered,waste
edible,flat,scaly,brown,no,none,narrow,white,enlarging,one,evanescent,white,several,leaves
poisonous,flat,scaly,buff,yes,none,broad,gray,enlarging,two,pendant,green,several,grasses
poisonous,knobbed,fibrous,brown,no,none,narrow,white,enlarging,one,evanescent,white,several,woods
poisonous,flat,scaly,gray,no,foul,broad,chocolate,enlarging,one,large,chocolate,several,grasses
poisonous,convex,scaly,brown,no,spicy,narrow,buff,tapering,one,evanescent,white,several,paths
poisonous,flat,fibrous,gray,no,foul,broad,chocolate,enlarging,one,large,chocolate,solitary,woods
poisonous,flat,fibrous,gray,no,foul,broad,pink,enlarging,one,large,chocolate,several,woods
poisonous,convex,smooth,gray,yes,foul,broad,pink,tapering,one,pendant,chocolate,scattered,grasses
edible,convex,scaly,green,no,none,narrow,purple,enlarging,one,flaring,chocolate,solitary,woods
poisonous,convex,scaly,brown,no,fishy,narrow,buff,tapering,one,evanescent,white,several,paths
poisonous,flat,smooth,pink,yes,none,broad,gray,enlarging,two,pendant,green,several,meadows
poisonous,convex,scaly,red,no,fishy,narrow,buff,tapering,one,evanescent,white,several,leaves
poisonous,flat,smooth,buff,yes,foul,broad,white,tapering,one,pendant,chocolate,several,grasses
poisonous,convex,smooth,buff,yes,foul,broad,white,tapering,one,pendant,chocolate,several,urban
edible,knobbed,smooth,red,yes,none,broad,red,enlarging,two,evanescent,white,clustered,waste
poisonous,flat,smooth,buff,yes,foul,broad,white,tapering,one,pendant,chocolate,scattered,grasses
edible,convex,fibrous,brown,no,none,narrow,white,enlarging,one,evanescent,white,several,leaves
poisonous,flat,scaly,yellow,no,foul,broad,pink,enlarging,one,large,chocolate,several,woods
edible,flat,scaly,white,no,none,narrow,white,enlarging,one,flaring,chocolate,solitary,woods
poisonous,flat,smooth,white,yes,foul,broad,white,tapering,one,pendant,chocolate,scattered,urban
poisonous,flat,smooth,pink,yes,none,broad,green,enlarging,two,pendant,green,several,grasses
poisonous,flat,scaly,yellow,no,foul,broad,pink,enlarging,one,large,chocolate,solitary,woods
poisonous,flat,smooth,gray,yes,foul,broad,chocolate,tapering,one,pendant,chocolate,scattered,grasses
poisonous,convex,scaly,brown,no,foul,narrow,buff,tapering,one,evanescent,white,several,leaves
poisonous,flat,scaly,yellow,no,foul,broad,gray,enlarging,one,large,chocolate,several,grasses
poisonous,flat,smooth,gray,yes,foul,broad,chocolate,tapering,one,pendant,chocolate,scattered,grasses
poisonous,flat,smooth,white,yes,foul,broad,chocolate,tapering,one,pendant,chocolate,scattered,urban
poisonous,convex,scaly,brown,no,spicy,narrow,buff,tapering,one,evanescent,white,several,woods
poisonous,flat,fibrous,yellow,no,foul,broad,pink,enlarging,one,large,chocolate,solitary,woods
poisonous,convex,scaly,brown,no,foul,narrow,buff,tapering,one,evanescent,white,several,woods
poisonous,bell,scaly,buff,yes,none,broad,gray,enlarging,two,pendant,green,several,grasses
poisonous,flat,scaly,yellow,no,foul,broad,gray,enlarging,one,large,chocolate,several,grasses
poisonous,convex,scaly,red,no,fishy,narrow,buff,tapering,one,evanescent,white,several,leaves
poisonous,convex,scaly,brown,no,foul,narrow,buff,tapering,one,evanescent,white,several,woods
edible,knobbed,scaly,buff,yes,none,broad,red,enlarging,two,evanescent,white,clustered,waste
edible,convex,scaly,white,no,none,narrow,pink,enlarging,one,flaring,chocolate,solitary,woods
poisonous,flat,smooth,buff,yes,foul,broad,pink,tapering,one,pendant,chocolate,several,urban
poisonous,flat,scaly,yellow,no,foul,broad,gray,enlarging,one,large,chocolate,solitary,grasses
poisonous,convex,scaly,red,no,foul,narrow,buff,tapering,one,evanescent,white,several,paths
poisonous,flat,smooth,red,no,spicy,narrow,buff,tapering,one,evanescent,white,several,woods
poisonous,convex,scaly,red,no,foul,narrow,buff,tapering,one,evanescent,white,several,woods
poisonous,convex,smooth,brown,no,foul,narrow,buff,tapering,one,evanescent,white,several,paths
poisonous,flat,scaly,brown,no,foul,narrow,buff,tapering,one,evanescent,white,several,paths
poisonous,flat,scaly,red,no,spicy,narrow,buff,tapering,one,evanescent,white,several,woods
poisonous,knobbed,scaly,brown,no,fishy,narrow,buff,tapering,one,evanescent,white,several,leaves
poisonous,flat,scaly,red,no,fishy,narrow,buff,tapering,one,evanescent,white,several,paths
poisonous,convex,smooth,red,no,spicy,narrow,buff,tapering,one,evanescent,white,several,leaves
poisonous,flat,scaly,brown,no,foul,narrow,buff,tapering,one,evanescent,white,several,paths
poisonous,flat,scaly,red,no,foul,narrow,buff,tapering,one,evanescent,white,several,woods
poisonous,convex,smooth,red,no,spicy,narrow,buff,tapering,one,evanescent,white,several,leaves
poisonous,convex,smooth,brown,no,spicy,narrow,buff,tapering,one,evanescent,white,several,leaves
poisonous,flat,smooth,red,no,foul,narrow,buff,tapering,one,evanescent,white,several,woods
poisonous,flat,smooth,red,no,fishy,narrow,buff,tapering,one,evanescent,white,several,leaves
poisonous,flat,scaly,red,no,foul,narrow,buff,tapering,one,evanescent,white,several,paths
poisonous,flat,scaly,brown,no,fishy,narrow,buff,tapering,one,evanescent,white,several,paths
poisonous,flat,scaly,brown,no,foul,narrow,buff,tapering,one,evanescent,white,several,paths
poisonous,convex,scaly,red,no,spicy,narrow,buff,tapering,one,evanescent,white,several,woods
poisonous,knobbed,smooth,brown,no,fishy,narrow,buff,tapering,one,evanescent,white,several,paths
poisonous,convex,smooth,brown,no,foul,narrow,buff,tapering,one,evanescent,white,several,leaves
poisonous,flat,smooth,red,no,fishy,narrow,buff,tapering,one,evanescent,white,several,woods
poisonous,flat,scaly,red,no,spicy,narrow,buff,tapering,one,evanescent,white,several,leaves
poisonous,knobbed,smooth,red,no,fishy,narrow,buff,tapering,one,evanescent,white,several,paths
poisonous,flat,scaly,red,no,fishy,narrow,buff,tapering,one,evanescent,white,several,woods
poisonous,convex,smooth,brown,no,spicy,narrow,buff,tapering,one,evanescent,white,several,paths
poisonous,flat,smooth,red,no,fishy,narrow,buff,tapering,one,evanescent,white,several,woods
poisonous,flat,smooth,brown,no,fishy,narrow,buff,tapering,one,evanescent,white,several,leaves
poisonous,flat,scaly,red,no,spicy,narrow,buff,tapering,one,evanescent,white,several,woods
poisonous,flat,smooth,red,no,fishy,narrow,buff,tapering,one,evanescent,white,several,leaves
poisonous,flat,smooth,brown,no,spicy,narrow,buff,tapering,one,evanescent,white,several,paths
poisonous,flat,scaly,red,no,spicy,narrow,buff,tapering,one,evanescent,white,several,paths
poisonous,convex,smooth,red,no,spicy,narrow,buff,tapering,one,evanescent,white,several,leaves
poisonous,flat,smooth,red,no,foul,narrow,buff,tapering,one,evanescent,white,several,paths
poisonous,convex,smooth,brown,no,spicy,narrow,buff,tapering,one,evanescent,white,several,woods
poisonous,flat,scaly,brown,no,spicy,narrow,buff,tapering,one,evanescent,white,several,paths
poisonous,convex,scaly,red,no,foul,narrow,buff,tapering,one,evanescent,white,several,leaves
poisonous,flat,scaly,brown,no,fishy,narrow,buff,tapering,one,evanescent,white,several,leaves
edible,bell,smooth,brown,no,none,broad,yellow,enlarging,one,pendant,brown,clustered,leaves
poisonous,flat,smooth,brown,no,fishy,narrow,buff,tapering,one,evanescent,white,several,woods
edible,convex,smooth,brown,no,none,broad,orange,enlarging,one,pendant,brown,several,leaves
poisonous,flat,scaly,red,no,fishy,narrow,buff,tapering,one,evanescent,white,several,woods
poisonous,flat,scaly,brown,no,spicy,narrow,buff,tapering,one,evanescent,white,several,leaves
poisonous,flat,scaly,red,no,fishy,narrow,buff,tapering,one,evanescent,white,several,paths
poisonous,flat,smooth,brown,no,fishy,narrow,buff,tapering,one,evanescent,white,several,leaves
poisonous,convex,scaly,red,no,fishy,narrow,buff,tapering,one,evanescent,white,several,leaves
poisonous,convex,smooth,brown,no,foul,narrow,buff,tapering,one,evanescent,white,several,woods
poisonous,flat,smooth,brown,no,spicy,narrow,buff,tapering,one,evanescent,white,several,woods
poisonous,flat,scaly,red,no,fishy,narrow,buff,tapering,one,evanescent,white,several,woods
poisonous,flat,smooth,brown,no,foul,narrow,buff,tapering,one,evanescent,white,several,woods
poisonous,flat,smooth,brown,no,spicy,narrow,buff,tapering,one,evanescent,white,several,paths
poisonous,flat,smooth,brown,no,foul,narrow,buff,tapering,one,evanescent,white,several,leaves
poisonous,flat,scaly,red,no,spicy,narrow,buff,tapering,one,evanescent,white,several,woods
poisonous,flat,smooth,red,no,fishy,narrow,buff,tapering,one,evanescent,white,several,leaves
poisonous,convex,scaly,red,no,foul,narrow,buff,tapering,one,evanescent,white,several,leaves
poisonous,convex,smooth,red,no,fishy,narrow,buff,tapering,one,evanescent,white,several,woods
poisonous,flat,smooth,red,no,foul,narrow,buff,tapering,one,evanescent,white,several,woods
poisonous,flat,scaly,brown,no,fishy,narrow,buff,tapering,one,evanescent,white,several,paths
poisonous,convex,scaly,red,no,foul,narrow,buff,tapering,one,evanescent,white,several,woods
poisonous,knobbed,smooth,red,no,spicy,narrow,buff,tapering,one,evanescent,white,several,leaves
poisonous,knobbed,smooth,brown,no,foul,narrow,buff,tapering,one,evanescent,white,several,leaves
poisonous,flat,scaly,brown,no,foul,narrow,buff,tapering,one,evanescent,white,several,woods
poisonous,convex,smooth,red,no,spicy,narrow,buff,tapering,one,evanescent,white,several,leaves
poisonous,convex,scaly,red,no,foul,narrow,buff,tapering,one,evanescent,white,several,leaves
poisonous,flat,scaly,red,no,spicy,narrow,buff,tapering,one,evanescent,white,several,paths
poisonous,flat,scaly,brown,no,spicy,narrow,buff,tapering,one,evanescent,white,several,leaves
poisonous,flat,smooth,red,no,foul,narrow,buff,tapering,one,evanescent,white,several,paths
poisonous,convex,smooth,brown,no,spicy,narrow,buff,tapering,one,evanescent,white,several,paths
edible,convex,fibrous,white,no,none,broad,white,enlarging,two,pendant,white,numerous,grasses
poisonous,flat,scaly,brown,no,fishy,narrow,buff,tapering,one,evanescent,white,several,paths
poisonous,convex,smooth,brown,no,foul,narrow,buff,tapering,one,evanescent,white,several,woods
poisonous,convex,smooth,red,no,foul,narrow,buff,tapering,one,evanescent,white,several,woods
poisonous,flat,smooth,brown,no,spicy,narrow,buff,tapering,one,evanescent,white,several,leaves
poisonous,flat,smooth,brown,no,spicy,narrow,buff,tapering,one,evanescent,white,several,leaves
poisonous,convex,scaly,red,no,spicy,narrow,buff,tapering,one,evanescent,white,several,leaves
poisonous,convex,smooth,red,no,foul,narrow,buff,tapering,one,evanescent,white,several,woods
poisonous,flat,smooth,brown,no,fishy,narrow,buff,tapering,one,evanescent,white,several,leaves
poisonous,knobbed,smooth,brown,no,foul,narrow,buff,tapering,one,evanescent,white,several,paths
poisonous,flat,scaly,brown,no,spicy,narrow,buff,tapering,one,evanescent,white,several,paths
poisonous,convex,smooth,brown,no,spicy,narrow,buff,tapering,one,evanescent,white,several,leaves
poisonous,flat,scaly,red,no,fishy,narrow,buff,tapering,one,evanescent,white,several,leaves
poisonous,convex,smooth,red,no,fishy,narrow,buff,tapering,one,evanescent,white,several,woods
poisonous,flat,smooth,brown,no,spicy,narrow,buff,tapering,one,evanescent,white,several,leaves
poisonous,flat,scaly,brown,no,spicy,narrow,buff,tapering,one,evanescent,white,several,paths
poisonous,knobbed,scaly,brown,no,fishy,narrow,buff,tapering,one,evanescent,white,several,leaves
poisonous,flat,scaly,brown,no,spicy,narrow,buff,tapering,one,evanescent,white,several,woods
poisonous,flat,smooth,brown,no,fishy,narrow,buff,tapering,one,evanescent,white,several,woods
poisonous,convex,smooth,red,no,spicy,narrow,buff,tapering,one,evanescent,white,several,leaves
poisonous,flat,smooth,brown,no,fishy,narrow,buff,tapering,one,evanescent,white,several,leaves
poisonous,flat,smooth,brown,no,spicy,narrow,buff,tapering,one,evanescent,white,several,woods
poisonous,flat,smooth,red,no,foul,narrow,buff,tapering,one,evanescent,white,several,leaves
poisonous,flat,scaly,brown,no,fishy,narrow,buff,tapering,one,evanescent,white,several,leaves
poisonous,flat,smooth,brown,no,foul,narrow,buff,tapering,one,evanescent,white,several,woods
poisonous,flat,scaly,brown,no,foul,narrow,buff,tapering,one,evanescent,white,several,leaves
poisonous,flat,smooth,red,no,fishy,narrow,buff,tapering,one,evanescent,white,several,leaves
poisonous,flat,smooth,red,no,foul,narrow,buff,tapering,one,evanescent,white,several,leaves
poisonous,convex,scaly,red,no,foul,narrow,buff,tapering,one,evanescent,white,several,paths
poisonous,flat,smooth,brown,no,fishy,narrow,buff,tapering,one,evanescent,white,several,paths
poisonous,convex,scaly,red,no,fishy,narrow,buff,tapering,one,evanescent,white,several,woods
poisonous,flat,scaly,red,no,foul,narrow,buff,tapering,one,evanescent,white,several,leaves
poisonous,convex,smooth,brown,no,foul,narrow,buff,tapering,one,evanescent,white,several,paths
poisonous,flat,scaly,brown,no,spicy,narrow,buff,tapering,one,evanescent,white,several,paths
poisonous,flat,scaly,red,no,foul,narrow,buff,tapering,one,evanescent,white,several,woods
poisonous,convex,scaly,red,no,spicy,narrow,buff,tapering,one,evanescent,white,several,leaves
poisonous,flat,scaly,brown,no,fishy,narrow,buff,tapering,one,evanescent,white,several,woods
poisonous,flat,scaly,brown,no,fishy,narrow,buff,tapering,one,evanescent,white,several,leaves
poisonous,convex,scaly,red,no,spicy,narrow,buff,tapering,one,evanescent,white,several,leaves
poisonous,flat,scaly,brown,no,fishy,narrow,buff,tapering,one,evanescent,white,several,leaves
poisonous,flat,smooth,brown,no,spicy,narrow,buff,tapering,one,evanescent,white,several,leaves
poisonous,convex,smooth,brown,no,foul,narrow,buff,tapering,one,evanescent,white,several,paths
poisonous,flat,scaly,red,no,fishy,narrow,buff,tapering,one,evanescent,white,several,paths
poisonous,convex,scaly,red,no,spicy,narrow,buff,tapering,one,evanescent,white,several,leaves
poisonous,convex,smooth,red,no,foul,narrow,buff,tapering,one,evanescent,white,several,paths
poisonous,flat,smooth,red,no,foul,narrow,buff,tapering,one,evanescent,white,several,leaves
poisonous,flat,scaly,red,no,foul,narrow,buff,tapering,one,evanescent,white,several,woods
poisonous,convex,scaly,red,no,spicy,narrow,buff,tapering,one,evanescent,white,several,leaves
poisonous,convex,scaly,red,no,spicy,narrow,buff,tapering,one,evanescent,white,several,leaves
poisonous,convex,smooth,brown,no,foul,narrow,buff,tapering,one,evanescent,white,several,leaves
poisonous,convex,smooth,red,no,foul,narrow,buff,tapering,one,evanescent,white,several,leaves
poisonous,knobbed,smooth,red,no,spicy,narrow,buff,tapering,one,evanescent,white,several,paths
edible,convex,smooth,cinnamon,yes,none,broad,white,enlarging,two,pendant,white,several,paths
poisonous,convex,smooth,red,no,fishy,narrow,buff,tapering,one,evanescent,white,several,paths
poisonous,flat,smooth,brown,no,fishy,narrow,buff,tapering,one,evanescent,white,several,woods
poisonous,convex,smooth,brown,no,fishy,narrow,buff,tapering,one,evanescent,white,several,leaves
poisonous,flat,scaly,brown,no,spicy,narrow,buff,tapering,one,evanescent,white,several,paths
poisonous,flat,scaly,red,no,fishy,narrow,buff,tapering,one,evanescent,white,several,leaves
poisonous,flat,smooth,red,no,spicy,narrow,buff,tapering,one,evanescent,white,several,leaves
poisonous,convex,scaly,red,no,foul,narrow,buff,tapering,one,evanescent,white,several,leaves
poisonous,convex,smooth,red,no,foul,narrow,buff,tapering,one,evanescent,white,several,leaves
poisonous,convex,smooth,brown,no,fishy,narrow,buff,tapering,one,evanescent,white,several,woods
poisonous,convex,scaly,red,no,foul,narrow,buff,tapering,one,evanescent,white,several,woods
poisonous,flat,smooth,red,no,foul,narrow,buff,tapering,one,evanescent,white,several,paths
poisonous,flat,smooth,brown,no,fishy,narrow,buff,tapering,one,evanescent,white,several,leaves
poisonous,flat,scaly,red,no,fishy,narrow,buff,tapering,one,evanescent,white,several,paths
poisonous,convex,scaly,red,no,spicy,narrow,buff,tapering,one,evanescent,white,several,leaves
poisonous,knobbed,smooth,red,no,foul,narrow,buff,tapering,one,evanescent,white,several,paths
poisonous,flat,scaly,brown,no,spicy,narrow,buff,tapering,one,evanescent,white,several,woods
poisonous,flat,smooth,brown,no,fishy,narrow,buff,tapering,one,evanescent,white,several,woods
poisonous,convex,smooth,red,no,fishy,narrow,buff,tapering,one,evanescent,white,several,paths
poisonous,flat,smooth,brown,no,foul,narrow,buff,tapering,one,evanescent,white,several,leaves
poisonous,flat,smooth,red,no,spicy,narrow,buff,tapering,one,evanescent,white,several,paths
poisonous,flat,scaly,red,no,fishy,narrow,buff,tapering,one,evanescent,white,several,leaves
edible,bell,fibrous,white,no,none,broad,gray,enlarging,two,pendant,white,numerous,grasses
poisonous,convex,scaly,red,no,spicy,narrow,buff,tapering,one,evanescent,white,several,leaves
poisonous,convex,scaly,red,no,foul,narrow,buff,tapering,one,evanescent,white,several,paths
poisonous,flat,scaly,red,no,spicy,narrow,buff,tapering,one,evanescent,white,several,leaves
poisonous,flat,scaly,red,no,fishy,narrow,buff,tapering,one,evanescent,white,several,leaves
edible,knobbed,fibrous,white,no,none,broad,gray,enlarging,two,pendant,white,scattered,grasses
poisonous,convex,smooth,brown,no,spicy,narrow,buff,tapering,one,evanescent,white,several,paths
poisonous,flat,smooth,brown,no,spicy,narrow,buff,tapering,one,evanescent,white,several,paths
poisonous,convex,smooth,brown,no,spicy,narrow,buff,tapering,one,evanescent,white,several,woods
poisonous,flat,smooth,red,no,foul,narrow,buff,tapering,one,evanescent,white,several,woods
poisonous,convex,smooth,brown,no,foul,narrow,buff,tapering,one,evanescent,white,several,paths
poisonous,convex,smooth,brown,no,foul,narrow,buff,tapering,one,evanescent,white,several,paths
poisonous,convex,smooth,red,no,spicy,narrow,buff,tapering,one,evanescent,white,several,paths
poisonous,knobbed,smooth,brown,no,fishy,narrow,buff,tapering,one,evanescent,white,several,woods
poisonous,convex,scaly,red,no,foul,narrow,buff,tapering,one,evanescent,white,several,woods
poisonous,convex,smooth,red,no,foul,narrow,buff,tapering,one,evanescent,white,several,woods
poisonous,convex,scaly,red,no,foul,narrow,buff,tapering,one,evanescent,white,several,woods
poisonous,convex,smooth,red,no,spicy,narrow,buff,tapering,one,evanescent,white,several,woods
poisonous,convex,smooth,red,no,foul,narrow,buff,tapering,one,evanescent,white,several,woods
poisonous,convex,smooth,red,no,spicy,narrow,buff,tapering,one,evanescent,white,several,leaves
poisonous,convex,smooth,red,no,spicy,narrow,buff,tapering,one,evanescent,white,several,woods
poisonous,flat,scaly,red,no,spicy,narrow,buff,tapering,one,evanescent,white,several,woods
poisonous,convex,smooth,brown,no,fishy,narrow,buff,tapering,one,evanescent,white,several,woods
poisonous,flat,smooth,brown,no,fishy,narrow,buff,tapering,one,evanescent,white,several,woods
poisonous,convex,smooth,red,no,foul,narrow,buff,tapering,one,evanescent,white,several,woods
poisonous,flat,smooth,red,no,fishy,narrow,buff,tapering,one,evanescent,white,several,paths
poisonous,convex,smooth,brown,no,fishy,narrow,buff,tapering,one,evanescent,white,several,leaves
poisonous,flat,scaly,red,no,fishy,narrow,buff,tapering,one,evanescent,white,several,woods
poisonous,convex,smooth,brown,no,fishy,narrow,buff,tapering,one,evanescent,white,several,leaves
poisonous,knobbed,smooth,brown,no,foul,narrow,buff,tapering,one,evanescent,white,several,paths
poisonous,flat,smooth,red,no,foul,narrow,buff,tapering,one,evanescent,white,several,leaves
poisonous,flat,smooth,red,no,foul,narrow,buff,tapering,one,evanescent,white,several,leaves
poisonous,flat,scaly,red,no,foul,narrow,buff,tapering,one,evanescent,white,several,paths
poisonous,knobbed,smooth,brown,no,foul,narrow,buff,tapering,one,evanescent,white,several,paths
poisonous,flat,scaly,brown,no,foul,narrow,buff,tapering,one,evanescent,white,several,leaves
poisonous,flat,smooth,red,no,foul,narrow,buff,tapering,one,evanescent,white,several,paths
poisonous,convex,scaly,red,no,spicy,narrow,buff,tapering,one,evanescent,white,several,woods
poisonous,flat,smooth,red,no,fishy,narrow,buff,tapering,one,evanescent,white,several,leaves
poisonous,flat,scaly,red,no,foul,narrow,buff,tapering,one,evanescent,white,several,leaves
poisonous,flat,smooth,brown,no,spicy,narrow,buff,tapering,one,evanescent,white,several,woods
poisonous,flat,smooth,brown,no,foul,narrow,buff,tapering,one,evanescent,white,several,woods
poisonous,convex,scaly,red,no,spicy,narrow,buff,tapering,one,evanescent,white,several,paths
poisonous,convex,scaly,red,no,spicy,narrow,buff,tapering,one,evanescent,white,several,leaves
poisonous,flat,smooth,red,no,fishy,narrow,buff,tapering,one,evanescent,white,several,paths
poisonous,knobbed,scaly,red,no,foul,narrow,buff,tapering,one,evanescent,white,several,woods
poisonous,flat,scaly,red,no,spicy,narrow,buff,tapering,one,evanescent,white,several,paths
poisonous,knobbed,scaly,brown,no,spicy,narrow,buff,tapering,one,evanescent,white,several,woods
poisonous,convex,smooth,red,no,spicy,narrow,buff,tapering,one,evanescent,white,several,leaves
poisonous,convex,scaly,red,no,spicy,narrow,buff,tapering,one,evanescent,white,several,paths
poisonous,convex,smooth,brown,no,foul,narrow,buff,tapering,one,evanescent,white,several,leaves
poisonous,flat,scaly,brown,no,foul,narrow,buff,tapering,one,evanescent,white,several,leaves
poisonous,convex,smooth,red,no,foul,narrow,buff,tapering,one,evanescent,white,several,paths
edible,bell,smooth,gray,no,none,broad,white,enlarging,two,pendant,white,numerous,grasses
poisonous,convex,scaly,red,no,spicy,narrow,buff,tapering,one,evanescent,white,several,paths
poisonous,convex,smooth,red,no,spicy,narrow,buff,tapering,one,evanescent,white,several,woods
poisonous,flat,scaly,red,no,spicy,narrow,buff,tapering,one,evanescent,white,several,leaves
poisonous,convex,smooth,red,no,fishy,narrow,buff,tapering,one,evanescent,white,several,paths
poisonous,flat,scaly,red,no,fishy,narrow,buff,tapering,one,evanescent,white,several,woods
poisonous,flat,scaly,red,no,foul,narrow,buff,tapering,one,evanescent,white,several,leaves
poisonous,convex,smooth,brown,no,foul,narrow,buff,tapering,one,evanescent,white,several,woods
poisonous,flat,scaly,brown,no,foul,narrow,buff,tapering,one,evanescent,white,several,paths
edible,knobbed,smooth,white,no,none,broad,gray,enlarging,two,pendant,white,scattered,grasses
poisonous,flat,scaly,red,no,spicy,narrow,buff,tapering,one,evanescent,white,several,paths
poisonous,convex,smooth,red,no,foul,narrow,buff,tapering,one,evanescent,white,several,paths
poisonous,flat,scaly,brown,no,fishy,narrow,buff,tapering,one,evanescent,white,several,leaves
poisonous,flat,scaly,brown,no,spicy,narrow,buff,tapering,one,evanescent,white,several,leaves
poisonous,convex,smooth,red,no,fishy,narrow,buff,tapering,one,evanescent,white,several,leaves
poisonous,flat,scaly,red,no,fishy,narrow,buff,tapering,one,evanescent,white,several,woods
poisonous,flat,scaly,red,no,foul,narrow,buff,tapering,one,evanescent,white,several,paths
poisonous,flat,smooth,brown,no,fishy,narrow,buff,tapering,one,evanescent,white,several,paths
poisonous,convex,scaly,red,no,foul,narrow,buff,tapering,one,evanescent,white,several,paths
poisonous,flat,scaly,red,no,spicy,narrow,buff,tapering,one,evanescent,white,several,woods
edible,bell,fibrous,gray,no,none,broad,pink,enlarging,two,pendant,white,numerous,grasses
poisonous,knobbed,scaly,red,no,spicy,narrow,buff,tapering,one,evanescent,white,several,leaves
poisonous,convex,scaly,red,no,foul,narrow,buff,tapering,one,evanescent,white,several,leaves
poisonous,knobbed,smooth,red,no,foul,narrow,buff,tapering,one,evanescent,white,several,leaves
poisonous,convex,smooth,brown,no,spicy,narrow,buff,tapering,one,evanescent,white,several,paths
edible,knobbed,smooth,white,no,none,broad,gray,enlarging,two,pendant,white,scattered,grasses
poisonous,flat,smooth,red,no,spicy,narrow,buff,tapering,one,evanescent,white,several,woods
poisonous,convex,smooth,brown,no,fishy,narrow,buff,tapering,one,evanescent,white,several,paths
poisonous,knobbed,smooth,red,no,foul,narrow,buff,tapering,one,evanescent,white,several,paths
poisonous,knobbed,scaly,brown,no,spicy,narrow,buff,tapering,one,evanescent,white,several,leaves
poisonous,knobbed,scaly,red,no,foul,narrow,buff,tapering,one,evanescent,white,several,paths
poisonous,convex,smooth,red,no,fishy,narrow,buff,tapering,one,evanescent,white,several,woods
poisonous,flat,smooth,red,no,spicy,narrow,buff,tapering,one,evanescent,white,several,paths
poisonous,flat,scaly,red,no,foul,narrow,buff,tapering,one,evanescent,white,several,paths
poisonous,convex,scaly,red,no,spicy,narrow,buff,tapering,one,evanescent,white,several,woods
poisonous,flat,scaly,brown,no,fishy,narrow,buff,tapering,one,evanescent,white,several,woods
poisonous,convex,scaly,red,no,fishy,narrow,buff,tapering,one,evanescent,white,several,woods
poisonous,flat,scaly,brown,no,fishy,narrow,buff,tapering,one,evanescent,white,several,leaves
poisonous,convex,scaly,red,no,fishy,narrow,buff,tapering,one,evanescent,white,several,leaves
poisonous,knobbed,scaly,brown,no,fishy,narrow,buff,tapering,one,evanescent,white,several,leaves
poisonous,flat,smooth,red,no,foul,narrow,buff,tapering,one,evanescent,white,several,leaves
poisonous,convex,smooth,brown,no,foul,narrow,buff,tapering,one,evanescent,white,several,paths
poisonous,flat,scaly,brown,no,foul,narrow,buff,tapering,one,evanescent,white,several,woods
poisonous,flat,smooth,red,no,spicy,narrow,buff,tapering,one,evanescent,white,several,woods
poisonous,convex,smooth,red,no,fishy,narrow,buff,tapering,one,evanescent,white,several,woods
poisonous,flat,smooth,brown,no,fishy,narrow,buff,tapering,one,evanescent,white,several,woods
poisonous,flat,scaly,brown,no,spicy,narrow,buff,tapering,one,evanescent,white,several,leaves
poisonous,convex,scaly,red,no,foul,narrow,buff,tapering,one,evanescent,white,several,woods
poisonous,convex,smooth,red,no,foul,narrow,buff,tapering,one,evanescent,white,several,woods
poisonous,flat,scaly,red,no,fishy,narrow,buff,tapering,one,evanescent,white,several,leaves
poisonous,flat,smooth,red,no,fishy,narrow,buff,tapering,one,evanescent,white,several,leaves
poisonous,flat,scaly,red,no,foul,narrow,buff,tapering,one,evanescent,white,several,woods
poisonous,convex,smooth,brown,no,spicy,narrow,buff,tapering,one,evanescent,white,several,leaves
poisonous,flat,smooth,brown,no,spicy,narrow,buff,tapering,one,evanescent,white,several,woods
poisonous,convex,smooth,brown,no,foul,narrow,buff,tapering,one,evanescent,white,several,leaves
poisonous,flat,scaly,brown,no,fishy,narrow,buff,tapering,one,evanescent,white,several,paths
poisonous,knobbed,scaly,brown,no,spicy,narrow,buff,tapering,one,evanescent,white,several,woods
poisonous,convex,smooth,red,no,spicy,narrow,buff,tapering,one,evanescent,white,several,paths
poisonous,flat,scaly,brown,no,foul,narrow,buff,tapering,one,evanescent,white,several,woods
poisonous,convex,scaly,red,no,spicy,narrow,buff,tapering,one,evanescent,white,several,paths
poisonous,flat,scaly,red,no,spicy,narrow,buff,tapering,one,evanescent,white,several,woods
poisonous,convex,scaly,red,no,fishy,narrow,buff,tapering,one,evanescent,white,several,woods
poisonous,flat,scaly,red,no,fishy,narrow,buff,tapering,one,evanescent,white,several,leaves
poisonous,flat,scaly,red,no,spicy,narrow,buff,tapering,one,evanescent,white,several,woods
poisonous,flat,smooth,red,no,spicy,narrow,buff,tapering,one,evanescent,white,several,leaves
poisonous,knobbed,scaly,red,no,fishy,narrow,buff,tapering,one,evanescent,white,several,leaves
poisonous,convex,smooth,red,no,foul,narrow,buff,tapering,one,evanescent,white,several,paths
edible,knobbed,smooth,gray,no,none,broad,gray,enlarging,two,pendant,white,scattered,grasses
poisonous,convex,smooth,brown,no,fishy,narrow,buff,tapering,one,evanescent,white,several,leaves
poisonous,flat,smooth,red,no,spicy,narrow,buff,tapering,one,evanescent,white,several,woods
poisonous,flat,smooth,brown,no,fishy,narrow,buff,tapering,one,evanescent,white,several,woods
poisonous,flat,smooth,red,no,spicy,narrow,buff,tapering,one,evanescent,white,several,leaves
poisonous,flat,scaly,brown,no,spicy,narrow,buff,tapering,one,evanescent,white,several,paths
poisonous,convex,smooth,red,no,fishy,narrow,buff,tapering,one,evanescent,white,several,paths
poisonous,convex,smooth,red,no,spicy,narrow,buff,tapering,one,evanescent,white,several,paths
poisonous,convex,smooth,red,no,fishy,narrow,buff,tapering,one,evanescent,white,several,woods
poisonous,convex,smooth,red,no,foul,narrow,buff,tapering,one,evanescent,white,several,paths
poisonous,flat,smooth,red,no,spicy,narrow,buff,tapering,one,evanescent,white,several,woods
poisonous,convex,smooth,red,no,spicy,narrow,buff,tapering,one,evanescent,white,several,paths
poisonous,convex,smooth,brown,no,foul,narrow,buff,tapering,one,evanescent,white,several,leaves
poisonous,flat,smooth,brown,no,spicy,narrow,buff,tapering,one,evanescent,white,several,leaves
poisonous,knobbed,scaly,brown,no,fishy,narrow,buff,tapering,one,evanescent,white,several,woods
poisonous,convex,scaly,red,no,spicy,narrow,buff,tapering,one,evanescent,white,several,paths
poisonous,convex,smooth,brown,no,foul,narrow,buff,tapering,one,evanescent,white,several,leaves
poisonous,convex,smooth,red,no,foul,narrow,buff,tapering,one,evanescent,white,several,paths
edible,bell,smooth,white,no,none,broad,pink,enlarging,two,pendant,white,scattered,grasses
poisonous,flat,smooth,red,no,spicy,narrow,buff,tapering,one,evanescent,white,several,paths
poisonous,convex,smooth,red,no,fishy,narrow,buff,tapering,one,evanescent,white,several,leaves
poisonous,convex,scaly,red,no,foul,narrow,buff,tapering,one,evanescent,white,several,woods
poisonous,flat,scaly,brown,no,foul,narrow,buff,tapering,one,evanescent,white,several,paths
poisonous,flat,smooth,red,no,fishy,narrow,buff,tapering,one,evanescent,white,several,leaves
poisonous,flat,scaly,brown,no,spicy,narrow,buff,tapering,one,evanescent,white,several,woods
poisonous,flat,scaly,red,no,foul,narrow,buff,tapering,one,evanescent,white,several,woods
poisonous,flat,smooth,brown,no,foul,narrow,buff,tapering,one,evanescent,white,several,woods
poisonous,convex,scaly,red,no,foul,narrow,buff,tapering,one,evanescent,white,several,leaves
poisonous,flat,smooth,brown,no,spicy,narrow,buff,tapering,one,evanescent,white,several,woods
poisonous,convex,smooth,brown,no,fishy,narrow,buff,tapering,one,evanescent,white,several,leaves
poisonous,flat,smooth,red,no,spicy,narrow,buff,tapering,one,evanescent,white,several,paths
poisonous,convex,smooth,brown,no,spicy,narrow,buff,tapering,one,evanescent,white,several,woods
poisonous,flat,smooth,red,no,spicy,narrow,buff,tapering,one,evanescent,white,several,leaves
poisonous,convex,scaly,red,no,fishy,narrow,buff,tapering,one,evanescent,white,several,paths
poisonous,flat,scaly,brown,no,foul,narrow,buff,tapering,one,evanescent,white,several,paths
poisonous,convex,scaly,red,no,foul,narrow,buff,tapering,one,evanescent,white,several,leaves
poisonous,flat,smooth,brown,no,foul,narrow,buff,tapering,one,evanescent,white,several,paths
poisonous,flat,smooth,brown,no,fishy,narrow,buff,tapering,one,evanescent,white,several,paths
poisonous,convex,smooth,brown,no,fishy,narrow,buff,tapering,one,evanescent,white,several,paths
poisonous,flat,smooth,red,no,spicy,narrow,buff,tapering,one,evanescent,white,several,woods
poisonous,knobbed,scaly,brown,no,fishy,narrow,buff,tapering,one,evanescent,white,several,paths
poisonous,convex,scaly,red,no,foul,narrow,buff,tapering,one,evanescent,white,several,leaves
poisonous,convex,scaly,red,no,spicy,narrow,buff,tapering,one,evanescent,white,several,woods
poisonous,knobbed,smooth,brown,no,spicy,narrow,buff,tapering,one,evanescent,white,several,woods
poisonous,convex,smooth,red,no,foul,narrow,buff,tapering,one,evanescent,white,several,paths
poisonous,convex,smooth,red,no,foul,narrow,buff,tapering,one,evanescent,white,several,paths
poisonous,flat,scaly,brown,no,foul,narrow,buff,tapering,one,evanescent,white,several,leaves
poisonous,flat,smooth,red,no,fishy,narrow,buff,tapering,one,evanescent,white,several,woods
poisonous,flat,smooth,red,no,foul,narrow,buff,tapering,one,evanescent,white,several,paths
poisonous,flat,smooth,brown,no,foul,narrow,buff,tapering,one,evanescent,white,several,leaves
poisonous,flat,scaly,red,no,foul,narrow,buff,tapering,one,evanescent,white,several,paths
poisonous,flat,scaly,red,no,foul,narrow,buff,tapering,one,evanescent,white,several,leaves
poisonous,knobbed,smooth,red,no,spicy,narrow,buff,tapering,one,evanescent,white,several,woods
poisonous,convex,smooth,brown,no,foul,narrow,buff,tapering,one,evanescent,white,several,woods
poisonous,flat,scaly,brown,no,fishy,narrow,buff,tapering,one,evanescent,white,several,woods
poisonous,flat,smooth,red,no,foul,narrow,buff,tapering,one,evanescent,white,several,paths
poisonous,knobbed,smooth,brown,no,fishy,narrow,buff,tapering,one,evanescent,white,several,woods
poisonous,flat,scaly,brown,no,foul,narrow,buff,tapering,one,evanescent,white,several,paths
poisonous,convex,scaly,red,no,fishy,narrow,buff,tapering,one,evanescent,white,several,leaves
poisonous,convex,scaly,red,no,foul,narrow,buff,tapering,one,evanescent,white,several,paths
poisonous,convex,smooth,red,no,fishy,narrow,buff,tapering,one,evanescent,white,several,paths
poisonous,flat,scaly,brown,no,foul,narrow,buff,tapering,one,evanescent,white,several,leaves
poisonous,flat,scaly,brown,no,spicy,narrow,buff,tapering,one,evanescent,white,several,paths
poisonous,flat,scaly,red,no,spicy,narrow,buff,tapering,one,evanescent,white,several,paths
poisonous,knobbed,scaly,brown,no,fishy,narrow,buff,tapering,one,evanescent,white,several,leaves
poisonous,convex,smooth,brown,no,spicy,narrow,buff,tapering,one,evanescent,white,several,woods
poisonous,convex,smooth,red,no,fishy,narrow,buff,tapering,one,evanescent,white,several,leaves
poisonous,convex,smooth,brown,no,foul,narrow,buff,tapering,one,evanescent,white,several,leaves
poisonous,flat,scaly,red,no,foul,narrow,buff,tapering,one,evanescent,white,several,paths
poisonous,knobbed,scaly,red,no,foul,narrow,buff,tapering,one,evanescent,white,several,woods
edible,convex,fibrous,gray,no,none,broad,white,enlarging,two,pendant,white,scattered,grasses
poisonous,flat,scaly,red,no,foul,narrow,buff,tapering,one,evanescent,white,several,leaves
poisonous,convex,smooth,red,no,foul,narrow,buff,tapering,one,evanescent,white,several,leaves
poisonous,convex,smooth,red,no,spicy,narrow,buff,tapering,one,evanescent,white,several,leaves
poisonous,convex,scaly,red,no,spicy,narrow,buff,tapering,one,evanescent,white,several,woods
poisonous,flat,scaly,brown,no,foul,narrow,buff,tapering,one,evanescent,white,several,paths
poisonous,flat,scaly,brown,no,fishy,narrow,buff,tapering,one,evanescent,white,several,leaves
poisonous,convex,smooth,brown,no,spicy,narrow,buff,tapering,one,evanescent,white,several,paths
poisonous,convex,smooth,red,no,foul,narrow,buff,tapering,one,evanescent,white,several,leaves
poisonous,flat,scaly,red,no,foul,narrow,buff,tapering,one,evanescent,white,several,woods
poisonous,flat,smooth,brown,no,foul,narrow,buff,tapering,one,evanescent,white,several,leaves
poisonous,flat,scaly,brown,no,foul,narrow,buff,tapering,one,evanescent,white,several,leaves
poisonous,flat,scaly,brown,no,fishy,narrow,buff,tapering,one,evanescent,white,several,woods
poisonous,convex,scaly,red,no,foul,narrow,buff,tapering,one,evanescent,white,several,leaves
poisonous,convex,smooth,red,no,foul,narrow,buff,tapering,one,evanescent,white,several,paths
poisonous,flat,smooth,brown,no,foul,narrow,buff,tapering,one,evanescent,white,several,leaves
poisonous,flat,smooth,brown,no,spicy,narrow,buff,tapering,one,evanescent,white,several,woods
poisonous,convex,smooth,red,no,foul,narrow,buff,tapering,one,evanescent,white,several,woods
poisonous,flat,smooth,brown,no,foul,narrow,buff,tapering,one,evanescent,white,several,leaves
poisonous,flat,smooth,brown,no,foul,narrow,buff,tapering,one,evanescent,white,several,paths
poisonous,flat,scaly,brown,no,foul,narrow,buff,tapering,one,evanescent,white,several,paths
poisonous,convex,smooth,brown,no,spicy,narrow,buff,tapering,one,evanescent,white,several,leaves
poisonous,flat,smooth,brown,no,fishy,narrow,buff,tapering,one,evanescent,white,several,leaves
poisonous,flat,smooth,brown,no,fishy,narrow,buff,tapering,one,evanescent,white,several,paths
poisonous,convex,smooth,brown,no,fishy,narrow,buff,tapering,one,evanescent,white,several,paths
poisonous,flat,scaly,brown,no,foul,narrow,buff,tapering,one,evanescent,white,several,paths
poisonous,convex,smooth,brown,no,fishy,narrow,buff,tapering,one,evanescent,white,several,paths
poisonous,convex,smooth,brown,no,fishy,narrow,buff,tapering,one,evanescent,white,several,paths
poisonous,flat,smooth,brown,no,foul,narrow,buff,tapering,one,evanescent,white,several,paths
poisonous,flat,scaly,brown,no,foul,narrow,buff,tapering,one,evanescent,white,several,woods
poisonous,convex,scaly,red,no,fishy,narrow,buff,tapering,one,evanescent,white,several,woods
poisonous,flat,smooth,red,no,foul,narrow,buff,tapering,one,evanescent,white,several,leaves
poisonous,flat,scaly,brown,no,spicy,narrow,buff,tapering,one,evanescent,white,several,woods
poisonous,flat,smooth,red,no,fishy,narrow,buff,tapering,one,evanescent,white,several,leaves
poisonous,convex,smooth,brown,no,foul,narrow,buff,tapering,one,evanescent,white,several,paths
edible,knobbed,fibrous,white,no,none,broad,pink,enlarging,two,pendant,white,numerous,grasses
poisonous,convex,smooth,brown,no,foul,narrow,buff,tapering,one,evanescent,white,several,paths
poisonous,flat,smooth,brown,no,foul,narrow,buff,tapering,one,evanescent,white,several,woods
poisonous,flat,scaly,brown,no,fishy,narrow,buff,tapering,one,evanescent,white,several,paths
poisonous,flat,smooth,brown,no,foul,narrow,buff,tapering,one,evanescent,white,several,woods
poisonous,flat,scaly,brown,no,fishy,narrow,buff,tapering,one,evanescent,white,several,woods
poisonous,flat,scaly,brown,no,foul,narrow,buff,tapering,one,evanescent,white,several,leaves
poisonous,flat,smooth,brown,no,foul,narrow,buff,tapering,one,evanescent,white,several,woods
poisonous,flat,scaly,red,no,fishy,narrow,buff,tapering,one,evanescent,white,several,paths
edible,bell,smooth,brown,no,none,broad,orange,enlarging,one,pendant,orange,several,leaves
poisonous,flat,smooth,red,no,foul,narrow,buff,tapering,one,evanescent,white,several,woods
poisonous,flat,smooth,red,no,spicy,narrow,buff,tapering,one,evanescent,white,several,paths
poisonous,convex,smooth,red,no,fishy,narrow,buff,tapering,one,evanescent,white,several,leaves
poisonous,flat,scaly,brown,no,spicy,narrow,buff,tapering,one,evanescent,white,several,leaves
poisonous,flat,scaly,red,no,spicy,narrow,buff,tapering,one,evanescent,white,several,paths
poisonous,flat,smooth,brown,no,foul,narrow,buff,tapering,one,evanescent,white,several,leaves
poisonous,flat,scaly,red,no,spicy,narrow,buff,tapering,one,evanescent,white,several,leaves
poisonous,flat,smooth,brown,no,spicy,narrow,buff,tapering,one,evanescent,white,several,paths
poisonous,knobbed,scaly,brown,no,fishy,narrow,buff,tapering,one,evanescent,white,several,paths
poisonous,flat,scaly,red,no,foul,narrow,buff,tapering,one,evanescent,white,several,leaves
poisonous,flat,smooth,red,no,spicy,narrow,buff,tapering,one,evanescent,white,several,woods
poisonous,convex,scaly,red,no,foul,narrow,buff,tapering,one,evanescent,white,several,paths
poisonous,flat,smooth,brown,no,fishy,narrow,buff,tapering,one,evanescent,white,several,leaves
poisonous,convex,smooth,red,no,spicy,narrow,buff,tapering,one,evanescent,white,several,paths
poisonous,knobbed,scaly,brown,no,fishy,narrow,buff,tapering,one,evanescent,white,several,paths
poisonous,convex,smooth,brown,no,spicy,narrow,buff,tapering,one,evanescent,white,several,paths
poisonous,convex,scaly,red,no,foul,narrow,buff,tapering,one,evanescent,white,several,woods
poisonous,flat,scaly,brown,no,fishy,narrow,buff,tapering,one,evanescent,white,several,woods
poisonous,flat,smooth,red,no,fishy,narrow,buff,tapering,one,evanescent,white,several,woods
poisonous,flat,smooth,brown,no,foul,narrow,buff,tapering,one,evanescent,white,several,paths
edible,convex,smooth,white,no,none,broad,gray,enlarging,two,pendant,white,scattered,grasses
poisonous,flat,scaly,brown,no,fishy,narrow,buff,tapering,one,evanescent,white,several,woods
poisonous,flat,smooth,brown,no,foul,narrow,buff,tapering,one,evanescent,white,several,leaves
poisonous,convex,scaly,red,no,fishy,narrow,buff,tapering,one,evanescent,white,several,leaves
poisonous,flat,smooth,red,no,spicy,narrow,buff,tapering,one,evanescent,white,several,leaves
poisonous,convex,smooth,brown,no,spicy,narrow,buff,tapering,one,evanescent,white,several,paths
poisonous,convex,scaly,red,no,foul,narrow,buff,tapering,one,evanescent,white,several,leaves
edible,knobbed,fibrous,gray,no,none,broad,gray,enlarging,two,pendant,white,scattered,grasses
poisonous,flat,smooth,red,no,spicy,narrow,buff,tapering,one,evanescent,white,several,leaves
poisonous,flat,scaly,red,no,spicy,narrow,buff,tapering,one,evanescent,white,several,paths
edible,bell,fibrous,white,no,none,broad,white,enlarging,two,pendant,white,scattered,grasses
poisonous,flat,smooth,brown,no,fishy,narrow,buff,tapering,one,evanescent,white,several,leaves
poisonous,convex,scaly,red,no,spicy,narrow,buff,tapering,one,evanescent,white,several,leaves
poisonous,convex,scaly,red,no,foul,narrow,buff,tapering,one,evanescent,white,several,woods
poisonous,flat,smooth,brown,no,spicy,narrow,buff,tapering,one,evanescent,white,several,paths
poisonous,convex,smooth,brown,no,foul,narrow,buff,tapering,one,evanescent,white,several,woods
poisonous,flat,smooth,red,no,spicy,narrow,buff,tapering,one,evanescent,white,several,paths
poisonous,flat,smooth,red,no,spicy,narrow,buff,tapering,one,evanescent,white,several,leaves
poisonous,flat,smooth,red,no,spicy,narrow,buff,tapering,one,evanescent,white,several,leaves
poisonous,convex,scaly,red,no,musty,broad,white,enlarging,none,none,white,clustered,woods
poisonous,flat,scaly,brown,no,fishy,narrow,buff,tapering,one,evanescent,white,several,woods
poisonous,flat,scaly,red,no,fishy,narrow,buff,tapering,one,evanescent,white,several,woods
poisonous,convex,smooth,red,no,spicy,narrow,buff,tapering,one,evanescent,white,several,paths
poisonous,flat,smooth,red,no,fishy,narrow,buff,tapering,one,evanescent,white,several,paths
poisonous,flat,scaly,red,no,foul,narrow,buff,tapering,one,evanescent,white,several,paths
poisonous,flat,scaly,red,no,spicy,narrow,buff,tapering,one,evanescent,white,several,leaves
poisonous,convex,smooth,red,no,foul,narrow,buff,tapering,one,evanescent,white,several,leaves
poisonous,flat,smooth,red,no,spicy,narrow,buff,tapering,one,evanescent,white,several,paths
edible,convex,smooth,brown,no,none,broad,brown,enlarging,one,pendant,yellow,clustered,leaves
poisonous,flat,scaly,brown,no,spicy,narrow,buff,tapering,one,evanescent,white,several,woods
poisonous,flat,scaly,red,no,spicy,narrow,buff,tapering,one,evanescent,white,several,leaves
poisonous,flat,scaly,red,no,spicy,narrow,buff,tapering,one,evanescent,white,several,leaves
poisonous,convex,smooth,brown,no,foul,narrow,buff,tapering,one,evanescent,white,several,paths
poisonous,convex,smooth,red,no,fishy,narrow,buff,tapering,one,evanescent,white,several,woods
poisonous,convex,scaly,red,no,foul,narrow,buff,tapering,one,evanescent,white,several,woods
poisonous,convex,smooth,red,no,spicy,narrow,buff,tapering,one,evanescent,white,several,paths
poisonous,convex,scaly,red,no,fishy,narrow,buff,tapering,one,evanescent,white,several,paths
poisonous,flat,scaly,red,no,foul,narrow,buff,tapering,one,evanescent,white,several,paths
edible,convex,smooth,brown,no,none,broad,brown,enlarging,one,pendant,orange,several,leaves
poisonous,flat,smooth,brown,no,spicy,narrow,buff,tapering,one,evanescent,white,several,paths
poisonous,convex,scaly,red,no,foul,narrow,buff,tapering,one,evanescent,white,several,paths
poisonous,flat,smooth,brown,no,foul,narrow,buff,tapering,one,evanescent,white,several,woods
poisonous,flat,scaly,red,no,fishy,narrow,buff,tapering,one,evanescent,white,several,paths
poisonous,convex,scaly,red,no,foul,narrow,buff,tapering,one,evanescent,white,several,woods
poisonous,convex,smooth,brown,no,spicy,narrow,buff,tapering,one,evanescent,white,several,woods
poisonous,convex,smooth,brown,no,foul,narrow,buff,tapering,one,evanescent,white,several,leaves
poisonous,convex,smooth,brown,no,fishy,narrow,buff,tapering,one,evanescent,white,several,leaves
poisonous,convex,scaly,red,no,spicy,narrow,buff,tapering,one,evanescent,white,several,woods
poisonous,flat,smooth,brown,no,fishy,narrow,buff,tapering,one,evanescent,white,several,leaves
poisonous,flat,smooth,brown,no,fishy,narrow,buff,tapering,one,evanescent,white,several,leaves
poisonous,knobbed,scaly,red,no,fishy,narrow,buff,tapering,one,evanescent,white,several,leaves
poisonous,convex,smooth,brown,no,fishy,narrow,buff,tapering,one,evanescent,white,several,woods
poisonous,flat,scaly,brown,no,fishy,narrow,buff,tapering,one,evanescent,white,several,paths
edible,knobbed,smooth,white,no,none,broad,gray,enlarging,two,pendant,white,numerous,grasses
poisonous,flat,smooth,red,no,fishy,narrow,buff,tapering,one,evanescent,white,several,leaves
poisonous,convex,smooth,red,no,fishy,narrow,buff,tapering,one,evanescent,white,several,leaves
poisonous,flat,scaly,brown,no,foul,narrow,buff,tapering,one,evanescent,white,several,woods
poisonous,flat,scaly,brown,no,spicy,narrow,buff,tapering,one,evanescent,white,several,paths
poisonous,flat,scaly,red,no,fishy,narrow,buff,tapering,one,evanescent,white,several,woods
poisonous,convex,smooth,brown,no,foul,narrow,buff,tapering,one,evanescent,white,several,paths
poisonous,flat,scaly,brown,no,spicy,narrow,buff,tapering,one,evanescent,white,several,leaves
poisonous,convex,smooth,brown,no,spicy,narrow,buff,tapering,one,evanescent,white,several,leaves
poisonous,knobbed,scaly,brown,no,fishy,narrow,buff,tapering,one,evanescent,white,several,leaves
poisonous,flat,smooth,red,no,spicy,narrow,buff,tapering,one,evanescent,white,several,woods
poisonous,flat,scaly,red,no,spicy,narrow,buff,tapering,one,evanescent,white,several,leaves
poisonous,flat,scaly,red,no,foul,narrow,buff,tapering,one,evanescent,white,several,leaves
poisonous,flat,scaly,red,no,spicy,narrow,buff,tapering,one,evanescent,white,several,paths
poisonous,flat,scaly,brown,no,foul,narrow,buff,tapering,one,evanescent,white,several,paths
poisonous,flat,scaly,brown,no,foul,narrow,buff,tapering,one,evanescent,white,several,leaves
poisonous,knobbed,scaly,brown,no,fishy,narrow,buff,tapering,one,evanescent,white,several,leaves
poisonous,knobbed,scaly,brown,no,fishy,narrow,buff,tapering,one,evanescent,white,several,paths
poisonous,flat,smooth,red,no,fishy,narrow,buff,tapering,one,evanescent,white,several,paths
poisonous,convex,smooth,red,no,fishy,narrow,buff,tapering,one,evanescent,white,several,woods
poisonous,knobbed,smooth,brown,no,foul,narrow,buff,tapering,one,evanescent,white,several,leaves
poisonous,convex,smooth,red,no,foul,narrow,buff,tapering,one,evanescent,white,several,paths
poisonous,flat,smooth,brown,no,foul,narrow,buff,tapering,one,evanescent,white,several,woods
poisonous,convex,smooth,red,no,spicy,narrow,buff,tapering,one,evanescent,white,several,leaves
poisonous,flat,smooth,brown,no,fishy,narrow,buff,tapering,one,evanescent,white,several,paths
poisonous,convex,smooth,brown,no,foul,narrow,buff,tapering,one,evanescent,white,several,leaves
poisonous,flat,scaly,red,no,fishy,narrow,buff,tapering,one,evanescent,white,several,woods
poisonous,convex,smooth,brown,no,foul,narrow,buff,tapering,one,evanescent,white,several,leaves
poisonous,convex,smooth,red,no,fishy,narrow,buff,tapering,one,evanescent,white,several,paths
poisonous,convex,smooth,red,no,spicy,narrow,buff,tapering,one,evanescent,white,several,woods
poisonous,convex,smooth,brown,no,spicy,narrow,buff,tapering,one,evanescent,white,several,paths
poisonous,convex,scaly,red,no,spicy,narrow,buff,tapering,one,evanescent,white,several,woods
poisonous,flat,scaly,red,no,fishy,narrow,buff,tapering,one,evanescent,white,several,paths
poisonous,flat,smooth,red,no,spicy,narrow,buff,tapering,one,evanescent,white,several,woods
poisonous,convex,smooth,red,no,fishy,narrow,buff,tapering,one,evanescent,white,several,woods
poisonous,flat,scaly,red,no,fishy,narrow,buff,tapering,one,evanescent,white,several,leaves
poisonous,flat,smooth,red,no,fishy,narrow,buff,tapering,one,evanescent,white,several,paths
poisonous,flat,smooth,red,no,spicy,narrow,buff,tapering,one,evanescent,white,several,leaves
poisonous,flat,scaly,brown,no,foul,narrow,buff,tapering,one,evanescent,white,several,woods
poisonous,flat,smooth,brown,no,spicy,narrow,buff,tapering,one,evanescent,white,several,paths
poisonous,convex,smooth,red,no,foul,narrow,buff,tapering,one,evanescent,white,several,paths
poisonous,flat,scaly,brown,no,spicy,narrow,buff,tapering,one,evanescent,white,several,leaves
poisonous,flat,smooth,brown,no,spicy,narrow,buff,tapering,one,evanescent,white,several,woods
poisonous,flat,scaly,brown,no,foul,narrow,buff,tapering,one,evanescent,white,several,leaves
poisonous,flat,smooth,red,no,spicy,narrow,buff,tapering,one,evanescent,white,several,leaves
poisonous,flat,scaly,red,no,foul,narrow,buff,tapering,one,evanescent,white,several,paths
poisonous,flat,scaly,brown,no,fishy,narrow,buff,tapering,one,evanescent,white,several,woods
poisonous,flat,smooth,red,no,fishy,narrow,buff,tapering,one,evanescent,white,several,woods
poisonous,flat,smooth,red,no,foul,narrow,buff,tapering,one,evanescent,white,several,woods
poisonous,flat,scaly,brown,no,spicy,narrow,buff,tapering,one,evanescent,white,several,woods
poisonous,flat,smooth,red,no,foul,narrow,buff,tapering,one,evanescent,white,several,woods
poisonous,flat,smooth,brown,no,foul,narrow,buff,tapering,one,evanescent,white,several,woods
poisonous,knobbed,scaly,red,no,spicy,narrow,buff,tapering,one,evanescent,white,several,woods
poisonous,flat,scaly,red,no,foul,narrow,buff,tapering,one,evanescent,white,several,woods
poisonous,flat,smooth,red,no,foul,narrow,buff,tapering,one,evanescent,white,several,woods
poisonous,flat,scaly,red,no,fishy,narrow,buff,tapering,one,evanescent,white,several,woods
poisonous,flat,scaly,brown,no,spicy,narrow,buff,tapering,one,evanescent,white,several,leaves
poisonous,flat,scaly,red,no,foul,narrow,buff,tapering,one,evanescent,white,several,paths
poisonous,flat,smooth,brown,no,spicy,narrow,buff,tapering,one,evanescent,white,several,paths
poisonous,convex,scaly,red,no,fishy,narrow,buff,tapering,one,evanescent,white,several,woods
edible,convex,fibrous,white,no,none,broad,pink,enlarging,two,pendant,white,numerous,grasses
poisonous,convex,smooth,red,no,spicy,narrow,buff,tapering,one,evanescent,white,several,woods
poisonous,convex,smooth,red,no,foul,narrow,buff,tapering,one,evanescent,white,several,leaves
poisonous,flat,scaly,brown,no,fishy,narrow,buff,tapering,one,evanescent,white,several,leaves
poisonous,convex,smooth,red,no,fishy,narrow,buff,tapering,one,evanescent,white,several,woods
poisonous,convex,smooth,brown,no,fishy,narrow,buff,tapering,one,evanescent,white,several,woods
poisonous,convex,smooth,brown,no,foul,narrow,buff,tapering,one,evanescent,white,several,paths
poisonous,convex,smooth,brown,no,fishy,narrow,buff,tapering,one,evanescent,white,several,leaves
edible,convex,fibrous,gray,no,none,broad,pink,enlarging,two,pendant,white,numerous,grasses
poisonous,flat,scaly,red,no,foul,narrow,buff,tapering,one,evanescent,white,several,leaves
poisonous,flat,scaly,red,no,foul,narrow,buff,tapering,one,evanescent,white,several,leaves
poisonous,convex,scaly,red,no,fishy,narrow,buff,tapering,one,evanescent,white,several,paths
poisonous,convex,smooth,brown,no,fishy,narrow,buff,tapering,one,evanescent,white,several,paths
poisonous,knobbed,smooth,red,no,fishy,narrow,buff,tapering,one,evanescent,white,several,paths
poisonous,knobbed,scaly,red,no,foul,narrow,buff,tapering,one,evanescent,white,several,woods
poisonous,flat,scaly,red,no,spicy,narrow,buff,tapering,one,evanescent,white,several,woods
poisonous,convex,smooth,brown,no,foul,narrow,buff,tapering,one,evanescent,white,several,leaves
poisonous,flat,smooth,brown,no,spicy,narrow,buff,tapering,one,evanescent,white,several,leaves
poisonous,convex,smooth,red,no,spicy,narrow,buff,tapering,one,evanescent,white,several,paths
poisonous,flat,scaly,brown,no,fishy,narrow,buff,tapering,one,evanescent,white,several,woods
poisonous,convex,smooth,brown,no,spicy,narrow,buff,tapering,one,evanescent,white,several,paths
edible,knobbed,fibrous,white,no,none,broad,pink,enlarging,two,pendant,white,numerous,grasses
poisonous,knobbed,scaly,brown,no,foul,narrow,buff,tapering,one,evanescent,white,several,woods
poisonous,flat,smooth,red,no,foul,narrow,buff,tapering,one,evanescent,white,several,woods
poisonous,convex,scaly,red,no,foul,narrow,buff,tapering,one,evanescent,white,several,woods
poisonous,convex,smooth,brown,no,spicy,narrow,buff,tapering,one,evanescent,white,several,leaves
poisonous,convex,smooth,brown,no,fishy,narrow,buff,tapering,one,evanescent,white,several,woods
poisonous,flat,scaly,red,no,fishy,narrow,buff,tapering,one,evanescent,white,several,leaves
poisonous,flat,scaly,brown,no,spicy,narrow,buff,tapering,one,evanescent,white,several,leaves
poisonous,convex,scaly,red,no,fishy,narrow,buff,tapering,one,evanescent,white,several,leaves
poisonous,flat,smooth,red,no,fishy,narrow,buff,tapering,one,evanescent,white,several,paths
poisonous,convex,smooth,red,no,spicy,narrow,buff,tapering,one,evanescent,white,several,woods
poisonous,convex,smooth,brown,no,spicy,narrow,buff,tapering,one,evanescent,white,several,paths
poisonous,flat,scaly,brown,no,foul,narrow,buff,tapering,one,evanescent,white,several,leaves
poisonous,flat,scaly,red,no,spicy,narrow,buff,tapering,one,evanescent,white,several,leaves
poisonous,flat,scaly,brown,no,spicy,narrow,buff,tapering,one,evanescent,white,several,leaves
poisonous,flat,scaly,brown,no,foul,narrow,buff,tapering,one,evanescent,white,several,woods
poisonous,flat,smooth,brown,no,fishy,narrow,buff,tapering,one,evanescent,white,several,paths
poisonous,flat,scaly,red,no,foul,narrow,buff,tapering,one,evanescent,white,several,paths
poisonous,flat,scaly,red,no,spicy,narrow,buff,tapering,one,evanescent,white,several,leaves
poisonous,convex,scaly,red,no,spicy,narrow,buff,tapering,one,evanescent,white,several,paths
poisonous,knobbed,smooth,red,no,foul,narrow,buff,tapering,one,evanescent,white,several,paths
poisonous,flat,scaly,red,no,spicy,narrow,buff,tapering,one,evanescent,white,several,paths
poisonous,flat,scaly,brown,no,fishy,narrow,buff,tapering,one,evanescent,white,several,paths
poisonous,flat,smooth,brown,no,spicy,narrow,buff,tapering,one,evanescent,white,several,woods
poisonous,flat,smooth,red,no,fishy,narrow,buff,tapering,one,evanescent,white,several,paths
poisonous,knobbed,smooth,red,no,foul,narrow,buff,tapering,one,evanescent,white,several,paths
poisonous,flat,scaly,red,no,spicy,narrow,buff,tapering,one,evanescent,white,several,paths
poisonous,flat,smooth,brown,no,spicy,narrow,buff,tapering,one,evanescent,white,several,paths
edible,convex,smooth,brown,no,none,broad,brown,enlarging,one,pendant,buff,several,leaves
poisonous,convex,smooth,brown,no,fishy,narrow,buff,tapering,one,evanescent,white,several,leaves
poisonous,knobbed,smooth,brown,no,fishy,narrow,buff,tapering,one,evanescent,white,several,leaves
poisonous,flat,smooth,brown,no,foul,narrow,buff,tapering,one,evanescent,white,several,woods
poisonous,flat,smooth,brown,no,fishy,narrow,buff,tapering,one,evanescent,white,several,woods
poisonous,convex,smooth,brown,no,fishy,narrow,buff,tapering,one,evanescent,white,several,paths
poisonous,flat,smooth,brown,no,fishy,narrow,buff,tapering,one,evanescent,white,several,woods
poisonous,flat,scaly,red,no,foul,narrow,buff,tapering,one,evanescent,white,several,paths
poisonous,flat,scaly,red,no,fishy,narrow,buff,tapering,one,evanescent,white,several,woods
poisonous,flat,smooth,brown,no,foul,narrow,buff,tapering,one,evanescent,white,several,leaves
poisonous,convex,smooth,red,no,foul,narrow,buff,tapering,one,evanescent,white,several,leaves
poisonous,convex,smooth,brown,no,spicy,narrow,buff,tapering,one,evanescent,white,several,paths
poisonous,convex,smooth,red,no,fishy,narrow,buff,tapering,one,evanescent,white,several,paths
poisonous,convex,smooth,red,no,spicy,narrow,buff,tapering,one,evanescent,white,several,woods
poisonous,flat,scaly,red,no,foul,narrow,buff,tapering,one,evanescent,white,several,leaves
poisonous,convex,smooth,red,no,fishy,narrow,buff,tapering,one,evanescent,white,several,paths
poisonous,knobbed,smooth,red,no,fishy,narrow,buff,tapering,one,evanescent,white,several,leaves
poisonous,convex,scaly,red,no,foul,narrow,buff,tapering,one,evanescent,white,several,paths
poisonous,flat,smooth,brown,no,foul,narrow,buff,tapering,one,evanescent,white,several,paths
poisonous,flat,smooth,brown,no,fishy,narrow,buff,tapering,one,evanescent,white,several,leaves
poisonous,convex,smooth,brown,no,foul,narrow,buff,tapering,one,evanescent,white,several,woods
poisonous,knobbed,scaly,red,no,fishy,narrow,buff,tapering,one,evanescent,white,several,paths
poisonous,convex,smooth,red,no,fishy,narrow,buff,tapering,one,evanescent,white,several,leaves
poisonous,flat,scaly,brown,no,spicy,narrow,buff,tapering,one,evanescent,white,several,woods
poisonous,flat,scaly,red,no,spicy,narrow,buff,tapering,one,evanescent,white,several,woods
poisonous,flat,scaly,brown,no,spicy,narrow,buff,tapering,one,evanescent,white,several,paths
poisonous,flat,smooth,brown,no,spicy,narrow,buff,tapering,one,evanescent,white,several,leaves
poisonous,flat,smooth,red,no,fishy,narrow,buff,tapering,one,evanescent,white,several,paths
poisonous,knobbed,scaly,brown,no,fishy,narrow,buff,tapering,one,evanescent,white,several,paths
poisonous,flat,scaly,red,no,fishy,narrow,buff,tapering,one,evanescent,white,several,leaves
poisonous,flat,smooth,red,no,spicy,narrow,buff,tapering,one,evanescent,white,several,paths
poisonous,flat,smooth,brown,no,foul,narrow,buff,tapering,one,evanescent,white,several,woods
poisonous,convex,smooth,brown,no,fishy,narrow,buff,tapering,one,evanescent,white,several,leaves
poisonous,flat,scaly,brown,no,spicy,narrow,buff,tapering,one,evanescent,white,several,woods
poisonous,flat,scaly,red,no,spicy,narrow,buff,tapering,one,evanescent,white,several,woods
poisonous,convex,scaly,red,no,spicy,narrow,buff,tapering,one,evanescent,white,several,woods
poisonous,flat,smooth,red,no,spicy,narrow,buff,tapering,one,evanescent,white,several,paths
poisonous,convex,smooth,brown,no,spicy,narrow,buff,tapering,one,evanescent,white,several,leaves
poisonous,flat,smooth,brown,no,fishy,narrow,buff,tapering,one,evanescent,white,several,paths
poisonous,flat,smooth,brown,no,spicy,narrow,buff,tapering,one,evanescent,white,several,leaves
poisonous,flat,smooth,red,no,fishy,narrow,buff,tapering,one,evanescent,white,several,paths
edible,convex,smooth,gray,no,none,broad,pink,enlarging,two,pendant,white,numerous,grasses
poisonous,knobbed,scaly,brown,no,fishy,narrow,buff,tapering,one,evanescent,white,several,paths
poisonous,convex,scaly,red,no,spicy,narrow,buff,tapering,one,evanescent,white,several,paths
poisonous,convex,smooth,brown,no,spicy,narrow,buff,tapering,one,evanescent,white,several,paths
poisonous,convex,smooth,brown,no,spicy,narrow,buff,tapering,one,evanescent,white,several,woods
poisonous,flat,scaly,red,no,spicy,narrow,buff,tapering,one,evanescent,white,several,leaves
poisonous,knobbed,scaly,brown,no,foul,narrow,buff,tapering,one,evanescent,white,several,leaves
poisonous,convex,smooth,red,no,foul,narrow,buff,tapering,one,evanescent,white,several,woods
poisonous,convex,smooth,brown,no,spicy,narrow,buff,tapering,one,evanescent,white,several,woods
poisonous,knobbed,scaly,brown,no,fishy,narrow,buff,tapering,one,evanescent,white,several,woods
poisonous,convex,scaly,red,no,foul,narrow,buff,tapering,one,evanescent,white,several,leaves
poisonous,knobbed,smooth,brown,no,foul,narrow,buff,tapering,one,evanescent,white,several,paths
poisonous,convex,smooth,brown,no,foul,narrow,buff,tapering,one,evanescent,white,several,paths
poisonous,convex,scaly,red,no,foul,narrow,buff,tapering,one,evanescent,white,several,woods
poisonous,flat,smooth,red,no,fishy,narrow,buff,tapering,one,evanescent,white,several,woods
poisonous,flat,smooth,brown,no,spicy,narrow,buff,tapering,one,evanescent,white,several,leaves
poisonous,flat,smooth,brown,no,foul,narrow,buff,tapering,one,evanescent,white,several,paths
poisonous,flat,smooth,red,no,fishy,narrow,buff,tapering,one,evanescent,white,several,paths
poisonous,convex,scaly,red,no,spicy,narrow,buff,tapering,one,evanescent,white,several,leaves
poisonous,convex,smooth,red,no,foul,narrow,buff,tapering,one,evanescent,white,several,leaves
poisonous,flat,smooth,brown,no,spicy,narrow,buff,tapering,one,evanescent,white,several,paths
poisonous,flat,scaly,red,no,spicy,narrow,buff,tapering,one,evanescent,white,several,woods
poisonous,convex,smooth,brown,no,foul,narrow,buff,tapering,one,evanescent,white,several,woods
poisonous,convex,smooth,red,no,spicy,narrow,buff,tapering,one,evanescent,white,several,woods
poisonous,convex,smooth,red,no,fishy,narrow,buff,tapering,one,evanescent,white,several,leaves
poisonous,flat,smooth,red,no,foul,narrow,buff,tapering,one,evanescent,white,several,paths
poisonous,convex,scaly,red,no,spicy,narrow,buff,tapering,one,evanescent,white,several,paths
poisonous,convex,smooth,brown,no,fishy,narrow,buff,tapering,one,evanescent,white,several,woods
poisonous,convex,smooth,red,no,spicy,narrow,buff,tapering,one,evanescent,white,several,leaves
poisonous,convex,smooth,red,no,fishy,narrow,buff,tapering,one,evanescent,white,several,leaves
poisonous,convex,smooth,brown,no,fishy,narrow,buff,tapering,one,evanescent,white,several,woods
poisonous,convex,smooth,brown,no,spicy,narrow,buff,tapering,one,evanescent,white,several,leaves
poisonous,flat,smooth,red,no,fishy,narrow,buff,tapering,one,evanescent,white,several,woods
poisonous,flat,scaly,red,no,foul,narrow,buff,tapering,one,evanescent,white,several,woods
poisonous,convex,smooth,brown,no,spicy,narrow,buff,tapering,one,evanescent,white,several,woods
poisonous,convex,smooth,red,no,foul,narrow,buff,tapering,one,evanescent,white,several,leaves
poisonous,flat,smooth,brown,no,spicy,narrow,buff,tapering,one,evanescent,white,several,leaves
poisonous,convex,smooth,brown,no,foul,narrow,buff,tapering,one,evanescent,white,several,woods
poisonous,flat,smooth,red,no,fishy,narrow,buff,tapering,one,evanescent,white,several,woods
poisonous,knobbed,scaly,brown,no,fishy,narrow,buff,tapering,one,evanescent,white,several,paths
poisonous,convex,smooth,brown,no,fishy,narrow,buff,tapering,one,evanescent,white,several,leaves
poisonous,flat,scaly,brown,no,fishy,narrow,buff,tapering,one,evanescent,white,several,paths
poisonous,knobbed,scaly,brown,no,fishy,narrow,buff,tapering,one,evanescent,white,several,paths
poisonous,flat,smooth,red,no,spicy,narrow,buff,tapering,one,evanescent,white,several,woods
poisonous,flat,smooth,brown,no,foul,narrow,buff,tapering,one,evanescent,white,several,paths
poisonous,convex,smooth,red,no,fishy,narrow,buff,tapering,one,evanescent,white,several,woods
poisonous,convex,smooth,brown,no,foul,narrow,buff,tapering,one,evanescent,white,several,leaves
poisonous,flat,scaly,brown,no,fishy,narrow,buff,tapering,one,evanescent,white,several,paths
poisonous,flat,scaly,brown,no,spicy,narrow,buff,tapering,one,evanescent,white,several,paths
poisonous,convex,smooth,red,no,fishy,narrow,buff,tapering,one,evanescent,white,several,leaves
poisonous,flat,scaly,brown,no,fishy,narrow,buff,tapering,one,evanescent,white,several,leaves
poisonous,convex,scaly,red,no,spicy,narrow,buff,tapering,one,evanescent,white,several,paths
poisonous,flat,scaly,brown,no,fishy,narrow,buff,tapering,one,evanescent,white,several,leaves
poisonous,flat,scaly,red,no,spicy,narrow,buff,tapering,one,evanescent,white,several,paths
poisonous,convex,scaly,red,no,foul,narrow,buff,tapering,one,evanescent,white,several,leaves
poisonous,flat,smooth,red,no,fishy,narrow,buff,tapering,one,evanescent,white,several,leaves
poisonous,knobbed,smooth,brown,no,spicy,narrow,buff,tapering,one,evanescent,white,several,woods
poisonous,convex,scaly,red,no,foul,narrow,buff,tapering,one,evanescent,white,several,paths
poisonous,convex,smooth,brown,no,foul,narrow,buff,tapering,one,evanescent,white,several,leaves
poisonous,flat,smooth,red,no,spicy,narrow,buff,tapering,one,evanescent,white,several,paths
poisonous,flat,smooth,red,no,fishy,narrow,buff,tapering,one,evanescent,white,several,paths
edible,bell,fibrous,gray,no,none,broad,pink,enlarging,two,pendant,white,scattered,grasses
poisonous,convex,smooth,brown,no,fishy,narrow,buff,tapering,one,evanescent,white,several,paths
poisonous,knobbed,smooth,brown,no,spicy,narrow,buff,tapering,one,evanescent,white,several,paths
edible,bell,smooth,brown,no,none,broad,orange,enlarging,one,pendant,yellow,several,leaves
poisonous,flat,smooth,brown,no,fishy,narrow,buff,tapering,one,evanescent,white,several,woods
poisonous,flat,scaly,brown,no,spicy,narrow,buff,tapering,one,evanescent,white,several,woods
poisonous,convex,scaly,red,no,spicy,narrow,buff,tapering,one,evanescent,white,several,woods
poisonous,convex,smooth,red,no,spicy,narrow,buff,tapering,one,evanescent,white,several,woods
poisonous,knobbed,scaly,cinnamon,no,musty,broad,white,enlarging,none,none,white,clustered,woods
poisonous,convex,smooth,red,no,spicy,narrow,buff,tapering,one,evanescent,white,several,leaves
poisonous,flat,smooth,brown,no,spicy,narrow,buff,tapering,one,evanescent,white,several,paths
poisonous,convex,smooth,brown,no,fishy,narrow,buff,tapering,one,evanescent,white,several,leaves
poisonous,convex,scaly,red,no,spicy,narrow,buff,tapering,one,evanescent,white,several,woods
poisonous,convex,smooth,red,no,foul,narrow,buff,tapering,one,evanescent,white,several,woods
poisonous,flat,smooth,red,no,foul,narrow,buff,tapering,one,evanescent,white,several,leaves
poisonous,flat,smooth,brown,no,foul,narrow,buff,tapering,one,evanescent,white,several,woods
poisonous,flat,smooth,brown,no,spicy,narrow,buff,tapering,one,evanescent,white,several,woods
poisonous,flat,scaly,red,no,fishy,narrow,buff,tapering,one,evanescent,white,several,paths
poisonous,convex,smooth,red,no,fishy,narrow,buff,tapering,one,evanescent,white,several,leaves
poisonous,flat,scaly,red,no,spicy,narrow,buff,tapering,one,evanescent,white,several,woods
poisonous,flat,scaly,brown,no,fishy,narrow,buff,tapering,one,evanescent,white,several,leaves
poisonous,convex,scaly,red,no,foul,narrow,buff,tapering,one,evanescent,white,several,leaves
poisonous,flat,scaly,red,no,spicy,narrow,buff,tapering,one,evanescent,white,several,paths
poisonous,flat,smooth,red,no,foul,narrow,buff,tapering,one,evanescent,white,several,leaves
poisonous,flat,smooth,red,no,foul,narrow,buff,tapering,one,evanescent,white,several,paths
poisonous,convex,smooth,red,no,fishy,narrow,buff,tapering,one,evanescent,white,several,paths
poisonous,convex,smooth,red,no,foul,narrow,buff,tapering,one,evanescent,white,several,woods
poisonous,knobbed,scaly,red,no,spicy,narrow,buff,tapering,one,evanescent,white,several,paths
poisonous,convex,scaly,red,no,foul,narrow,buff,tapering,one,evanescent,white,several,leaves
poisonous,convex,smooth,red,no,fishy,narrow,buff,tapering,one,evanescent,white,several,woods
poisonous,convex,smooth,brown,no,fishy,narrow,buff,tapering,one,evanescent,white,several,woods
poisonous,convex,smooth,brown,no,spicy,narrow,buff,tapering,one,evanescent,white,several,leaves
poisonous,flat,smooth,brown,no,fishy,narrow,buff,tapering,one,evanescent,white,several,woods
poisonous,flat,scaly,brown,no,spicy,narrow,buff,tapering,one,evanescent,white,several,paths
poisonous,convex,smooth,red,no,spicy,narrow,buff,tapering,one,evanescent,white,several,woods
poisonous,knobbed,smooth,brown,no,foul,narrow,buff,tapering,one,evanescent,white,several,paths
poisonous,flat,smooth,brown,no,fishy,narrow,buff,tapering,one,evanescent,white,several,woods
poisonous,flat,scaly,brown,no,foul,narrow,buff,tapering,one,evanescent,white,several,woods
poisonous,flat,scaly,red,no,fishy,narrow,buff,tapering,one,evanescent,white,several,paths
poisonous,flat,scaly,red,no,spicy,narrow,buff,tapering,one,evanescent,white,several,leaves
poisonous,flat,scaly,brown,no,foul,narrow,buff,tapering,one,evanescent,white,several,woods
poisonous,convex,smooth,red,no,fishy,narrow,buff,tapering,one,evanescent,white,several,leaves
poisonous,flat,scaly,brown,no,spicy,narrow,buff,tapering,one,evanescent,white,several,woods
poisonous,flat,smooth,brown,no,spicy,narrow,buff,tapering,one,evanescent,white,several,woods
poisonous,flat,smooth,red,no,foul,narrow,buff,tapering,one,evanescent,white,several,paths
poisonous,convex,smooth,brown,no,fishy,narrow,buff,tapering,one,evanescent,white,several,woods
poisonous,flat,scaly,red,no,foul,narrow,buff,tapering,one,evanescent,white,several,woods
poisonous,knobbed,scaly,brown,no,fishy,narrow,buff,tapering,one,evanescent,white,several,leaves
poisonous,flat,smooth,brown,no,fishy,narrow,buff,tapering,one,evanescent,white,several,paths
poisonous,flat,scaly,brown,no,foul,narrow,buff,tapering,one,evanescent,white,several,paths
poisonous,flat,smooth,red,no,fishy,narrow,buff,tapering,one,evanescent,white,several,leaves
poisonous,convex,smooth,brown,no,foul,narrow,buff,tapering,one,evanescent,white,several,leaves
poisonous,flat,smooth,red,no,foul,narrow,buff,tapering,one,evanescent,white,several,paths
poisonous,convex,smooth,red,no,foul,narrow,buff,tapering,one,evanescent,white,several,woods
poisonous,flat,scaly,red,no,spicy,narrow,buff,tapering,one,evanescent,white,several,woods
poisonous,convex,smooth,red,no,fishy,narrow,buff,tapering,one,evanescent,white,several,paths
poisonous,flat,smooth,red,no,spicy,narrow,buff,tapering,one,evanescent,white,several,paths
poisonous,flat,smooth,brown,no,foul,narrow,buff,tapering,one,evanescent,white,several,paths
poisonous,convex,smooth,brown,no,fishy,narrow,buff,tapering,one,evanescent,white,several,paths
poisonous,convex,smooth,red,no,spicy,narrow,buff,tapering,one,evanescent,white,several,woods
poisonous,flat,smooth,red,no,spicy,narrow,buff,tapering,one,evanescent,white,several,woods
poisonous,convex,smooth,red,no,foul,narrow,buff,tapering,one,evanescent,white,several,leaves
poisonous,convex,smooth,brown,no,spicy,narrow,buff,tapering,one,evanescent,white,several,leaves
poisonous,flat,smooth,red,no,foul,narrow,buff,tapering,one,evanescent,white,several,woods
poisonous,convex,scaly,red,no,spicy,narrow,buff,tapering,one,evanescent,white,several,leaves
poisonous,convex,smooth,brown,no,fishy,narrow,buff,tapering,one,evanescent,white,several,paths
poisonous,convex,scaly,red,no,spicy,narrow,buff,tapering,one,evanescent,white,several,paths
poisonous,flat,smooth,red,no,fishy,narrow,buff,tapering,one,evanescent,white,several,leaves
poisonous,convex,smooth,red,no,spicy,narrow,buff,tapering,one,evanescent,white,several,woods
poisonous,flat,scaly,brown,no,foul,narrow,buff,tapering,one,evanescent,white,several,leaves
poisonous,convex,smooth,red,no,foul,narrow,buff,tapering,one,evanescent,white,several,leaves
poisonous,convex,smooth,brown,no,spicy,narrow,buff,tapering,one,evanescent,white,several,leaves
poisonous,flat,smooth,red,no,fishy,narrow,buff,tapering,one,evanescent,white,several,woods
poisonous,convex,smooth,red,no,spicy,narrow,buff,tapering,one,evanescent,white,several,woods
poisonous,flat,smooth,brown,no,fishy,narrow,buff,tapering,one,evanescent,white,several,leaves
poisonous,convex,scaly,red,no,spicy,narrow,buff,tapering,one,evanescent,white,several,paths
poisonous,flat,scaly,red,no,fishy,narrow,buff,tapering,one,evanescent,white,several,woods
poisonous,convex,scaly,red,no,spicy,narrow,buff,tapering,one,evanescent,white,several,paths
poisonous,knobbed,scaly,brown,no,fishy,narrow,buff,tapering,one,evanescent,white,several,leaves
poisonous,flat,scaly,brown,no,fishy,narrow,buff,tapering,one,evanescent,white,several,leaves
poisonous,convex,scaly,red,no,foul,narrow,buff,tapering,one,evanescent,white,several,leaves
poisonous,flat,smooth,brown,no,fishy,narrow,buff,tapering,one,evanescent,white,several,paths
poisonous,convex,smooth,red,no,spicy,narrow,buff,tapering,one,evanescent,white,several,woods
poisonous,flat,smooth,red,no,fishy,narrow,buff,tapering,one,evanescent,white,several,woods
edible,convex,fibrous,gray,no,none,broad,gray,enlarging,two,pendant,white,scattered,grasses
poisonous,convex,smooth,red,no,fishy,narrow,buff,tapering,one,evanescent,white,several,paths
poisonous,flat,smooth,brown,no,foul,narrow,buff,tapering,one,evanescent,white,several,leaves
poisonous,flat,smooth,brown,no,spicy,narrow,buff,tapering,one,evanescent,white,several,paths
poisonous,convex,smooth,red,no,foul,narrow,buff,tapering,one,evanescent,white,several,leaves
poisonous,convex,smooth,red,no,fishy,narrow,buff,tapering,one,evanescent,white,several,leaves
poisonous,convex,smooth,red,no,spicy,narrow,buff,tapering,one,evanescent,white,several,leaves
poisonous,flat,scaly,red,no,fishy,narrow,buff,tapering,one,evanescent,white,several,woods
edible,bell,fibrous,gray,no,none,broad,white,enlarging,two,pendant,white,scattered,grasses
poisonous,flat,scaly,brown,no,spicy,narrow,buff,tapering,one,evanescent,white,several,woods
poisonous,flat,scaly,red,no,foul,narrow,buff,tapering,one,evanescent,white,several,woods
poisonous,flat,scaly,brown,no,spicy,narrow,buff,tapering,one,evanescent,white,several,woods
poisonous,flat,smooth,brown,no,foul,narrow,buff,tapering,one,evanescent,white,several,leaves
poisonous,flat,scaly,brown,no,foul,narrow,buff,tapering,one,evanescent,white,several,woods
poisonous,convex,scaly,red,no,spicy,narrow,buff,tapering,one,evanescent,white,several,woods
poisonous,flat,scaly,brown,no,spicy,narrow,buff,tapering,one,evanescent,white,several,leaves
poisonous,convex,smooth,brown,no,fishy,narrow,buff,tapering,one,evanescent,white,several,woods
poisonous,flat,scaly,red,no,foul,narrow,buff,tapering,one,evanescent,white,several,woods
edible,knobbed,fibrous,gray,no,none,broad,pink,enlarging,two,pendant,white,scattered,grasses
edible,bell,smooth,brown,no,none,broad,yellow,enlarging,one,pendant,orange,clustered,leaves
poisonous,flat,smooth,brown,no,spicy,narrow,buff,tapering,one,evanescent,white,several,leaves
poisonous,convex,smooth,brown,no,spicy,narrow,buff,tapering,one,evanescent,white,several,paths
poisonous,flat,scaly,brown,no,spicy,narrow,buff,tapering,one,evanescent,white,several,leaves
poisonous,flat,smooth,red,no,spicy,narrow,buff,tapering,one,evanescent,white,several,leaves
poisonous,flat,scaly,brown,no,fishy,narrow,buff,tapering,one,evanescent,white,several,leaves
poisonous,flat,smooth,brown,no,foul,narrow,buff,tapering,one,evanescent,white,several,woods
poisonous,flat,scaly,red,no,fishy,narrow,buff,tapering,one,evanescent,white,several,paths
poisonous,flat,scaly,red,no,foul,narrow,buff,tapering,one,evanescent,white,several,leaves
poisonous,flat,smooth,brown,no,spicy,narrow,buff,tapering,one,evanescent,white,several,leaves
poisonous,convex,smooth,red,no,fishy,narrow,buff,tapering,one,evanescent,white,several,woods
edible,convex,fibrous,white,no,none,broad,gray,enlarging,two,pendant,white,numerous,grasses
poisonous,flat,smooth,brown,no,foul,narrow,buff,tapering,one,evanescent,white,several,paths
poisonous,convex,smooth,red,no,fishy,narrow,buff,tapering,one,evanescent,white,several,leaves
poisonous,convex,smooth,brown,no,fishy,narrow,buff,tapering,one,evanescent,white,several,woods
poisonous,convex,smooth,brown,no,fishy,narrow,buff,tapering,one,evanescent,white,several,leaves
poisonous,convex,smooth,brown,no,foul,narrow,buff,tapering,one,evanescent,white,several,woods
poisonous,knobbed,scaly,brown,no,fishy,narrow,buff,tapering,one,evanescent,white,several,woods
poisonous,flat,smooth,brown,no,fishy,narrow,buff,tapering,one,evanescent,white,several,paths
poisonous,convex,scaly,red,no,fishy,narrow,buff,tapering,one,evanescent,white,several,paths
poisonous,flat,smooth,brown,no,fishy,narrow,buff,tapering,one,evanescent,white,several,paths
poisonous,flat,smooth,brown,no,foul,narrow,buff,tapering,one,evanescent,white,several,woods
poisonous,convex,smooth,brown,no,spicy,narrow,buff,tapering,one,evanescent,white,several,leaves
poisonous,convex,smooth,brown,no,foul,narrow,buff,tapering,one,evanescent,white,several,woods
poisonous,convex,scaly,red,no,spicy,narrow,buff,tapering,one,evanescent,white,several,leaves
poisonous,flat,smooth,red,no,foul,narrow,buff,tapering,one,evanescent,white,several,woods
poisonous,flat,smooth,red,no,spicy,narrow,buff,tapering,one,evanescent,white,several,leaves
poisonous,flat,scaly,brown,no,foul,narrow,buff,tapering,one,evanescent,white,several,paths
poisonous,convex,smooth,red,no,spicy,narrow,buff,tapering,one,evanescent,white,several,leaves
poisonous,flat,smooth,red,no,spicy,narrow,buff,tapering,one,evanescent,white,several,leaves
poisonous,flat,scaly,red,no,spicy,narrow,buff,tapering,one,evanescent,white,several,woods
poisonous,flat,scaly,red,no,fishy,narrow,buff,tapering,one,evanescent,white,several,leaves
poisonous,convex,scaly,red,no,spicy,narrow,buff,tapering,one,evanescent,white,several,leaves
poisonous,flat,scaly,brown,no,foul,narrow,buff,tapering,one,evanescent,white,several,leaves
poisonous,flat,smooth,brown,no,foul,narrow,buff,tapering,one,evanescent,white,several,leaves
poisonous,flat,smooth,brown,no,fishy,narrow,buff,tapering,one,evanescent,white,several,paths
poisonous,knobbed,scaly,red,no,foul,narrow,buff,tapering,one,evanescent,white,several,leaves
poisonous,flat,smooth,red,no,fishy,narrow,buff,tapering,one,evanescent,white,several,leaves
poisonous,convex,smooth,red,no,spicy,narrow,buff,tapering,one,evanescent,white,several,paths
poisonous,convex,scaly,red,no,fishy,narrow,buff,tapering,one,evanescent,white,several,paths
poisonous,flat,scaly,red,no,foul,narrow,buff,tapering,one,evanescent,white,several,leaves
poisonous,convex,scaly,red,no,spicy,narrow,buff,tapering,one,evanescent,white,several,woods
poisonous,flat,scaly,red,no,foul,narrow,buff,tapering,one,evanescent,white,several,leaves
poisonous,flat,scaly,brown,no,fishy,narrow,buff,tapering,one,evanescent,white,several,woods
poisonous,flat,scaly,red,no,fishy,narrow,buff,tapering,one,evanescent,white,several,leaves
poisonous,convex,scaly,red,no,spicy,narrow,buff,tapering,one,evanescent,white,several,paths
poisonous,convex,smooth,red,no,fishy,narrow,buff,tapering,one,evanescent,white,several,woods
poisonous,flat,smooth,red,no,foul,narrow,buff,tapering,one,evanescent,white,several,leaves
poisonous,flat,smooth,red,no,foul,narrow,buff,tapering,one,evanescent,white,several,paths
poisonous,convex,smooth,red,no,foul,narrow,buff,tapering,one,evanescent,white,several,paths
poisonous,flat,smooth,red,no,fishy,narrow,buff,tapering,one,evanescent,white,several,paths
poisonous,flat,smooth,red,no,spicy,narrow,buff,tapering,one,evanescent,white,several,paths
poisonous,flat,smooth,brown,no,fishy,narrow,buff,tapering,one,evanescent,white,several,leaves
poisonous,flat,scaly,red,no,foul,narrow,buff,tapering,one,evanescent,white,several,woods
poisonous,flat,scaly,brown,no,spicy,narrow,buff,tapering,one,evanescent,white,several,paths
poisonous,knobbed,smooth,red,no,foul,narrow,buff,tapering,one,evanescent,white,several,leaves
poisonous,flat,smooth,brown,no,fishy,narrow,buff,tapering,one,evanescent,white,several,woods
poisonous,flat,scaly,brown,no,fishy,narrow,buff,tapering,one,evanescent,white,several,paths
poisonous,flat,smooth,red,no,spicy,narrow,buff,tapering,one,evanescent,white,several,leaves
poisonous,flat,scaly,red,no,fishy,narrow,buff,tapering,one,evanescent,white,several,leaves
poisonous,convex,smooth,brown,no,fishy,narrow,buff,tapering,one,evanescent,white,several,paths
poisonous,knobbed,scaly,brown,no,fishy,narrow,buff,tapering,one,evanescent,white,several,paths
poisonous,convex,scaly,red,no,spicy,narrow,buff,tapering,one,evanescent,white,several,woods
poisonous,convex,smooth,red,no,foul,narrow,buff,tapering,one,evanescent,white,several,leaves
edible,convex,smooth,gray,no,none,broad,white,enlarging,two,pendant,white,numerous,grasses
poisonous,knobbed,scaly,brown,no,fishy,narrow,buff,tapering,one,evanescent,white,several,woods
poisonous,convex,smooth,brown,no,fishy,narrow,buff,tapering,one,evanescent,white,several,paths
poisonous,flat,smooth,brown,no,spicy,narrow,buff,tapering,one,evanescent,white,several,paths
poisonous,flat,smooth,brown,no,spicy,narrow,buff,tapering,one,evanescent,white,several,paths
poisonous,convex,smooth,red,no,spicy,narrow,buff,tapering,one,evanescent,white,several,paths
poisonous,flat,smooth,red,no,foul,narrow,buff,tapering,one,evanescent,white,several,leaves
poisonous,flat,scaly,red,no,foul,narrow,buff,tapering,one,evanescent,white,several,leaves
poisonous,flat,scaly,red,no,foul,narrow,buff,tapering,one,evanescent,white,several,paths
poisonous,flat,smooth,brown,no,foul,narrow,buff,tapering,one,evanescent,white,several,leaves
poisonous,flat,smooth,red,no,foul,narrow,buff,tapering,one,evanescent,white,several,paths
poisonous,convex,smooth,brown,no,foul,narrow,buff,tapering,one,evanescent,white,several,paths
poisonous,flat,smooth,red,no,foul,narrow,buff,tapering,one,evanescent,white,several,leaves
poisonous,convex,smooth,red,no,spicy,narrow,buff,tapering,one,evanescent,white,several,paths
poisonous,flat,smooth,red,no,fishy,narrow,buff,tapering,one,evanescent,white,several,woods
poisonous,flat,scaly,red,no,foul,narrow,buff,tapering,one,evanescent,white,several,paths
poisonous,knobbed,scaly,red,no,spicy,narrow,buff,tapering,one,evanescent,white,several,paths
poisonous,flat,smooth,brown,no,spicy,narrow,buff,tapering,one,evanescent,white,several,paths
poisonous,knobbed,scaly,red,no,spicy,narrow,buff,tapering,one,evanescent,white,several,woods
poisonous,flat,smooth,red,no,fishy,narrow,buff,tapering,one,evanescent,white,several,leaves
poisonous,flat,scaly,red,no,spicy,narrow,buff,tapering,one,evanescent,white,several,leaves
poisonous,flat,smooth,red,no,foul,narrow,buff,tapering,one,evanescent,white,several,leaves
edible,bell,smooth,brown,no,none,broad,brown,enlarging,one,pendant,orange,clustered,leaves
poisonous,convex,smooth,brown,no,foul,narrow,buff,tapering,one,evanescent,white,several,woods
poisonous,flat,scaly,red,no,spicy,narrow,buff,tapering,one,evanescent,white,several,leaves
poisonous,flat,scaly,brown,no,spicy,narrow,buff,tapering,one,evanescent,white,several,woods
poisonous,flat,smooth,red,no,foul,narrow,buff,tapering,one,evanescent,white,several,woods
poisonous,flat,scaly,brown,no,foul,narrow,buff,tapering,one,evanescent,white,several,paths
poisonous,knobbed,scaly,brown,no,musty,broad,white,enlarging,none,none,white,clustered,woods
poisonous,convex,smooth,red,no,foul,narrow,buff,tapering,one,evanescent,white,several,paths
poisonous,flat,smooth,red,no,spicy,narrow,buff,tapering,one,evanescent,white,several,leaves
poisonous,knobbed,scaly,brown,no,fishy,narrow,buff,tapering,one,evanescent,white,several,woods
poisonous,flat,smooth,red,no,foul,narrow,buff,tapering,one,evanescent,white,several,paths
edible,knobbed,smooth,white,no,none,broad,gray,enlarging,two,pendant,white,scattered,grasses
poisonous,flat,scaly,brown,no,fishy,narrow,buff,tapering,one,evanescent,white,several,leaves
poisonous,flat,scaly,brown,no,fishy,narrow,buff,tapering,one,evanescent,white,several,woods
poisonous,flat,scaly,brown,no,fishy,narrow,buff,tapering,one,evanescent,white,several,paths
poisonous,flat,smooth,brown,no,spicy,narrow,buff,tapering,one,evanescent,white,several,woods
poisonous,flat,smooth,brown,no,fishy,narrow,buff,tapering,one,evanescent,white,several,leaves
poisonous,flat,scaly,red,no,fishy,narrow,buff,tapering,one,evanescent,white,several,paths
poisonous,convex,smooth,red,no,foul,narrow,buff,tapering,one,evanescent,white,several,woods
poisonous,flat,scaly,brown,no,foul,narrow,buff,tapering,one,evanescent,white,several,paths
poisonous,convex,smooth,brown,no,foul,narrow,buff,tapering,one,evanescent,white,several,paths
poisonous,convex,smooth,red,no,foul,narrow,buff,tapering,one,evanescent,white,several,leaves
poisonous,convex,smooth,red,no,fishy,narrow,buff,tapering,one,evanescent,white,several,leaves
poisonous,flat,scaly,red,no,fishy,narrow,buff,tapering,one,evanescent,white,several,woods
poisonous,convex,smooth,brown,no,fishy,narrow,buff,tapering,one,evanescent,white,several,woods
poisonous,convex,smooth,red,no,spicy,narrow,buff,tapering,one,evanescent,white,several,paths
poisonous,flat,smooth,brown,no,foul,narrow,buff,tapering,one,evanescent,white,several,leaves
poisonous,convex,smooth,brown,no,fishy,narrow,buff,tapering,one,evanescent,white,several,leaves
poisonous,flat,scaly,red,no,fishy,narrow,buff,tapering,one,evanescent,white,several,woods
poisonous,convex,smooth,brown,no,foul,narrow,buff,tapering,one,evanescent,white,several,woods
poisonous,flat,scaly,red,no,foul,narrow,buff,tapering,one,evanescent,white,several,leaves
poisonous,flat,smooth,red,no,foul,narrow,buff,tapering,one,evanescent,white,several,paths
poisonous,flat,scaly,brown,no,foul,narrow,buff,tapering,one,evanescent,white,several,leaves
poisonous,flat,scaly,brown,no,fishy,narrow,buff,tapering,one,evanescent,white,several,woods
poisonous,convex,scaly,red,no,foul,narrow,buff,tapering,one,evanescent,white,several,woods
edible,knobbed,fibrous,gray,no,none,broad,white,enlarging,two,pendant,white,numerous,grasses
poisonous,convex,smooth,red,no,fishy,narrow,buff,tapering,one,evanescent,white,several,woods
poisonous,knobbed,scaly,brown,no,fishy,narrow,buff,tapering,one,evanescent,white,several,woods
poisonous,knobbed,scaly,brown,no,spicy,narrow,buff,tapering,one,evanescent,white,several,woods
poisonous,convex,scaly,red,no,spicy,narrow,buff,tapering,one,evanescent,white,several,paths
poisonous,flat,smooth,red,no,foul,narrow,buff,tapering,one,evanescent,white,several,leaves
poisonous,flat,smooth,brown,no,spicy,narrow,buff,tapering,one,evanescent,white,several,leaves
poisonous,flat,smooth,red,no,spicy,narrow,buff,tapering,one,evanescent,white,several,paths
poisonous,convex,smooth,red,no,foul,narrow,buff,tapering,one,evanescent,white,several,paths
poisonous,flat,smooth,brown,no,spicy,narrow,buff,tapering,one,evanescent,white,several,woods
poisonous,flat,scaly,red,no,spicy,narrow,buff,tapering,one,evanescent,white,several,paths
poisonous,convex,smooth,brown,no,spicy,narrow,buff,tapering,one,evanescent,white,several,leaves
poisonous,convex,scaly,red,no,foul,narrow,buff,tapering,one,evanescent,white,several,paths
poisonous,flat,smooth,red,no,fishy,narrow,buff,tapering,one,evanescent,white,several,paths
poisonous,convex,smooth,brown,no,fishy,narrow,buff,tapering,one,evanescent,white,several,woods
poisonous,flat,smooth,brown,no,foul,narrow,buff,tapering,one,evanescent,white,several,paths
edible,convex,smooth,brown,no,none,broad,brown,enlarging,one,pendant,yellow,several,leaves
poisonous,knobbed,smooth,brown,no,fishy,narrow,buff,tapering,one,evanescent,white,several,paths
poisonous,flat,smooth,brown,no,fishy,narrow,buff,tapering,one,evanescent,white,several,leaves
poisonous,knobbed,scaly,red,no,foul,narrow,buff,tapering,one,evanescent,white,several,paths
edible,convex,scaly,cinnamon,yes,none,broad,white,enlarging,two,pendant,white,solitary,paths
edible,bell,smooth,brown,no,none,broad,brown,enlarging,one,pendant,yellow,clustered,leaves
edible,knobbed,smooth,gray,no,none,broad,white,enlarging,two,pendant,white,numerous,grasses
edible,convex,fibrous,gray,no,none,broad,gray,enlarging,two,pendant,white,scattered,grasses
poisonous,convex,smooth,brown,no,spicy,narrow,buff,tapering,one,evanescent,white,several,woods
poisonous,knobbed,scaly,red,no,foul,narrow,buff,tapering,one,evanescent,white,several,paths
edible,convex,smooth,brown,no,none,broad,orange,enlarging,one,pendant,orange,clustered,leaves
poisonous,knobbed,smooth,red,no,spicy,narrow,buff,tapering,one,evanescent,white,several,woods
poisonous,bell,scaly,yellow,no,none,narrow,yellow,enlarging,one,evanescent,white,clustered,leaves
poisonous,convex,smooth,red,no,foul,narrow,buff,tapering,one,evanescent,white,several,woods
edible,bell,smooth,gray,no,none,broad,gray,enlarging,two,pendant,white,numerous,grasses
poisonous,knobbed,scaly,red,no,foul,narrow,buff,tapering,one,evanescent,white,several,paths
poisonous,knobbed,smooth,red,no,spicy,narrow,buff,tapering,one,evanescent,white,several,paths
poisonous,flat,smooth,red,no,spicy,narrow,buff,tapering,one,evanescent,white,several,woods
poisonous,flat,scaly,brown,no,fishy,narrow,buff,tapering,one,evanescent,white,several,paths
poisonous,flat,smooth,red,no,spicy,narrow,buff,tapering,one,evanescent,white,several,woods
edible,knobbed,fibrous,gray,no,none,broad,white,enlarging,two,pendant,white,scattered,grasses
poisonous,knobbed,smooth,brown,no,spicy,narrow,buff,tapering,one,evanescent,white,several,paths
poisonous,knobbed,smooth,red,no,fishy,narrow,buff,tapering,one,evanescent,white,several,woods
poisonous,flat,smooth,red,no,foul,narrow,buff,tapering,one,evanescent,white,several,leaves
edible,bell,fibrous,gray,no,none,broad,pink,enlarging,two,pendant,white,numerous,grasses
poisonous,flat,scaly,brown,no,spicy,narrow,buff,tapering,one,evanescent,white,several,woods
poisonous,flat,smooth,brown,no,fishy,narrow,buff,tapering,one,evanescent,white,several,paths
edible,flat,smooth,brown,no,none,broad,orange,enlarging,one,pendant,brown,clustered,leaves
edible,convex,scaly,pink,yes,none,broad,white,enlarging,two,pendant,white,solitary,paths
poisonous,flat,smooth,brown,no,fishy,narrow,buff,tapering,one,evanescent,white,several,woods
poisonous,knobbed,scaly,red,no,fishy,narrow,buff,tapering,one,evanescent,white,several,leaves
poisonous,flat,smooth,brown,no,spicy,narrow,buff,tapering,one,evanescent,white,several,leaves
edible,bell,smooth,white,no,none,broad,white,enlarging,two,pendant,white,numerous,grasses
poisonous,convex,scaly,red,no,foul,narrow,buff,tapering,one,evanescent,white,several,paths
poisonous,flat,scaly,red,no,fishy,narrow,buff,tapering,one,evanescent,white,several,leaves
poisonous,flat,smooth,red,no,fishy,narrow,buff,tapering,one,evanescent,white,several,leaves
poisonous,knobbed,scaly,brown,no,foul,narrow,buff,tapering,one,evanescent,white,several,woods
edible,convex,fibrous,white,no,none,broad,pink,enlarging,two,pendant,white,scattered,grasses
edible,bell,smooth,white,no,none,broad,pink,enlarging,two,pendant,white,numerous,grasses
poisonous,knobbed,smooth,red,no,fishy,narrow,buff,tapering,one,evanescent,white,several,leaves
poisonous,flat,scaly,brown,no,fishy,narrow,buff,tapering,one,evanescent,white,several,leaves
edible,flat,scaly,brown,yes,none,broad,white,enlarging,two,pendant,white,several,paths
poisonous,knobbed,smooth,brown,no,spicy,narrow,buff,tapering,one,evanescent,white,several,woods
poisonous,knobbed,smooth,brown,no,fishy,narrow,buff,tapering,one,evanescent,white,several,leaves
poisonous,flat,scaly,brown,no,spicy,narrow,buff,tapering,one,evanescent,white,several,leaves
poisonous,flat,scaly,red,no,musty,broad,white,enlarging,none,none,white,clustered,woods
poisonous,convex,smooth,red,no,foul,narrow,buff,tapering,one,evanescent,white,several,woods
poisonous,knobbed,scaly,red,no,spicy,narrow,buff,tapering,one,evanescent,white,several,paths
poisonous,convex,smooth,brown,no,spicy,narrow,buff,tapering,one,evanescent,white,several,leaves
poisonous,knobbed,smooth,red,no,foul,narrow,buff,tapering,one,evanescent,white,several,leaves
poisonous,knobbed,scaly,brown,no,foul,narrow,buff,tapering,one,evanescent,white,several,leaves
poisonous,flat,scaly,red,no,foul,narrow,buff,tapering,one,evanescent,white,several,paths
edible,convex,fibrous,white,no,none,broad,white,enlarging,two,pendant,white,scattered,grasses
poisonous,knobbed,smooth,brown,no,spicy,narrow,buff,tapering,one,evanescent,white,several,woods
poisonous,flat,smooth,brown,no,foul,narrow,buff,tapering,one,evanescent,white,several,paths
poisonous,knobbed,smooth,red,no,fishy,narrow,buff,tapering,one,evanescent,white,several,woods
poisonous,knobbed,smooth,red,no,spicy,narrow,buff,tapering,one,evanescent,white,several,leaves
poisonous,knobbed,scaly,brown,no,spicy,narrow,buff,tapering,one,evanescent,white,several,leaves
edible,knobbed,fibrous,white,no,none,broad,gray,enlarging,two,pendant,white,scattered,grasses
poisonous,knobbed,smooth,brown,no,foul,narrow,buff,tapering,one,evanescent,white,several,paths
poisonous,knobbed,scaly,brown,no,spicy,narrow,buff,tapering,one,evanescent,white,several,leaves
poisonous,knobbed,smooth,brown,no,spicy,narrow,buff,tapering,one,evanescent,white,several,leaves
poisonous,knobbed,smooth,red,no,spicy,narrow,buff,tapering,one,evanescent,white,several,woods
poisonous,convex,smooth,brown,no,fishy,narrow,buff,tapering,one,evanescent,white,several,leaves
poisonous,convex,scaly,red,no,spicy,narrow,buff,tapering,one,evanescent,white,several,leaves
poisonous,flat,smooth,red,no,fishy,narrow,buff,tapering,one,evanescent,white,several,paths
poisonous,knobbed,scaly,brown,no,foul,narrow,buff,tapering,one,evanescent,white,several,woods
edible,bell,smooth,brown,no,none,broad,white,enlarging,two,pendant,white,solitary,woods
poisonous,flat,smooth,brown,no,foul,narrow,buff,tapering,one,evanescent,white,several,paths
poisonous,knobbed,scaly,red,no,foul,narrow,buff,tapering,one,evanescent,white,several,woods
edible,convex,smooth,brown,no,none,broad,white,enlarging,two,pendant,white,solitary,woods
poisonous,flat,smooth,brown,no,foul,narrow,buff,tapering,one,evanescent,white,several,woods
poisonous,knobbed,smooth,brown,no,fishy,narrow,buff,tapering,one,evanescent,white,several,leaves
poisonous,flat,scaly,brown,no,spicy,narrow,buff,tapering,one,evanescent,white,several,paths
poisonous,convex,smooth,brown,no,spicy,narrow,buff,tapering,one,evanescent,white,several,paths
edible,knobbed,fibrous,white,no,none,broad,white,enlarging,two,pendant,white,scattered,grasses
poisonous,flat,scaly,red,no,foul,narrow,buff,tapering,one,evanescent,white,several,woods
poisonous,convex,smooth,red,no,fishy,narrow,buff,tapering,one,evanescent,white,several,paths
poisonous,convex,smooth,brown,no,foul,narrow,buff,tapering,one,evanescent,white,several,leaves
poisonous,flat,smooth,brown,no,foul,narrow,buff,tapering,one,evanescent,white,several,paths
poisonous,knobbed,smooth,brown,no,fishy,narrow,buff,tapering,one,evanescent,white,several,leaves
poisonous,knobbed,smooth,red,no,foul,narrow,buff,tapering,one,evanescent,white,several,paths
poisonous,knobbed,smooth,red,no,spicy,narrow,buff,tapering,one,evanescent,white,several,leaves
poisonous,convex,smooth,red,no,foul,narrow,buff,tapering,one,evanescent,white,several,woods
edible,bell,smooth,brown,no,none,broad,white,enlarging,two,pendant,white,solitary,paths
poisonous,knobbed,smooth,red,no,fishy,narrow,buff,tapering,one,evanescent,white,several,paths
poisonous,convex,smooth,brown,no,foul,narrow,buff,tapering,one,evanescent,white,several,paths
poisonous,convex,scaly,red,no,foul,narrow,buff,tapering,one,evanescent,white,several,paths
poisonous,flat,smooth,red,no,spicy,narrow,buff,tapering,one,evanescent,white,several,leaves
edible,bell,smooth,brown,no,none,broad,brown,enlarging,one,pendant,brown,clustered,leaves
edible,knobbed,smooth,gray,no,none,broad,pink,enlarging,two,pendant,white,numerous,grasses
poisonous,knobbed,scaly,red,no,musty,broad,yellow,enlarging,none,none,white,clustered,woods
poisonous,knobbed,scaly,red,no,fishy,narrow,buff,tapering,one,evanescent,white,several,leaves
poisonous,flat,smooth,red,no,fishy,narrow,buff,tapering,one,evanescent,white,several,woods
edible,knobbed,smooth,brown,no,none,broad,yellow,enlarging,one,pendant,orange,clustered,leaves
poisonous,flat,scaly,red,no,spicy,narrow,buff,tapering,one,evanescent,white,several,woods
poisonous,knobbed,scaly,red,no,spicy,narrow,buff,tapering,one,evanescent,white,several,woods
edible,knobbed,fibrous,white,no,none,broad,pink,enlarging,two,pendant,white,scattered,grasses
edible,convex,smooth,gray,no,none,broad,white,enlarging,two,pendant,white,scattered,grasses
edible,knobbed,smooth,brown,no,none,broad,yellow,enlarging,one,pendant,orange,several,leaves
poisonous,knobbed,scaly,red,no,spicy,narrow,buff,tapering,one,evanescent,white,several,woods
poisonous,knobbed,scaly,brown,no,spicy,narrow,buff,tapering,one,evanescent,white,several,leaves
poisonous,knobbed,smooth,red,no,spicy,narrow,buff,tapering,one,evanescent,white,several,paths
edible,convex,smooth,white,no,none,broad,white,enlarging,two,pendant,white,scattered,grasses
edible,knobbed,smooth,white,no,none,broad,gray,enlarging,two,pendant,white,numerous,grasses
edible,knobbed,smooth,white,no,none,broad,pink,enlarging,two,pendant,white,scattered,grasses
poisonous,knobbed,smooth,red,no,foul,narrow,buff,tapering,one,evanescent,white,several,leaves
poisonous,convex,smooth,red,no,spicy,narrow,buff,tapering,one,evanescent,white,several,paths
edible,knobbed,smooth,gray,no,none,broad,white,enlarging,two,pendant,white,scattered,grasses
edible,convex,fibrous,white,no,none,broad,gray,enlarging,two,pendant,white,scattered,grasses
poisonous,knobbed,scaly,red,no,foul,narrow,buff,tapering,one,evanescent,white,several,woods
edible,bell,smooth,white,no,none,broad,gray,enlarging,two,pendant,white,scattered,grasses
poisonous,knobbed,smooth,red,no,spicy,narrow,buff,tapering,one,evanescent,white,several,paths
poisonous,flat,smooth,brown,no,foul,narrow,buff,tapering,one,evanescent,white,several,paths
poisonous,flat,scaly,brown,no,foul,narrow,buff,tapering,one,evanescent,white,several,woods
edible,knobbed,smooth,gray,no,none,broad,pink,enlarging,two,pendant,white,scattered,grasses
edible,convex,smooth,white,no,none,broad,white,enlarging,two,pendant,white,numerous,grasses
poisonous,flat,scaly,red,no,fishy,narrow,buff,tapering,one,evanescent,white,several,paths
poisonous,convex,smooth,red,no,foul,narrow,buff,tapering,one,evanescent,white,several,woods
edible,convex,fibrous,white,no,none,broad,gray,enlarging,two,pendant,white,scattered,grasses
edible,knobbed,fibrous,white,no,none,broad,gray,enlarging,two,pendant,white,numerous,grasses
poisonous,flat,smooth,red,no,spicy,narrow,buff,tapering,one,evanescent,white,several,woods
edible,flat,smooth,gray,yes,none,broad,white,enlarging,two,pendant,white,several,paths
poisonous,knobbed,smooth,red,no,fishy,narrow,buff,tapering,one,evanescent,white,several,woods
poisonous,convex,smooth,brown,no,fishy,narrow,buff,tapering,one,evanescent,white,several,paths
edible,knobbed,smooth,brown,no,none,broad,yellow,enlarging,one,pendant,buff,clustered,leaves
edible,convex,smooth,brown,no,none,broad,brown,enlarging,one,pendant,brown,clustered,leaves
poisonous,knobbed,scaly,red,no,spicy,narrow,buff,tapering,one,evanescent,white,several,leaves
poisonous,convex,smooth,red,no,fishy,narrow,buff,tapering,one,evanescent,white,several,woods
poisonous,convex,smooth,brown,no,spicy,narrow,buff,tapering,one,evanescent,white,several,woods
poisonous,knobbed,smooth,red,no,fishy,narrow,buff,tapering,one,evanescent,white,several,woods
poisonous,convex,smooth,brown,no,fishy,narrow,buff,tapering,one,evanescent,white,several,leaves
edible,knobbed,fibrous,white,no,none,broad,gray,enlarging,two,pendant,white,numerous,grasses
edible,knobbed,smooth,brown,no,none,broad,orange,enlarging,one,pendant,brown,clustered,leaves
poisonous,knobbed,scaly,cinnamon,no,musty,broad,white,enlarging,none,none,white,clustered,woods
edible,convex,fibrous,gray,no,none,broad,gray,enlarging,two,pendant,white,scattered,grasses
edible,convex,smooth,brown,no,none,broad,brown,enlarging,one,pendant,orange,several,leaves
edible,convex,smooth,brown,no,none,broad,yellow,enlarging,one,pendant,buff,several,leaves
poisonous,knobbed,scaly,red,no,spicy,narrow,buff,tapering,one,evanescent,white,several,paths
edible,knobbed,fibrous,white,no,none,broad,pink,enlarging,two,pendant,white,numerous,grasses
edible,convex,fibrous,gray,no,none,broad,gray,enlarging,two,pendant,white,scattered,grasses
edible,flat,smooth,brown,no,none,broad,orange,enlarging,one,pendant,brown,several,leaves
poisonous,knobbed,scaly,brown,no,fishy,narrow,buff,tapering,one,evanescent,white,several,woods
poisonous,knobbed,scaly,brown,no,spicy,narrow,buff,tapering,one,evanescent,white,several,leaves
poisonous,flat,scaly,brown,no,spicy,narrow,buff,tapering,one,evanescent,white,several,woods
poisonous,flat,scaly,red,no,fishy,narrow,buff,tapering,one,evanescent,white,several,paths
edible,knobbed,fibrous,gray,no,none,broad,pink,enlarging,two,pendant,white,numerous,grasses
poisonous,flat,scaly,red,no,spicy,narrow,buff,tapering,one,evanescent,white,several,woods
poisonous,flat,scaly,brown,no,spicy,narrow,buff,tapering,one,evanescent,white,several,paths
poisonous,knobbed,smooth,red,no,spicy,narrow,buff,tapering,one,evanescent,white,several,leaves
edible,knobbed,smooth,gray,no,none,broad,white,enlarging,two,pendant,white,scattered,grasses
edible,bell,smooth,brown,no,none,broad,yellow,enlarging,one,pendant,yellow,clustered,leaves
poisonous,knobbed,scaly,brown,no,foul,narrow,buff,tapering,one,evanescent,white,several,leaves
poisonous,convex,smooth,brown,no,spicy,narrow,buff,tapering,one,evanescent,white,several,paths
edible,bell,smooth,brown,no,none,broad,orange,enlarging,one,pendant,orange,several,leaves
poisonous,knobbed,smooth,brown,no,fishy,narrow,buff,tapering,one,evanescent,white,several,woods
poisonous,knobbed,smooth,brown,no,fishy,narrow,buff,tapering,one,evanescent,white,several,paths
poisonous,knobbed,smooth,red,no,spicy,narrow,buff,tapering,one,evanescent,white,several,leaves
poisonous,flat,smooth,red,no,spicy,narrow,buff,tapering,one,evanescent,white,several,paths
poisonous,convex,smooth,red,no,spicy,narrow,buff,tapering,one,evanescent,white,several,paths
poisonous,convex,smooth,red,no,fishy,narrow,buff,tapering,one,evanescent,white,several,woods
poisonous,convex,smooth,brown,no,spicy,narrow,buff,tapering,one,evanescent,white,several,woods
poisonous,knobbed,scaly,brown,no,fishy,narrow,buff,tapering,one,evanescent,white,several,woods
edible,convex,smooth,pink,yes,none,broad,white,enlarging,two,pendant,white,solitary,paths
poisonous,flat,smooth,red,no,fishy,narrow,buff,tapering,one,evanescent,white,several,woods
poisonous,convex,scaly,brown,no,musty,broad,white,enlarging,none,none,white,clustered,woods
poisonous,knobbed,smooth,brown,no,foul,narrow,buff,tapering,one,evanescent,white,several,leaves
edible,knobbed,smooth,gray,no,none,broad,gray,enlarging,two,pendant,white,scattered,grasses
poisonous,knobbed,smooth,brown,no,foul,narrow,buff,tapering,one,evanescent,white,several,woods
poisonous,flat,scaly,brown,no,fishy,narrow,buff,tapering,one,evanescent,white,several,paths
poisonous,knobbed,smooth,brown,no,spicy,narrow,buff,tapering,one,evanescent,white,several,paths
poisonous,knobbed,scaly,red,no,fishy,narrow,buff,tapering,one,evanescent,white,several,woods
poisonous,flat,scaly,red,no,foul,narrow,buff,tapering,one,evanescent,white,several,woods
edible,flat,smooth,cinnamon,yes,none,broad,white,enlarging,two,pendant,white,solitary,paths
poisonous,flat,scaly,brown,no,foul,narrow,buff,tapering,one,evanescent,white,several,leaves
poisonous,knobbed,smooth,red,no,foul,narrow,buff,tapering,one,evanescent,white,several,woods
poisonous,convex,smooth,red,no,fishy,narrow,buff,tapering,one,evanescent,white,several,leaves
poisonous,flat,scaly,red,no,fishy,narrow,buff,tapering,one,evanescent,white,several,leaves
poisonous,convex,smooth,brown,no,foul,narrow,buff,tapering,one,evanescent,white,several,paths
edible,flat,smooth,brown,no,none,broad,yellow,enlarging,one,pendant,brown,clustered,leaves
poisonous,flat,smooth,red,no,spicy,narrow,buff,tapering,one,evanescent,white,several,woods
poisonous,convex,scaly,red,no,spicy,narrow,buff,tapering,one,evanescent,white,several,paths
poisonous,convex,scaly,red,no,foul,narrow,buff,tapering,one,evanescent,white,several,woods
poisonous,convex,smooth,red,no,spicy,narrow,buff,tapering,one,evanescent,white,several,paths
poisonous,knobbed,smooth,red,no,foul,narrow,buff,tapering,one,evanescent,white,several,leaves
poisonous,convex,smooth,red,no,fishy,narrow,buff,tapering,one,evanescent,white,several,leaves
edible,bell,fibrous,gray,no,none,broad,white,enlarging,two,pendant,white,scattered,grasses
poisonous,knobbed,scaly,red,no,spicy,narrow,buff,tapering,one,evanescent,white,several,paths
poisonous,knobbed,smooth,red,no,spicy,narrow,buff,tapering,one,evanescent,white,several,leaves
edible,knobbed,fibrous,gray,no,none,broad,gray,enlarging,two,pendant,white,numerous,grasses
edible,flat,smooth,brown,no,none,broad,brown,enlarging,one,pendant,brown,several,leaves
poisonous,flat,scaly,brown,no,musty,broad,white,enlarging,none,none,white,clustered,woods
poisonous,knobbed,smooth,red,no,spicy,narrow,buff,tapering,one,evanescent,white,several,woods
poisonous,flat,smooth,brown,no,foul,narrow,buff,tapering,one,evanescent,white,several,leaves
poisonous,knobbed,scaly,brown,no,foul,narrow,buff,tapering,one,evanescent,white,several,paths
poisonous,knobbed,smooth,red,no,fishy,narrow,buff,tapering,one,evanescent,white,several,leaves
poisonous,knobbed,scaly,brown,no,fishy,narrow,buff,tapering,one,evanescent,white,several,paths
poisonous,knobbed,scaly,brown,no,fishy,narrow,buff,tapering,one,evanescent,white,several,leaves
edible,convex,fibrous,gray,no,none,broad,gray,enlarging,two,pendant,white,numerous,grasses
poisonous,knobbed,scaly,red,no,foul,narrow,buff,tapering,one,evanescent,white,several,paths
poisonous,convex,scaly,cinnamon,no,musty,broad,yellow,enlarging,none,none,white,clustered,woods
poisonous,knobbed,scaly,red,no,spicy,narrow,buff,tapering,one,evanescent,white,several,paths
poisonous,knobbed,scaly,red,no,spicy,narrow,buff,tapering,one,evanescent,white,several,leaves
edible,bell,smooth,white,no,none,broad,pink,enlarging,two,pendant,white,scattered,grasses
poisonous,knobbed,smooth,brown,no,fishy,narrow,buff,tapering,one,evanescent,white,several,woods
poisonous,convex,smooth,red,no,fishy,narrow,buff,tapering,one,evanescent,white,several,paths
poisonous,flat,scaly,brown,no,foul,narrow,buff,tapering,one,evanescent,white,several,leaves
poisonous,flat,smooth,red,no,fishy,narrow,buff,tapering,one,evanescent,white,several,paths
poisonous,knobbed,scaly,red,no,foul,narrow,buff,tapering,one,evanescent,white,several,woods
poisonous,knobbed,scaly,red,no,foul,narrow,buff,tapering,one,evanescent,white,several,woods
edible,bell,fibrous,white,no,none,broad,white,enlarging,two,pendant,white,numerous,grasses
poisonous,knobbed,scaly,brown,no,musty,broad,white,enlarging,none,none,white,clustered,woods
poisonous,flat,scaly,red,no,fishy,narrow,buff,tapering,one,evanescent,white,several,woods
poisonous,knobbed,smooth,brown,no,foul,narrow,buff,tapering,one,evanescent,white,several,paths
poisonous,knobbed,scaly,brown,no,foul,narrow,buff,tapering,one,evanescent,white,several,paths
poisonous,convex,smooth,red,no,spicy,narrow,buff,tapering,one,evanescent,white,several,leaves
edible,convex,scaly,gray,yes,none,broad,white,enlarging,two,pendant,white,several,paths
poisonous,flat,smooth,brown,no,fishy,narrow,buff,tapering,one,evanescent,white,several,woods
poisonous,knobbed,scaly,red,no,fishy,narrow,buff,tapering,one,evanescent,white,several,paths
edible,knobbed,fibrous,white,no,none,broad,white,enlarging,two,pendant,white,numerous,grasses
poisonous,convex,smooth,brown,no,spicy,narrow,buff,tapering,one,evanescent,white,several,woods
poisonous,knobbed,scaly,brown,no,fishy,narrow,buff,tapering,one,evanescent,white,several,woods
poisonous,convex,smooth,red,no,spicy,narrow,buff,tapering,one,evanescent,white,several,woods
edible,knobbed,smooth,white,no,none,broad,white,enlarging,two,pendant,white,numerous,grasses
poisonous,flat,scaly,brown,no,spicy,narrow,buff,tapering,one,evanescent,white,several,paths
poisonous,knobbed,smooth,red,no,spicy,narrow,buff,tapering,one,evanescent,white,several,paths
poisonous,knobbed,smooth,red,no,fishy,narrow,buff,tapering,one,evanescent,white,several,paths
poisonous,flat,scaly,red,no,foul,narrow,buff,tapering,one,evanescent,white,several,leaves
edible,flat,smooth,brown,no,none,broad,brown,enlarging,one,pendant,yellow,several,leaves
poisonous,flat,scaly,brown,no,fishy,narrow,buff,tapering,one,evanescent,white,several,woods
poisonous,knobbed,scaly,red,no,fishy,narrow,buff,tapering,one,evanescent,white,several,woods
poisonous,knobbed,smooth,red,no,fishy,narrow,buff,tapering,one,evanescent,white,several,woods
poisonous,knobbed,smooth,red,no,foul,narrow,buff,tapering,one,evanescent,white,several,leaves
edible,bell,smooth,brown,no,none,broad,orange,enlarging,one,pendant,buff,several,leaves
edible,knobbed,smooth,gray,no,none,broad,pink,enlarging,two,pendant,white,scattered,grasses
edible,convex,smooth,brown,no,none,broad,brown,enlarging,one,pendant,brown,several,leaves
edible,convex,fibrous,gray,no,none,broad,pink,enlarging,two,pendant,white,numerous,grasses
poisonous,knobbed,smooth,red,no,fishy,narrow,buff,tapering,one,evanescent,white,several,woods
poisonous,flat,scaly,red,no,foul,narrow,buff,tapering,one,evanescent,white,several,woods
poisonous,knobbed,smooth,brown,no,spicy,narrow,buff,tapering,one,evanescent,white,several,woods
poisonous,knobbed,smooth,brown,no,fishy,narrow,buff,tapering,one,evanescent,white,several,paths
edible,bell,smooth,white,no,none,broad,pink,enlarging,two,pendant,white,numerous,grasses
poisonous,flat,smooth,brown,no,spicy,narrow,buff,tapering,one,evanescent,white,several,woods
edible,bell,fibrous,gray,no,none,broad,pink,enlarging,two,pendant,white,numerous,grasses
poisonous,convex,smooth,brown,no,foul,narrow,buff,tapering,one,evanescent,white,several,woods
poisonous,convex,scaly,red,no,foul,narrow,buff,tapering,one,evanescent,white,several,leaves
poisonous,flat,scaly,cinnamon,no,musty,broad,white,enlarging,none,none,white,clustered,woods
poisonous,flat,smooth,brown,no,spicy,narrow,buff,tapering,one,evanescent,white,several,woods
poisonous,convex,scaly,red,no,spicy,narrow,buff,tapering,one,evanescent,white,several,leaves
poisonous,flat,smooth,brown,no,spicy,narrow,buff,tapering,one,evanescent,white,several,leaves
poisonous,flat,scaly,red,no,foul,narrow,buff,tapering,one,evanescent,white,several,paths
poisonous,flat,smooth,red,no,foul,narrow,buff,tapering,one,evanescent,white,several,leaves
poisonous,convex,smooth,red,no,spicy,narrow,buff,tapering,one,evanescent,white,several,woods
edible,knobbed,smooth,gray,no,none,broad,white,enlarging,two,pendant,white,scattered,grasses
poisonous,convex,smooth,red,no,fishy,narrow,buff,tapering,one,evanescent,white,several,paths
poisonous,knobbed,smooth,brown,no,fishy,narrow,buff,tapering,one,evanescent,white,several,leaves
poisonous,knobbed,scaly,red,no,spicy,narrow,buff,tapering,one,evanescent,white,several,leaves
poisonous,convex,smooth,brown,no,fishy,narrow,buff,tapering,one,evanescent,white,several,paths
edible,bell,smooth,gray,no,none,broad,gray,enlarging,two,pendant,white,numerous,grasses
poisonous,convex,smooth,brown,no,spicy,narrow,buff,tapering,one,evanescent,white,several,leaves
poisonous,flat,smooth,red,no,spicy,narrow,buff,tapering,one,evanescent,white,several,woods
poisonous,knobbed,smooth,brown,no,spicy,narrow,buff,tapering,one,evanescent,white,several,woods
edible,bell,smooth,gray,no,none,broad,white,enlarging,two,pendant,white,scattered,grasses
poisonous,convex,smooth,brown,no,fishy,narrow,buff,tapering,one,evanescent,white,several,paths
poisonous,flat,scaly,red,no,fishy,narrow,buff,tapering,one,evanescent,white,several,paths
poisonous,flat,smooth,red,no,fishy,narrow,buff,tapering,one,evanescent,white,several,woods
poisonous,flat,scaly,brown,no,musty,broad,yellow,enlarging,none,none,white,clustered,woods
edible,bell,fibrous,gray,no,none,broad,gray,enlarging,two,pendant,white,scattered,grasses
poisonous,flat,smooth,red,no,foul,narrow,buff,tapering,one,evanescent,white,several,paths
poisonous,knobbed,smooth,brown,no,foul,narrow,buff,tapering,one,evanescent,white,several,leaves
edible,knobbed,smooth,gray,no,none,broad,pink,enlarging,two,pendant,white,numerous,grasses
poisonous,knobbed,scaly,brown,no,foul,narrow,buff,tapering,one,evanescent,white,several,leaves
poisonous,convex,smooth,red,no,spicy,narrow,buff,tapering,one,evanescent,white,several,leaves
edible,bell,smooth,brown,no,none,broad,yellow,enlarging,one,pendant,yellow,clustered,leaves
poisonous,knobbed,scaly,brown,no,foul,narrow,buff,tapering,one,evanescent,white,several,leaves
poisonous,flat,scaly,brown,no,spicy,narrow,buff,tapering,one,evanescent,white,several,leaves
edible,convex,smooth,brown,no,none,broad,brown,enlarging,one,pendant,buff,clustered,leaves
poisonous,knobbed,smooth,brown,no,foul,narrow,buff,tapering,one,evanescent,white,several,leaves
poisonous,knobbed,smooth,brown,no,foul,narrow,buff,tapering,one,evanescent,white,several,woods
poisonous,knobbed,smooth,brown,no,spicy,narrow,buff,tapering,one,evanescent,white,several,paths
poisonous,knobbed,smooth,brown,no,spicy,narrow,buff,tapering,one,evanescent,white,several,paths
edible,flat,scaly,cinnamon,yes,none,broad,white,enlarging,two,pendant,white,solitary,paths
edible,flat,smooth,brown,no,none,broad,brown,enlarging,one,pendant,brown,clustered,leaves
edible,bell,smooth,white,no,none,broad,gray,enlarging,two,pendant,white,numerous,grasses
poisonous,knobbed,smooth,red,no,spicy,narrow,buff,tapering,one,evanescent,white,several,paths
edible,bell,smooth,gray,no,none,broad,white,enlarging,two,pendant,white,numerous,grasses
poisonous,knobbed,scaly,red,no,fishy,narrow,buff,tapering,one,evanescent,white,several,paths
poisonous,knobbed,scaly,brown,no,spicy,narrow,buff,tapering,one,evanescent,white,several,woods
edible,convex,smooth,brown,no,none,broad,orange,enlarging,one,pendant,yellow,clustered,leaves
poisonous,convex,smooth,red,no,fishy,narrow,buff,tapering,one,evanescent,white,several,paths
poisonous,convex,smooth,brown,no,foul,narrow,buff,tapering,one,evanescent,white,several,woods
poisonous,flat,smooth,red,no,fishy,narrow,buff,tapering,one,evanescent,white,several,leaves
poisonous,flat,scaly,red,no,spicy,narrow,buff,tapering,one,evanescent,white,several,paths
poisonous,convex,scaly,red,no,spicy,narrow,buff,tapering,one,evanescent,white,several,paths
poisonous,knobbed,smooth,red,no,foul,narrow,buff,tapering,one,evanescent,white,several,woods
edible,knobbed,scaly,brown,no,none,broad,white,enlarging,two,pendant,white,solitary,woods
poisonous,flat,smooth,red,no,foul,narrow,buff,tapering,one,evanescent,white,several,woods
poisonous,knobbed,smooth,brown,no,spicy,narrow,buff,tapering,one,evanescent,white,several,paths
poisonous,flat,scaly,brown,no,fishy,narrow,buff,tapering,one,evanescent,white,several,paths
poisonous,flat,smooth,red,no,foul,narrow,buff,tapering,one,evanescent,white,several,woods
edible,knobbed,fibrous,gray,no,none,broad,white,enlarging,two,pendant,white,numerous,grasses
poisonous,knobbed,smooth,brown,no,foul,narrow,buff,tapering,one,evanescent,white,several,woods
edible,bell,fibrous,white,no,none,broad,pink,enlarging,two,pendant,white,scattered,grasses
poisonous,knobbed,smooth,red,no,fishy,narrow,buff,tapering,one,evanescent,white,several,leaves
edible,convex,smooth,gray,no,none,broad,pink,enlarging,two,pendant,white,numerous,grasses
edible,knobbed,smooth,brown,no,none,broad,yellow,enlarging,one,pendant,yellow,clustered,leaves
poisonous,knobbed,smooth,red,no,foul,narrow,buff,tapering,one,evanescent,white,several,paths
poisonous,knobbed,scaly,brown,no,foul,narrow,buff,tapering,one,evanescent,white,several,leaves
edible,knobbed,fibrous,gray,no,none,broad,gray,enlarging,two,pendant,white,numerous,grasses
poisonous,convex,smooth,brown,no,fishy,narrow,buff,tapering,one,evanescent,white,several,leaves
poisonous,knobbed,scaly,brown,no,spicy,narrow,buff,tapering,one,evanescent,white,several,leaves
edible,convex,fibrous,white,no,none,broad,gray,enlarging,two,pendant,white,numerous,grasses
poisonous,knobbed,scaly,red,no,foul,narrow,buff,tapering,one,evanescent,white,several,paths
poisonous,knobbed,smooth,red,no,foul,narrow,buff,tapering,one,evanescent,white,several,leaves
poisonous,knobbed,smooth,red,no,foul,narrow,buff,tapering,one,evanescent,white,several,leaves
poisonous,knobbed,scaly,red,no,spicy,narrow,buff,tapering,one,evanescent,white,several,paths
poisonous,knobbed,scaly,brown,no,spicy,narrow,buff,tapering,one,evanescent,white,several,paths
edible,knobbed,smooth,gray,no,none,broad,gray,enlarging,two,pendant,white,numerous,grasses
poisonous,knobbed,scaly,brown,no,foul,narrow,buff,tapering,one,evanescent,white,several,paths
poisonous,knobbed,smooth,red,no,foul,narrow,buff,tapering,one,evanescent,white,several,leaves
edible,convex,smooth,gray,no,none,broad,white,enlarging,two,pendant,white,numerous,grasses
edible,flat,smooth,brown,no,none,broad,yellow,enlarging,one,pendant,yellow,several,leaves
edible,knobbed,smooth,gray,no,none,broad,gray,enlarging,two,pendant,white,numerous,grasses
poisonous,convex,smooth,red,no,spicy,narrow,buff,tapering,one,evanescent,white,several,paths
poisonous,knobbed,smooth,brown,no,foul,narrow,buff,tapering,one,evanescent,white,several,woods
poisonous,knobbed,smooth,brown,no,spicy,narrow,buff,tapering,one,evanescent,white,several,paths
edible,convex,smooth,gray,no,none,broad,pink,enlarging,two,pendant,white,scattered,grasses
poisonous,knobbed,scaly,red,no,spicy,narrow,buff,tapering,one,evanescent,white,several,paths
edible,flat,smooth,brown,no,none,broad,brown,enlarging,one,pendant,yellow,several,leaves
edible,knobbed,smooth,white,no,none,broad,white,enlarging,two,pendant,white,numerous,grasses
poisonous,flat,scaly,red,no,musty,broad,yellow,enlarging,none,none,white,clustered,woods
edible,bell,smooth,gray,no,none,broad,gray,enlarging,two,pendant,white,scattered,grasses
poisonous,flat,scaly,brown,no,fishy,narrow,buff,tapering,one,evanescent,white,several,paths
edible,bell,smooth,brown,no,none,broad,orange,enlarging,one,pendant,buff,clustered,leaves
edible,bell,smooth,gray,no,none,broad,white,enlarging,two,pendant,white,numerous,grasses
edible,knobbed,smooth,brown,no,none,broad,brown,enlarging,one,pendant,yellow,clustered,leaves
edible,bell,smooth,gray,no,none,broad,pink,enlarging,two,pendant,white,numerous,grasses
poisonous,knobbed,smooth,brown,no,foul,narrow,buff,tapering,one,evanescent,white,several,leaves
poisonous,knobbed,scaly,brown,no,fishy,narrow,buff,tapering,one,evanescent,white,several,paths
edible,flat,smooth,brown,no,none,broad,brown,enlarging,one,pendant,orange,clustered,leaves
poisonous,knobbed,smooth,red,no,fishy,narrow,buff,tapering,one,evanescent,white,several,paths
poisonous,flat,smooth,red,no,fishy,narrow,buff,tapering,one,evanescent,white,several,paths
poisonous,knobbed,smooth,brown,no,fishy,narrow,buff,tapering,one,evanescent,white,several,leaves
poisonous,knobbed,smooth,brown,no,spicy,narrow,buff,tapering,one,evanescent,white,several,leaves
edible,bell,smooth,brown,no,none,broad,yellow,enlarging,one,pendant,yellow,several,leaves
edible,knobbed,fibrous,gray,no,none,broad,white,enlarging,two,pendant,white,scattered,grasses
edible,bell,smooth,brown,no,none,broad,orange,enlarging,one,pendant,orange,clustered,leaves
poisonous,knobbed,smooth,brown,no,spicy,narrow,buff,tapering,one,evanescent,white,several,leaves
poisonous,knobbed,scaly,red,no,spicy,narrow,buff,tapering,one,evanescent,white,several,leaves
poisonous,knobbed,scaly,red,no,fishy,narrow,buff,tapering,one,evanescent,white,several,paths
poisonous,knobbed,smooth,brown,no,fishy,narrow,buff,tapering,one,evanescent,white,several,leaves
edible,flat,smooth,brown,no,none,broad,brown,enlarging,one,pendant,brown,clustered,leaves
poisonous,knobbed,smooth,red,no,fishy,narrow,buff,tapering,one,evanescent,white,several,woods
edible,convex,smooth,brown,no,none,broad,orange,enlarging,one,pendant,orange,several,leaves
poisonous,knobbed,smooth,brown,no,fishy,narrow,buff,tapering,one,evanescent,white,several,woods
edible,knobbed,smooth,white,no,none,broad,pink,enlarging,two,pendant,white,scattered,grasses
poisonous,knobbed,scaly,red,no,foul,narrow,buff,tapering,one,evanescent,white,several,woods
poisonous,knobbed,scaly,brown,no,foul,narrow,buff,tapering,one,evanescent,white,several,woods
edible,knobbed,fibrous,gray,no,none,broad,gray,enlarging,two,pendant,white,scattered,grasses
poisonous,flat,smooth,brown,no,fishy,narrow,buff,tapering,one,evanescent,white,several,paths
edible,convex,smooth,gray,no,none,broad,white,enlarging,two,pendant,white,numerous,grasses
poisonous,knobbed,scaly,brown,no,foul,narrow,buff,tapering,one,evanescent,white,several,paths
poisonous,flat,smooth,red,no,foul,narrow,buff,tapering,one,evanescent,white,several,woods
edible,convex,fibrous,white,no,none,broad,pink,enlarging,two,pendant,white,numerous,grasses
poisonous,knobbed,scaly,brown,no,spicy,narrow,buff,tapering,one,evanescent,white,several,leaves
poisonous,flat,scaly,brown,no,musty,broad,white,enlarging,none,none,white,clustered,woods
edible,bell,fibrous,gray,no,none,broad,white,enlarging,two,pendant,white,numerous,grasses
poisonous,knobbed,scaly,red,no,fishy,narrow,buff,tapering,one,evanescent,white,several,paths
poisonous,convex,scaly,red,no,spicy,narrow,buff,tapering,one,evanescent,white,several,woods
poisonous,knobbed,smooth,red,no,fishy,narrow,buff,tapering,one,evanescent,white,several,leaves
edible,knobbed,fibrous,gray,no,none,broad,gray,enlarging,two,pendant,white,numerous,grasses
edible,knobbed,fibrous,white,no,none,broad,pink,enlarging,two,pendant,white,scattered,grasses
poisonous,knobbed,scaly,red,no,spicy,narrow,buff,tapering,one,evanescent,white,several,woods
edible,knobbed,smooth,gray,no,none,broad,gray,enlarging,two,pendant,white,numerous,grasses
poisonous,knobbed,smooth,brown,no,foul,narrow,buff,tapering,one,evanescent,white,several,woods
poisonous,knobbed,scaly,brown,no,fishy,narrow,buff,tapering,one,evanescent,white,several,leaves
edible,knobbed,smooth,white,no,none,broad,white,enlarging,two,pendant,white,scattered,grasses
poisonous,knobbed,scaly,red,no,fishy,narrow,buff,tapering,one,evanescent,white,several,leaves
edible,bell,smooth,white,no,none,broad,white,enlarging,two,pendant,white,scattered,grasses
poisonous,knobbed,smooth,brown,no,fishy,narrow,buff,tapering,one,evanescent,white,several,woods
edible,convex,smooth,white,no,none,broad,white,enlarging,two,pendant,white,numerous,grasses
edible,bell,smooth,brown,no,none,broad,brown,enlarging,one,pendant,brown,several,leaves
poisonous,knobbed,smooth,brown,no,spicy,narrow,buff,tapering,one,evanescent,white,several,woods
poisonous,knobbed,scaly,red,no,foul,narrow,buff,tapering,one,evanescent,white,several,paths
edible,convex,fibrous,white,no,none,broad,white,enlarging,two,pendant,white,numerous,grasses
poisonous,convex,scaly,red,no,musty,broad,yellow,enlarging,none,none,white,clustered,woods
poisonous,knobbed,smooth,red,no,fishy,narrow,buff,tapering,one,evanescent,white,several,paths
poisonous,knobbed,smooth,brown,no,foul,narrow,buff,tapering,one,evanescent,white,several,leaves
poisonous,knobbed,scaly,brown,no,fishy,narrow,buff,tapering,one,evanescent,white,several,paths
poisonous,knobbed,smooth,red,no,foul,narrow,buff,tapering,one,evanescent,white,several,woods
edible,knobbed,smooth,brown,no,none,broad,orange,enlarging,one,pendant,buff,clustered,leaves
poisonous,knobbed,scaly,brown,no,foul,narrow,buff,tapering,one,evanescent,white,several,leaves
edible,flat,scaly,brown,no,none,broad,white,enlarging,two,pendant,white,solitary,woods
edible,knobbed,smooth,gray,no,none,broad,white,enlarging,two,pendant,white,numerous,grasses
poisonous,flat,scaly,red,no,fishy,narrow,buff,tapering,one,evanescent,white,several,leaves
poisonous,knobbed,scaly,yellow,no,none,narrow,yellow,enlarging,one,evanescent,white,clustered,leaves
poisonous,knobbed,scaly,red,no,fishy,narrow,buff,tapering,one,evanescent,white,several,paths
poisonous,knobbed,smooth,red,no,spicy,narrow,buff,tapering,one,evanescent,white,several,leaves
poisonous,knobbed,scaly,red,no,spicy,narrow,buff,tapering,one,evanescent,white,several,leaves
edible,bell,smooth,brown,no,none,broad,orange,enlarging,one,pendant,brown,clustered,leaves
edible,convex,smooth,gray,yes,none,broad,white,enlarging,two,pendant,white,solitary,paths
edible,knobbed,smooth,gray,no,none,broad,pink,enlarging,two,pendant,white,numerous,grasses
poisonous,flat,scaly,red,no,spicy,narrow,buff,tapering,one,evanescent,white,several,paths
poisonous,knobbed,smooth,red,no,spicy,narrow,buff,tapering,one,evanescent,white,several,paths
poisonous,knobbed,scaly,red,no,spicy,narrow,buff,tapering,one,evanescent,white,several,leaves
edible,bell,fibrous,white,no,none,broad,white,enlarging,two,pendant,white,numerous,grasses
edible,flat,smooth,brown,no,none,broad,brown,enlarging,one,pendant,orange,clustered,leaves
poisonous,knobbed,smooth,brown,no,fishy,narrow,buff,tapering,one,evanescent,white,several,paths
poisonous,knobbed,smooth,red,no,foul,narrow,buff,tapering,one,evanescent,white,several,woods
edible,convex,fibrous,white,no,none,broad,gray,enlarging,two,pendant,white,scattered,grasses
poisonous,knobbed,scaly,red,no,fishy,narrow,buff,tapering,one,evanescent,white,several,leaves
edible,convex,fibrous,white,no,none,broad,gray,enlarging,two,pendant,white,scattered,grasses
poisonous,knobbed,scaly,red,no,fishy,narrow,buff,tapering,one,evanescent,white,several,leaves
poisonous,knobbed,scaly,brown,no,spicy,narrow,buff,tapering,one,evanescent,white,several,paths
edible,convex,smooth,gray,no,none,broad,pink,enlarging,two,pendant,white,numerous,grasses
edible,convex,smooth,white,no,none,broad,gray,enlarging,two,pendant,white,numerous,grasses
poisonous,knobbed,scaly,brown,no,foul,narrow,buff,tapering,one,evanescent,white,several,woods
poisonous,knobbed,smooth,brown,no,foul,narrow,buff,tapering,one,evanescent,white,several,leaves
poisonous,knobbed,smooth,red,no,spicy,narrow,buff,tapering,one,evanescent,white,several,woods
edible,bell,fibrous,white,no,none,broad,pink,enlarging,two,pendant,white,numerous,grasses
poisonous,flat,smooth,brown,no,foul,narrow,buff,tapering,one,evanescent,white,several,paths
poisonous,knobbed,smooth,red,no,fishy,narrow,buff,tapering,one,evanescent,white,several,woods
poisonous,knobbed,smooth,brown,no,foul,narrow,buff,tapering,one,evanescent,white,several,leaves
poisonous,convex,scaly,brown,no,musty,broad,yellow,enlarging,none,none,white,clustered,woods
poisonous,knobbed,scaly,brown,no,foul,narrow,buff,tapering,one,evanescent,white,several,leaves
edible,flat,smooth,brown,no,none,broad,orange,enlarging,one,pendant,yellow,clustered,leaves
poisonous,convex,scaly,red,no,foul,narrow,buff,tapering,one,evanescent,white,several,woods
edible,flat,smooth,brown,no,none,broad,yellow,enlarging,one,pendant,yellow,several,leaves
edible,bell,smooth,white,no,none,broad,gray,enlarging,two,pendant,white,numerous,grasses
edible,bell,smooth,gray,no,none,broad,pink,enlarging,two,pendant,white,numerous,grasses
poisonous,knobbed,scaly,red,no,spicy,narrow,buff,tapering,one,evanescent,white,several,leaves
poisonous,knobbed,smooth,brown,no,fishy,narrow,buff,tapering,one,evanescent,white,several,woods
poisonous,knobbed,smooth,red,no,foul,narrow,buff,tapering,one,evanescent,white,several,paths
poisonous,knobbed,smooth,red,no,fishy,narrow,buff,tapering,one,evanescent,white,several,woods
edible,bell,fibrous,white,no,none,broad,gray,enlarging,two,pendant,white,scattered,grasses
edible,knobbed,smooth,gray,no,none,broad,pink,enlarging,two,pendant,white,numerous,grasses
poisonous,flat,scaly,red,no,musty,broad,white,enlarging,none,none,white,clustered,woods
poisonous,knobbed,scaly,brown,no,foul,narrow,buff,tapering,one,evanescent,white,several,woods
poisonous,knobbed,scaly,brown,no,foul,narrow,buff,tapering,one,evanescent,white,several,paths
poisonous,flat,smooth,red,no,fishy,narrow,buff,tapering,one,evanescent,white,several,woods
poisonous,convex,smooth,brown,no,spicy,narrow,buff,tapering,one,evanescent,white,several,woods
poisonous,knobbed,scaly,brown,no,spicy,narrow,buff,tapering,one,evanescent,white,several,paths
poisonous,knobbed,scaly,cinnamon,no,musty,broad,yellow,enlarging,none,none,white,clustered,woods
poisonous,knobbed,scaly,brown,no,spicy,narrow,buff,tapering,one,evanescent,white,several,woods
edible,knobbed,smooth,white,no,none,broad,gray,enlarging,two,pendant,white,numerous,grasses
poisonous,flat,scaly,brown,no,fishy,narrow,buff,tapering,one,evanescent,white,several,leaves
edible,bell,fibrous,gray,no,none,broad,pink,enlarging,two,pendant,white,scattered,grasses
poisonous,flat,smooth,red,no,foul,narrow,buff,tapering,one,evanescent,white,several,woods
poisonous,knobbed,smooth,red,no,fishy,narrow,buff,tapering,one,evanescent,white,several,leaves
edible,knobbed,smooth,gray,no,none,broad,pink,enlarging,two,pendant,white,scattered,grasses
edible,convex,smooth,gray,no,none,broad,pink,enlarging,two,pendant,white,scattered,grasses
poisonous,knobbed,smooth,red,no,fishy,narrow,buff,tapering,one,evanescent,white,several,leaves
edible,knobbed,smooth,brown,no,none,broad,brown,enlarging,one,pendant,yellow,clustered,leaves
edible,flat,scaly,pink,yes,none,broad,white,enlarging,two,pendant,white,solitary,paths
edible,bell,smooth,white,no,none,broad,gray,enlarging,two,pendant,white,numerous,grasses
poisonous,flat,scaly,brown,no,spicy,narrow,buff,tapering,one,evanescent,white,several,leaves
poisonous,flat,smooth,red,no,foul,narrow,buff,tapering,one,evanescent,white,several,paths
poisonous,knobbed,smooth,red,no,foul,narrow,buff,tapering,one,evanescent,white,several,leaves
edible,knobbed,fibrous,gray,no,none,broad,pink,enlarging,two,pendant,white,numerous,grasses
edible,convex,fibrous,white,no,none,broad,pink,enlarging,two,pendant,white,scattered,grasses
edible,convex,smooth,cinnamon,yes,none,broad,white,enlarging,two,pendant,white,solitary,paths
edible,knobbed,fibrous,gray,no,none,broad,white,enlarging,two,pendant,white,scattered,grasses
poisonous,knobbed,smooth,red,no,fishy,narrow,buff,tapering,one,evanescent,white,several,leaves
poisonous,knobbed,scaly,red,no,fishy,narrow,buff,tapering,one,evanescent,white,several,paths
poisonous,knobbed,smooth,brown,no,fishy,narrow,buff,tapering,one,evanescent,white,several,paths
poisonous,convex,scaly,red,no,foul,narrow,buff,tapering,one,evanescent,white,several,paths
edible,knobbed,smooth,brown,no,none,broad,orange,enlarging,one,pendant,orange,clustered,leaves
poisonous,flat,scaly,yellow,no,none,narrow,white,enlarging,one,evanescent,white,clustered,leaves
poisonous,convex,scaly,cinnamon,no,musty,broad,white,enlarging,none,none,white,clustered,woods
poisonous,convex,smooth,brown,no,fishy,narrow,buff,tapering,one,evanescent,white,several,woods
edible,convex,scaly,pink,yes,none,broad,white,enlarging,two,pendant,white,several,paths
poisonous,knobbed,scaly,brown,no,spicy,narrow,buff,tapering,one,evanescent,white,several,paths
edible,knobbed,smooth,gray,no,none,broad,gray,enlarging,two,pendant,white,numerous,grasses
edible,bell,smooth,gray,no,none,broad,pink,enlarging,two,pendant,white,scattered,grasses
poisonous,knobbed,smooth,red,no,foul,narrow,buff,tapering,one,evanescent,white,several,paths
edible,convex,smooth,brown,no,none,broad,orange,enlarging,one,pendant,buff,several,leaves
edible,bell,smooth,brown,no,none,broad,orange,enlarging,one,pendant,buff,several,leaves
edible,flat,smooth,brown,yes,none,broad,white,enlarging,two,pendant,white,solitary,paths
edible,knobbed,smooth,gray,no,none,broad,gray,enlarging,two,pendant,white,scattered,grasses
poisonous,flat,smooth,brown,no,fishy,narrow,buff,tapering,one,evanescent,white,several,woods
poisonous,knobbed,smooth,brown,no,foul,narrow,buff,tapering,one,evanescent,white,several,woods
poisonous,flat,scaly,brown,no,spicy,narrow,buff,tapering,one,evanescent,white,several,leaves
poisonous,knobbed,scaly,red,no,fishy,narrow,buff,tapering,one,evanescent,white,several,woods
poisonous,knobbed,smooth,brown,no,foul,narrow,buff,tapering,one,evanescent,white,several,leaves
poisonous,knobbed,smooth,red,no,fishy,narrow,buff,tapering,one,evanescent,white,several,paths
edible,bell,smooth,white,no,none,broad,white,enlarging,two,pendant,white,numerous,grasses
poisonous,knobbed,scaly,brown,no,musty,broad,yellow,enlarging,none,none,white,clustered,woods
poisonous,knobbed,scaly,red,no,fishy,narrow,buff,tapering,one,evanescent,white,several,woods
edible,knobbed,smooth,brown,no,none,broad,orange,enlarging,one,pendant,yellow,several,leaves
poisonous,knobbed,smooth,red,no,foul,narrow,buff,tapering,one,evanescent,white,several,paths
edible,bell,smooth,white,no,none,broad,white,enlarging,two,pendant,white,scattered,grasses
edible,convex,smooth,gray,no,none,broad,pink,enlarging,two,pendant,white,scattered,grasses
poisonous,knobbed,smooth,brown,no,spicy,narrow,buff,tapering,one,evanescent,white,several,leaves
poisonous,knobbed,scaly,brown,no,fishy,narrow,buff,tapering,one,evanescent,white,several,paths
poisonous,knobbed,smooth,brown,no,foul,narrow,buff,tapering,one,evanescent,white,several,woods
poisonous,knobbed,scaly,red,no,foul,narrow,buff,tapering,one,evanescent,white,several,paths
poisonous,knobbed,smooth,red,no,spicy,narrow,buff,tapering,one,evanescent,white,several,leaves
poisonous,knobbed,scaly,brown,no,fishy,narrow,buff,tapering,one,evanescent,white,several,paths
edible,bell,smooth,gray,no,none,broad,pink,enlarging,two,pendant,white,scattered,grasses
poisonous,knobbed,scaly,red,no,fishy,narrow,buff,tapering,one,evanescent,white,several,paths
edible,bell,fibrous,white,no,none,broad,gray,enlarging,two,pendant,white,scattered,grasses
poisonous,conical,scaly,yellow,no,none,narrow,yellow,enlarging,one,evanescent,white,clustered,leaves
poisonous,convex,smooth,brown,no,spicy,narrow,buff,tapering,one,evanescent,white,several,paths
poisonous,knobbed,scaly,red,no,fishy,narrow,buff,tapering,one,evanescent,white,several,leaves
edible,convex,smooth,gray,no,none,broad,gray,enlarging,two,pendant,white,scattered,grasses
edible,bell,smooth,brown,no,none,broad,brown,enlarging,one,pendant,yellow,several,leaves
poisonous,knobbed,scaly,red,no,fishy,narrow,buff,tapering,one,evanescent,white,several,leaves
edible,bell,smooth,brown,no,none,broad,orange,enlarging,one,pendant,brown,clustered,leaves
poisonous,knobbed,scaly,red,no,fishy,narrow,buff,tapering,one,evanescent,white,several,leaves
poisonous,knobbed,scaly,red,no,foul,narrow,buff,tapering,one,evanescent,white,several,leaves
poisonous,knobbed,smooth,red,no,fishy,narrow,buff,tapering,one,evanescent,white,several,paths
edible,bell,smooth,gray,no,none,broad,pink,enlarging,two,pendant,white,scattered,grasses
edible,knobbed,smooth,brown,no,none,broad,brown,enlarging,one,pendant,brown,clustered,leaves
edible,bell,smooth,brown,no,none,broad,yellow,enlarging,one,pendant,brown,several,leaves
poisonous,convex,smooth,brown,no,foul,narrow,buff,tapering,one,evanescent,white,several,woods
edible,convex,smooth,gray,yes,none,broad,white,enlarging,two,pendant,white,several,paths
edible,convex,fibrous,gray,no,none,broad,white,enlarging,two,pendant,white,scattered,grasses
poisonous,knobbed,smooth,brown,no,spicy,narrow,buff,tapering,one,evanescent,white,several,leaves
edible,knobbed,fibrous,gray,no,none,broad,pink,enlarging,two,pendant,white,numerous,grasses
poisonous,knobbed,smooth,brown,no,foul,narrow,buff,tapering,one,evanescent,white,several,paths
poisonous,knobbed,scaly,red,no,fishy,narrow,buff,tapering,one,evanescent,white,several,woods
poisonous,knobbed,scaly,brown,no,spicy,narrow,buff,tapering,one,evanescent,white,several,woods
edible,flat,smooth,pink,yes,none,broad,white,enlarging,two,pendant,white,solitary,paths
poisonous,knobbed,scaly,brown,no,foul,narrow,buff,tapering,one,evanescent,white,several,woods
poisonous,knobbed,scaly,red,no,foul,narrow,buff,tapering,one,evanescent,white,several,paths
edible,flat,smooth,brown,no,none,broad,yellow,enlarging,one,pendant,buff,clustered,leaves
poisonous,knobbed,scaly,red,no,foul,narrow,buff,tapering,one,evanescent,white,several,leaves
poisonous,knobbed,scaly,brown,no,fishy,narrow,buff,tapering,one,evanescent,white,several,woods
poisonous,knobbed,scaly,brown,no,fishy,narrow,buff,tapering,one,evanescent,white,several,woods
poisonous,flat,scaly,brown,no,spicy,narrow,buff,tapering,one,evanescent,white,several,paths
poisonous,knobbed,smooth,red,no,foul,narrow,buff,tapering,one,evanescent,white,several,paths
poisonous,knobbed,scaly,red,no,spicy,narrow,buff,tapering,one,evanescent,white,several,leaves
edible,convex,smooth,brown,no,none,broad,brown,enlarging,one,pendant,orange,clustered,leaves
poisonous,flat,smooth,red,no,spicy,narrow,buff,tapering,one,evanescent,white,several,paths
edible,knobbed,smooth,gray,no,none,broad,pink,enlarging,two,pendant,white,scattered,grasses
poisonous,knobbed,smooth,red,no,spicy,narrow,buff,tapering,one,evanescent,white,several,leaves
poisonous,knobbed,smooth,red,no,fishy,narrow,buff,tapering,one,evanescent,white,several,leaves
edible,flat,smooth,brown,no,none,broad,brown,enlarging,one,pendant,orange,several,leaves
poisonous,knobbed,smooth,brown,no,spicy,narrow,buff,tapering,one,evanescent,white,several,leaves
edible,convex,fibrous,gray,no,none,broad,pink,enlarging,two,pendant,white,scattered,grasses
edible,knobbed,smooth,brown,no,none,broad,brown,enlarging,one,pendant,orange,several,leaves
poisonous,flat,smooth,red,no,spicy,narrow,buff,tapering,one,evanescent,white,several,paths
poisonous,knobbed,smooth,brown,no,spicy,narrow,buff,tapering,one,evanescent,white,several,woods
edible,flat,scaly,brown,yes,none,broad,white,enlarging,two,pendant,white,solitary,paths
edible,convex,fibrous,gray,no,none,broad,gray,enlarging,two,pendant,white,numerous,grasses
edible,knobbed,smooth,white,no,none,broad,white,enlarging,two,pendant,white,numerous,grasses
edible,bell,smooth,brown,no,none,broad,brown,enlarging,one,pendant,buff,clustered,leaves
poisonous,knobbed,scaly,red,no,spicy,narrow,buff,tapering,one,evanescent,white,several,paths
poisonous,knobbed,scaly,red,no,fishy,narrow,buff,tapering,one,evanescent,white,several,leaves
edible,knobbed,scaly,brown,no,none,broad,white,enlarging,two,pendant,white,solitary,paths
edible,convex,fibrous,gray,no,none,broad,pink,enlarging,two,pendant,white,scattered,grasses
poisonous,knobbed,smooth,brown,no,foul,narrow,buff,tapering,one,evanescent,white,several,paths
poisonous,knobbed,scaly,red,no,foul,narrow,buff,tapering,one,evanescent,white,several,leaves
poisonous,knobbed,scaly,brown,no,foul,narrow,buff,tapering,one,evanescent,white,several,woods
poisonous,flat,scaly,brown,no,foul,narrow,buff,tapering,one,evanescent,white,several,leaves
edible,flat,smooth,brown,no,none,broad,yellow,enlarging,one,pendant,buff,several,leaves
poisonous,flat,scaly,red,no,foul,narrow,buff,tapering,one,evanescent,white,several,woods
poisonous,knobbed,smooth,brown,no,spicy,narrow,buff,tapering,one,evanescent,white,several,paths
poisonous,knobbed,smooth,brown,no,foul,narrow,buff,tapering,one,evanescent,white,several,leaves
edible,bell,smooth,brown,no,none,broad,brown,enlarging,one,pendant,yellow,clustered,leaves
edible,convex,fibrous,gray,no,none,broad,gray,enlarging,two,pendant,white,numerous,grasses
poisonous,knobbed,smooth,brown,no,spicy,narrow,buff,tapering,one,evanescent,white,several,paths
poisonous,knobbed,scaly,brown,no,foul,narrow,buff,tapering,one,evanescent,white,several,paths
edible,convex,smooth,gray,no,none,broad,white,enlarging,two,pendant,white,scattered,grasses
poisonous,knobbed,scaly,brown,no,spicy,narrow,buff,tapering,one,evanescent,white,several,woods
poisonous,knobbed,smooth,red,no,spicy,narrow,buff,tapering,one,evanescent,white,several,woods
poisonous,knobbed,scaly,red,no,fishy,narrow,buff,tapering,one,evanescent,white,several,leaves
edible,bell,smooth,brown,no,none,broad,orange,enlarging,one,pendant,orange,clustered,leaves
edible,bell,smooth,gray,no,none,broad,gray,enlarging,two,pendant,white,scattered,grasses
poisonous,convex,scaly,red,no,musty,broad,white,enlarging,none,none,white,clustered,woods
poisonous,knobbed,smooth,brown,no,foul,narrow,buff,tapering,one,evanescent,white,several,paths
poisonous,knobbed,scaly,red,no,foul,narrow,buff,tapering,one,evanescent,white,several,woods
poisonous,knobbed,scaly,red,no,fishy,narrow,buff,tapering,one,evanescent,white,several,woods
poisonous,knobbed,smooth,brown,no,foul,narrow,buff,tapering,one,evanescent,white,several,woods
poisonous,knobbed,scaly,red,no,spicy,narrow,buff,tapering,one,evanescent,white,several,leaves
poisonous,knobbed,smooth,red,no,spicy,narrow,buff,tapering,one,evanescent,white,several,woods
poisonous,convex,smooth,red,no,fishy,narrow,buff,tapering,one,evanescent,white,several,paths
poisonous,knobbed,smooth,red,no,spicy,narrow,buff,tapering,one,evanescent,white,several,woods
poisonous,knobbed,smooth,brown,no,fishy,narrow,buff,tapering,one,evanescent,white,several,woods
edible,bell,fibrous,gray,no,none,broad,white,enlarging,two,pendant,white,scattered,grasses
poisonous,knobbed,scaly,brown,no,musty,broad,yellow,enlarging,none,none,white,clustered,woods
edible,flat,smooth,brown,yes,none,broad,white,enlarging,two,pendant,white,several,paths
poisonous,knobbed,smooth,brown,no,fishy,narrow,buff,tapering,one,evanescent,white,several,paths
poisonous,flat,scaly,yellow,no,none,narrow,yellow,enlarging,one,evanescent,white,clustered,leaves
poisonous,knobbed,smooth,brown,no,spicy,narrow,buff,tapering,one,evanescent,white,several,leaves
poisonous,flat,scaly,red,no,musty,broad,yellow,enlarging,none,none,white,clustered,woods
edible,convex,fibrous,gray,no,none,broad,pink,enlarging,two,pendant,white,numerous,grasses
poisonous,knobbed,scaly,brown,no,fishy,narrow,buff,tapering,one,evanescent,white,several,woods
poisonous,knobbed,smooth,brown,no,spicy,narrow,buff,tapering,one,evanescent,white,several,leaves
poisonous,flat,scaly,brown,no,fishy,narrow,buff,tapering,one,evanescent,white,several,woods
edible,flat,smooth,brown,no,none,broad,brown,enlarging,one,pendant,yellow,clustered,leaves
poisonous,knobbed,scaly,brown,no,spicy,narrow,buff,tapering,one,evanescent,white,several,woods
poisonous,flat,scaly,brown,no,foul,narrow,buff,tapering,one,evanescent,white,several,woods
poisonous,knobbed,smooth,brown,no,spicy,narrow,buff,tapering,one,evanescent,white,several,paths
poisonous,flat,scaly,red,no,spicy,narrow,buff,tapering,one,evanescent,white,several,leaves
poisonous,knobbed,smooth,brown,no,spicy,narrow,buff,tapering,one,evanescent,white,several,paths
poisonous,convex,scaly,red,no,spicy,narrow,buff,tapering,one,evanescent,white,several,woods
poisonous,knobbed,scaly,brown,no,fishy,narrow,buff,tapering,one,evanescent,white,several,paths
edible,convex,smooth,white,no,none,broad,pink,enlarging,two,pendant,white,scattered,grasses
edible,convex,smooth,gray,no,none,broad,gray,enlarging,two,pendant,white,scattered,grasses
edible,convex,fibrous,white,no,none,broad,white,enlarging,two,pendant,white,scattered,grasses
poisonous,knobbed,smooth,brown,no,spicy,narrow,buff,tapering,one,evanescent,white,several,woods
poisonous,knobbed,smooth,red,no,foul,narrow,buff,tapering,one,evanescent,white,several,woods
poisonous,knobbed,scaly,red,no,fishy,narrow,buff,tapering,one,evanescent,white,several,paths
poisonous,knobbed,smooth,red,no,foul,narrow,buff,tapering,one,evanescent,white,several,woods
poisonous,knobbed,smooth,brown,no,fishy,narrow,buff,tapering,one,evanescent,white,several,paths
poisonous,knobbed,scaly,brown,no,foul,narrow,buff,tapering,one,evanescent,white,several,leaves
poisonous,knobbed,scaly,red,no,fishy,narrow,buff,tapering,one,evanescent,white,several,paths
poisonous,knobbed,smooth,brown,no,fishy,narrow,buff,tapering,one,evanescent,white,several,woods
poisonous,knobbed,smooth,red,no,spicy,narrow,buff,tapering,one,evanescent,white,several,woods
edible,flat,smooth,brown,no,none,broad,orange,enlarging,one,pendant,orange,clustered,leaves
poisonous,flat,smooth,brown,no,spicy,narrow,buff,tapering,one,evanescent,white,several,woods
poisonous,knobbed,smooth,brown,no,spicy,narrow,buff,tapering,one,evanescent,white,several,leaves
edible,convex,smooth,gray,no,none,broad,gray,enlarging,two,pendant,white,numerous,grasses
edible,convex,fibrous,white,no,none,broad,pink,enlarging,two,pendant,white,numerous,grasses
poisonous,knobbed,scaly,brown,no,spicy,narrow,buff,tapering,one,evanescent,white,several,woods
edible,convex,smooth,brown,no,none,broad,brown,enlarging,one,pendant,orange,clustered,leaves
poisonous,knobbed,scaly,brown,no,spicy,narrow,buff,tapering,one,evanescent,white,several,leaves
poisonous,knobbed,scaly,brown,no,spicy,narrow,buff,tapering,one,evanescent,white,several,leaves
poisonous,knobbed,scaly,brown,no,spicy,narrow,buff,tapering,one,evanescent,white,several,paths
poisonous,knobbed,scaly,red,no,spicy,narrow,buff,tapering,one,evanescent,white,several,leaves
poisonous,knobbed,smooth,brown,no,foul,narrow,buff,tapering,one,evanescent,white,several,leaves
edible,bell,smooth,brown,no,none,broad,yellow,enlarging,one,pendant,buff,clustered,leaves
edible,flat,smooth,brown,no,none,broad,orange,enlarging,one,pendant,brown,clustered,leaves
edible,bell,smooth,white,no,none,broad,gray,enlarging,two,pendant,white,scattered,grasses
poisonous,knobbed,smooth,brown,no,fishy,narrow,buff,tapering,one,evanescent,white,several,leaves
edible,convex,smooth,brown,no,none,broad,brown,enlarging,one,pendant,brown,clustered,leaves
poisonous,knobbed,scaly,brown,no,spicy,narrow,buff,tapering,one,evanescent,white,several,woods
edible,bell,fibrous,gray,no,none,broad,gray,enlarging,two,pendant,white,scattered,grasses
edible,bell,smooth,gray,no,none,broad,pink,enlarging,two,pendant,white,numerous,grasses
poisonous,convex,smooth,brown,no,spicy,narrow,buff,tapering,one,evanescent,white,several,woods
edible,convex,smooth,brown,no,none,broad,brown,enlarging,one,pendant,buff,clustered,leaves
edible,convex,smooth,white,no,none,broad,pink,enlarging,two,pendant,white,numerous,grasses
edible,convex,smooth,brown,no,none,broad,white,enlarging,two,pendant,white,solitary,paths
edible,knobbed,smooth,gray,no,none,broad,gray,enlarging,two,pendant,white,scattered,grasses
edible,convex,smooth,white,no,none,broad,gray,enlarging,two,pendant,white,numerous,grasses
poisonous,flat,scaly,cinnamon,no,musty,broad,yellow,enlarging,none,none,white,clustered,woods
edible,convex,smooth,brown,no,none,broad,yellow,enlarging,one,pendant,yellow,clustered,leaves
poisonous,knobbed,smooth,red,no,fishy,narrow,buff,tapering,one,evanescent,white,several,leaves
poisonous,knobbed,scaly,red,no,spicy,narrow,buff,tapering,one,evanescent,white,several,leaves
edible,convex,smooth,white,no,none,broad,pink,enlarging,two,pendant,white,numerous,grasses
edible,knobbed,fibrous,white,no,none,broad,gray,enlarging,two,pendant,white,scattered,grasses
edible,bell,fibrous,gray,no,none,broad,pink,enlarging,two,pendant,white,scattered,grasses
edible,knobbed,smooth,brown,no,none,broad,brown,enlarging,one,pendant,buff,several,leaves
poisonous,knobbed,scaly,brown,no,foul,narrow,buff,tapering,one,evanescent,white,several,paths
poisonous,flat,scaly,red,no,spicy,narrow,buff,tapering,one,evanescent,white,several,paths
poisonous,knobbed,smooth,red,no,spicy,narrow,buff,tapering,one,evanescent,white,several,leaves
edible,knobbed,smooth,brown,no,none,broad,yellow,enlarging,one,pendant,brown,several,leaves
edible,flat,smooth,pink,yes,none,broad,white,enlarging,two,pendant,white,several,paths
poisonous,knobbed,scaly,brown,no,foul,narrow,buff,tapering,one,evanescent,white,several,paths
edible,bell,smooth,white,no,none,broad,gray,enlarging,two,pendant,white,scattered,grasses
poisonous,knobbed,smooth,red,no,fishy,narrow,buff,tapering,one,evanescent,white,several,paths
edible,knobbed,smooth,white,no,none,broad,pink,enlarging,two,pendant,white,scattered,grasses
poisonous,knobbed,scaly,brown,no,spicy,narrow,buff,tapering,one,evanescent,white,several,leaves
poisonous,knobbed,smooth,brown,no,spicy,narrow,buff,tapering,one,evanescent,white,several,leaves
edible,flat,smooth,brown,no,none,broad,yellow,enlarging,one,pendant,buff,clustered,leaves
poisonous,knobbed,smooth,brown,no,fishy,narrow,buff,tapering,one,evanescent,white,several,leaves
poisonous,knobbed,scaly,red,no,foul,narrow,buff,tapering,one,evanescent,white,several,woods
edible,convex,smooth,brown,no,none,broad,brown,enlarging,one,pendant,yellow,several,leaves
edible,convex,fibrous,white,no,none,broad,gray,enlarging,two,pendant,white,numerous,grasses
edible,convex,fibrous,gray,no,none,broad,white,enlarging,two,pendant,white,numerous,grasses
edible,convex,smooth,brown,no,none,broad,brown,enlarging,one,pendant,buff,several,leaves
poisonous,knobbed,smooth,brown,no,fishy,narrow,buff,tapering,one,evanescent,white,several,paths
poisonous,knobbed,scaly,red,no,fishy,narrow,buff,tapering,one,evanescent,white,several,paths
edible,convex,smooth,white,no,none,broad,gray,enlarging,two,pendant,white,scattered,grasses
poisonous,knobbed,scaly,red,no,fishy,narrow,buff,tapering,one,evanescent,white,several,woods
edible,convex,fibrous,gray,no,none,broad,white,enlarging,two,pendant,white,scattered,grasses
poisonous,knobbed,smooth,brown,no,spicy,narrow,buff,tapering,one,evanescent,white,several,leaves
poisonous,flat,scaly,brown,no,foul,narrow,buff,tapering,one,evanescent,white,several,woods
poisonous,knobbed,smooth,red,no,spicy,narrow,buff,tapering,one,evanescent,white,several,woods
edible,knobbed,smooth,brown,no,none,broad,white,enlarging,two,pendant,white,solitary,paths
poisonous,knobbed,smooth,red,no,fishy,narrow,buff,tapering,one,evanescent,white,several,leaves
poisonous,knobbed,smooth,brown,no,fishy,narrow,buff,tapering,one,evanescent,white,several,paths
edible,bell,smooth,gray,no,none,broad,gray,enlarging,two,pendant,white,scattered,grasses
poisonous,knobbed,scaly,brown,no,spicy,narrow,buff,tapering,one,evanescent,white,several,leaves
poisonous,knobbed,smooth,brown,no,foul,narrow,buff,tapering,one,evanescent,white,several,paths
edible,knobbed,fibrous,gray,no,none,broad,white,enlarging,two,pendant,white,numerous,grasses
poisonous,knobbed,scaly,brown,no,foul,narrow,buff,tapering,one,evanescent,white,several,leaves
poisonous,knobbed,smooth,red,no,fishy,narrow,buff,tapering,one,evanescent,white,several,leaves
poisonous,knobbed,scaly,brown,no,spicy,narrow,buff,tapering,one,evanescent,white,several,paths
poisonous,knobbed,smooth,red,no,fishy,narrow,buff,tapering,one,evanescent,white,several,woods
edible,knobbed,fibrous,white,no,none,broad,gray,enlarging,two,pendant,white,numerous,grasses
poisonous,knobbed,scaly,red,no,fishy,narrow,buff,tapering,one,evanescent,white,several,woods
poisonous,knobbed,scaly,red,no,spicy,narrow,buff,tapering,one,evanescent,white,several,woods
edible,bell,fibrous,white,no,none,broad,gray,enlarging,two,pendant,white,scattered,grasses
edible,convex,smooth,gray,no,none,broad,gray,enlarging,two,pendant,white,numerous,grasses
edible,bell,smooth,gray,no,none,broad,white,enlarging,two,pendant,white,scattered,grasses
poisonous,knobbed,scaly,red,no,spicy,narrow,buff,tapering,one,evanescent,white,several,paths
poisonous,knobbed,smooth,brown,no,fishy,narrow,buff,tapering,one,evanescent,white,several,paths
poisonous,knobbed,scaly,red,no,fishy,narrow,buff,tapering,one,evanescent,white,several,woods
edible,bell,smooth,white,no,none,broad,white,enlarging,two,pendant,white,scattered,grasses
poisonous,flat,smooth,red,no,foul,narrow,buff,tapering,one,evanescent,white,several,woods
poisonous,knobbed,smooth,brown,no,spicy,narrow,buff,tapering,one,evanescent,white,several,woods
edible,knobbed,smooth,white,no,none,broad,pink,enlarging,two,pendant,white,scattered,grasses
poisonous,knobbed,scaly,red,no,fishy,narrow,buff,tapering,one,evanescent,white,several,woods
poisonous,knobbed,smooth,red,no,foul,narrow,buff,tapering,one,evanescent,white,several,leaves
poisonous,knobbed,smooth,brown,no,spicy,narrow,buff,tapering,one,evanescent,white,several,woods
edible,convex,smooth,brown,yes,none,broad,white,enlarging,two,pendant,white,several,paths
poisonous,knobbed,smooth,brown,no,foul,narrow,buff,tapering,one,evanescent,white,several,paths
poisonous,knobbed,scaly,red,no,foul,narrow,buff,tapering,one,evanescent,white,several,paths
poisonous,bell,scaly,yellow,no,none,narrow,white,enlarging,one,evanescent,white,clustered,leaves
poisonous,knobbed,scaly,red,no,foul,narrow,buff,tapering,one,evanescent,white,several,leaves
edible,convex,smooth,brown,yes,none,broad,white,enlarging,two,pendant,white,solitary,paths
poisonous,knobbed,smooth,red,no,foul,narrow,buff,tapering,one,evanescent,white,several,paths
edible,knobbed,fibrous,gray,no,none,broad,pink,enlarging,two,pendant,white,scattered,grasses
poisonous,knobbed,smooth,red,no,spicy,narrow,buff,tapering,one,evanescent,white,several,woods
poisonous,knobbed,smooth,red,no,foul,narrow,buff,tapering,one,evanescent,white,several,woods
poisonous,knobbed,smooth,brown,no,fishy,narrow,buff,tapering,one,evanescent,white,several,leaves
poisonous,knobbed,scaly,brown,no,fishy,narrow,buff,tapering,one,evanescent,white,several,leaves
edible,convex,fibrous,gray,no,none,broad,pink,enlarging,two,pendant,white,numerous,grasses
edible,bell,smooth,white,no,none,broad,gray,enlarging,two,pendant,white,numerous,grasses
poisonous,knobbed,scaly,red,no,spicy,narrow,buff,tapering,one,evanescent,white,several,woods
edible,bell,smooth,brown,no,none,broad,yellow,enlarging,one,pendant,brown,clustered,leaves
poisonous,knobbed,scaly,red,no,fishy,narrow,buff,tapering,one,evanescent,white,several,paths
poisonous,knobbed,smooth,red,no,fishy,narrow,buff,tapering,one,evanescent,white,several,paths
edible,bell,smooth,gray,no,none,broad,gray,enlarging,two,pendant,white,scattered,grasses
poisonous,knobbed,smooth,red,no,fishy,narrow,buff,tapering,one,evanescent,white,several,paths
edible,bell,smooth,brown,no,none,broad,brown,enlarging,one,pendant,orange,several,leaves
poisonous,flat,smooth,brown,no,fishy,narrow,buff,tapering,one,evanescent,white,several,paths
poisonous,knobbed,smooth,red,no,fishy,narrow,buff,tapering,one,evanescent,white,several,woods
poisonous,knobbed,smooth,brown,no,fishy,narrow,buff,tapering,one,evanescent,white,several,leaves
poisonous,knobbed,scaly,brown,no,fishy,narrow,buff,tapering,one,evanescent,white,several,leaves
edible,bell,fibrous,gray,no,none,broad,gray,enlarging,two,pendant,white,numerous,grasses
edible,knobbed,smooth,white,no,none,broad,gray,enlarging,two,pendant,white,scattered,grasses
poisonous,knobbed,smooth,brown,no,fishy,narrow,buff,tapering,one,evanescent,white,several,leaves
poisonous,flat,scaly,brown,no,foul,narrow,buff,tapering,one,evanescent,white,several,woods
edible,convex,smooth,white,no,none,broad,pink,enlarging,two,pendant,white,scattered,grasses
edible,convex,smooth,brown,no,none,broad,orange,enlarging,one,pendant,buff,clustered,leaves
poisonous,knobbed,smooth,brown,no,spicy,narrow,buff,tapering,one,evanescent,white,several,paths
poisonous,knobbed,scaly,brown,no,spicy,narrow,buff,tapering,one,evanescent,white,several,leaves
edible,knobbed,smooth,brown,no,none,broad,orange,enlarging,one,pendant,buff,several,leaves
edible,bell,fibrous,white,no,none,broad,white,enlarging,two,pendant,white,scattered,grasses
edible,convex,smooth,white,no,none,broad,white,enlarging,two,pendant,white,numerous,grasses
poisonous,flat,scaly,red,no,fishy,narrow,buff,tapering,one,evanescent,white,several,paths
poisonous,knobbed,scaly,red,no,foul,narrow,buff,tapering,one,evanescent,white,several,leaves
poisonous,convex,scaly,red,no,musty,broad,yellow,enlarging,none,none,white,clustered,woods
edible,flat,smooth,brown,no,none,broad,yellow,enlarging,one,pendant,yellow,clustered,leaves
poisonous,knobbed,smooth,brown,no,foul,narrow,buff,tapering,one,evanescent,white,several,woods
poisonous,convex,smooth,brown,no,spicy,narrow,buff,tapering,one,evanescent,white,several,woods
poisonous,knobbed,scaly,red,no,spicy,narrow,buff,tapering,one,evanescent,white,several,woods
edible,bell,smooth,white,no,none,broad,pink,enlarging,two,pendant,white,scattered,grasses
edible,bell,smooth,gray,no,none,broad,pink,enlarging,two,pendant,white,scattered,grasses
edible,knobbed,fibrous,gray,no,none,broad,gray,enlarging,two,pendant,white,numerous,grasses
edible,knobbed,fibrous,gray,no,none,broad,pink,enlarging,two,pendant,white,numerous,grasses
edible,convex,fibrous,white,no,none,broad,white,enlarging,two,pendant,white,numerous,grasses
poisonous,knobbed,scaly,red,no,spicy,narrow,buff,tapering,one,evanescent,white,several,paths
poisonous,flat,scaly,red,no,spicy,narrow,buff,tapering,one,evanescent,white,several,leaves
poisonous,knobbed,scaly,red,no,spicy,narrow,buff,tapering,one,evanescent,white,several,leaves
poisonous,flat,smooth,brown,no,foul,narrow,buff,tapering,one,evanescent,white,several,leaves
edible,bell,smooth,white,no,none,broad,pink,enlarging,two,pendant,white,scattered,grasses
edible,knobbed,smooth,white,no,none,broad,white,enlarging,two,pendant,white,scattered,grasses
edible,bell,fibrous,white,no,none,broad,pink,enlarging,two,pendant,white,numerous,grasses
edible,flat,smooth,brown,no,none,broad,brown,enlarging,one,pendant,buff,clustered,leaves
poisonous,knobbed,scaly,red,no,spicy,narrow,buff,tapering,one,evanescent,white,several,woods
poisonous,knobbed,smooth,brown,no,foul,narrow,buff,tapering,one,evanescent,white,several,paths
poisonous,knobbed,smooth,brown,no,fishy,narrow,buff,tapering,one,evanescent,white,several,paths
poisonous,flat,scaly,brown,no,fishy,narrow,buff,tapering,one,evanescent,white,several,woods
poisonous,convex,smooth,red,no,foul,narrow,buff,tapering,one,evanescent,white,several,leaves
edible,flat,smooth,brown,no,none,broad,yellow,enlarging,one,pendant,orange,several,leaves
edible,knobbed,fibrous,white,no,none,broad,white,enlarging,two,pendant,white,scattered,grasses
poisonous,knobbed,smooth,brown,no,fishy,narrow,buff,tapering,one,evanescent,white,several,woods
poisonous,convex,smooth,brown,no,fishy,narrow,buff,tapering,one,evanescent,white,several,woods
edible,bell,fibrous,gray,no,none,broad,white,enlarging,two,pendant,white,scattered,grasses
poisonous,knobbed,scaly,brown,no,spicy,narrow,buff,tapering,one,evanescent,white,several,woods
edible,bell,smooth,brown,no,none,broad,orange,enlarging,one,pendant,yellow,clustered,leaves
edible,flat,smooth,brown,no,none,broad,yellow,enlarging,one,pendant,brown,several,leaves
poisonous,knobbed,scaly,red,no,spicy,narrow,buff,tapering,one,evanescent,white,several,paths
poisonous,knobbed,smooth,red,no,spicy,narrow,buff,tapering,one,evanescent,white,several,woods
poisonous,knobbed,scaly,brown,no,spicy,narrow,buff,tapering,one,evanescent,white,several,paths
poisonous,knobbed,scaly,red,no,spicy,narrow,buff,tapering,one,evanescent,white,several,paths
poisonous,knobbed,scaly,brown,no,foul,narrow,buff,tapering,one,evanescent,white,several,woods
edible,convex,smooth,gray,no,none,broad,white,enlarging,two,pendant,white,scattered,grasses
poisonous,knobbed,scaly,brown,no,foul,narrow,buff,tapering,one,evanescent,white,several,woods
edible,flat,scaly,cinnamon,yes,none,broad,white,enlarging,two,pendant,white,several,paths
edible,bell,smooth,brown,no,none,broad,brown,enlarging,one,pendant,brown,several,leaves
poisonous,knobbed,smooth,red,no,fishy,narrow,buff,tapering,one,evanescent,white,several,leaves
poisonous,knobbed,smooth,brown,no,foul,narrow,buff,tapering,one,evanescent,white,several,woods
poisonous,knobbed,scaly,brown,no,foul,narrow,buff,tapering,one,evanescent,white,several,paths
edible,bell,fibrous,gray,no,none,broad,gray,enlarging,two,pendant,white,scattered,grasses
poisonous,knobbed,scaly,brown,no,spicy,narrow,buff,tapering,one,evanescent,white,several,paths
edible,bell,fibrous,white,no,none,broad,pink,enlarging,two,pendant,white,scattered,grasses
poisonous,knobbed,smooth,red,no,foul,narrow,buff,tapering,one,evanescent,white,several,leaves
edible,convex,smooth,white,no,none,broad,pink,enlarging,two,pendant,white,scattered,grasses
poisonous,knobbed,scaly,red,no,foul,narrow,buff,tapering,one,evanescent,white,several,leaves
poisonous,knobbed,scaly,red,no,spicy,narrow,buff,tapering,one,evanescent,white,several,woods
edible,convex,smooth,white,no,none,broad,white,enlarging,two,pendant,white,numerous,grasses
poisonous,knobbed,scaly,red,no,foul,narrow,buff,tapering,one,evanescent,white,several,woods
poisonous,knobbed,scaly,brown,no,spicy,narrow,buff,tapering,one,evanescent,white,several,paths
edible,knobbed,smooth,brown,no,none,broad,orange,enlarging,one,pendant,orange,several,leaves
edible,knobbed,smooth,brown,no,none,broad,orange,enlarging,one,pendant,brown,several,leaves
poisonous,knobbed,smooth,red,no,fishy,narrow,buff,tapering,one,evanescent,white,several,leaves
poisonous,knobbed,smooth,red,no,spicy,narrow,buff,tapering,one,evanescent,white,several,paths
edible,knobbed,smooth,brown,no,none,broad,yellow,enlarging,one,pendant,brown,clustered,leaves
poisonous,knobbed,smooth,brown,no,fishy,narrow,buff,tapering,one,evanescent,white,several,woods
poisonous,knobbed,smooth,red,no,foul,narrow,buff,tapering,one,evanescent,white,several,woods
poisonous,knobbed,scaly,red,no,spicy,narrow,buff,tapering,one,evanescent,white,several,woods
poisonous,knobbed,scaly,red,no,foul,narrow,buff,tapering,one,evanescent,white,several,woods
poisonous,knobbed,scaly,red,no,foul,narrow,buff,tapering,one,evanescent,white,several,leaves
edible,knobbed,fibrous,white,no,none,broad,white,enlarging,two,pendant,white,numerous,grasses
edible,bell,smooth,brown,no,none,broad,orange,enlarging,one,pendant,brown,several,leaves
poisonous,knobbed,smooth,red,no,spicy,narrow,buff,tapering,one,evanescent,white,several,woods
edible,flat,smooth,brown,no,none,broad,yellow,enlarging,one,pendant,buff,several,leaves
edible,flat,scaly,brown,no,none,broad,white,enlarging,two,pendant,white,solitary,paths
poisonous,knobbed,scaly,red,no,fishy,narrow,buff,tapering,one,evanescent,white,several,leaves
edible,flat,smooth,gray,yes,none,broad,white,enlarging,two,pendant,white,solitary,paths
edible,convex,smooth,pink,yes,none,broad,white,enlarging,two,pendant,white,several,paths
poisonous,conical,scaly,yellow,no,none,narrow,white,enlarging,one,evanescent,white,clustered,leaves
poisonous,knobbed,smooth,red,no,foul,narrow,buff,tapering,one,evanescent,white,several,paths
poisonous,knobbed,scaly,red,no,foul,narrow,buff,tapering,one,evanescent,white,several,woods
poisonous,knobbed,scaly,red,no,musty,broad,yellow,enlarging,none,none,white,clustered,woods
edible,bell,smooth,brown,no,none,broad,yellow,enlarging,one,pendant,orange,several,leaves
poisonous,knobbed,smooth,brown,no,spicy,narrow,buff,tapering,one,evanescent,white,several,leaves
edible,convex,smooth,white,no,none,broad,gray,enlarging,two,pendant,white,scattered,grasses
poisonous,convex,smooth,red,no,foul,narrow,buff,tapering,one,evanescent,white,several,leaves
poisonous,convex,scaly,cinnamon,no,musty,broad,white,enlarging,none,none,white,clustered,woods
poisonous,flat,smooth,brown,no,spicy,narrow,buff,tapering,one,evanescent,white,several,leaves
edible,knobbed,smooth,brown,no,none,broad,orange,enlarging,one,pendant,buff,clustered,leaves
edible,bell,scaly,brown,no,none,broad,white,enlarging,two,pendant,white,solitary,woods
poisonous,flat,smooth,brown,no,spicy,narrow,buff,tapering,one,evanescent,white,several,woods
poisonous,knobbed,smooth,brown,no,fishy,narrow,buff,tapering,one,evanescent,white,several,paths
edible,bell,smooth,gray,no,none,broad,white,enlarging,two,pendant,white,scattered,grasses
edible,convex,scaly,brown,yes,none,broad,white,enlarging,two,pendant,white,several,paths
poisonous,flat,smooth,brown,no,spicy,narrow,buff,tapering,one,evanescent,white,several,paths
edible,knobbed,smooth,brown,no,none,broad,orange,enlarging,one,pendant,yellow,clustered,leaves
edible,bell,fibrous,white,no,none,broad,white,enlarging,two,pendant,white,numerous,grasses
edible,convex,fibrous,white,no,none,broad,gray,enlarging,two,pendant,white,numerous,grasses
poisonous,knobbed,smooth,brown,no,fishy,narrow,buff,tapering,one,evanescent,white,several,woods
poisonous,convex,scaly,brown,no,musty,broad,yellow,enlarging,none,none,white,clustered,woods
poisonous,knobbed,scaly,red,no,spicy,narrow,buff,tapering,one,evanescent,white,several,paths
edible,convex,smooth,brown,no,none,broad,orange,enlarging,one,pendant,buff,clustered,leaves
poisonous,knobbed,smooth,red,no,foul,narrow,buff,tapering,one,evanescent,white,several,paths
poisonous,convex,smooth,red,no,spicy,narrow,buff,tapering,one,evanescent,white,several,leaves
poisonous,knobbed,smooth,brown,no,fishy,narrow,buff,tapering,one,evanescent,white,several,leaves
poisonous,knobbed,scaly,red,no,spicy,narrow,buff,tapering,one,evanescent,white,several,woods
poisonous,knobbed,scaly,brown,no,foul,narrow,buff,tapering,one,evanescent,white,several,leaves
poisonous,knobbed,smooth,red,no,foul,narrow,buff,tapering,one,evanescent,white,several,woods
edible,bell,fibrous,gray,no,none,broad,pink,enlarging,two,pendant,white,numerous,grasses
edible,knobbed,smooth,brown,no,none,broad,orange,enlarging,one,pendant,yellow,several,leaves
poisonous,knobbed,scaly,brown,no,spicy,narrow,buff,tapering,one,evanescent,white,several,paths
poisonous,knobbed,scaly,yellow,no,none,narrow,white,enlarging,one,evanescent,white,clustered,leaves
edible,knobbed,smooth,white,no,none,broad,pink,enlarging,two,pendant,white,numerous,grasses
edible,convex,smooth,brown,no,none,broad,brown,enlarging,one,pendant,yellow,clustered,leaves
poisonous,knobbed,smooth,brown,no,spicy,narrow,buff,tapering,one,evanescent,white,several,paths
edible,knobbed,fibrous,gray,no,none,broad,pink,enlarging,two,pendant,white,scattered,grasses
edible,knobbed,fibrous,white,no,none,broad,white,enlarging,two,pendant,white,numerous,grasses
edible,flat,smooth,brown,no,none,broad,orange,enlarging,one,pendant,buff,clustered,leaves
edible,convex,smooth,white,no,none,broad,pink,enlarging,two,pendant,white,numerous,grasses
edible,bell,smooth,gray,no,none,broad,white,enlarging,two,pendant,white,numerous,grasses
edible,convex,fibrous,white,no,none,broad,white,enlarging,two,pendant,white,numerous,grasses
edible,knobbed,fibrous,white,no,none,broad,pink,enlarging,two,pendant,white,numerous,grasses
poisonous,knobbed,smooth,brown,no,foul,narrow,buff,tapering,one,evanescent,white,several,woods
poisonous,knobbed,scaly,red,no,spicy,narrow,buff,tapering,one,evanescent,white,several,woods
edible,knobbed,fibrous,gray,no,none,broad,pink,enlarging,two,pendant,white,scattered,grasses
edible,convex,smooth,white,no,none,broad,pink,enlarging,two,pendant,white,scattered,grasses
poisonous,knobbed,smooth,brown,no,foul,narrow,buff,tapering,one,evanescent,white,several,paths
poisonous,knobbed,scaly,brown,no,spicy,narrow,buff,tapering,one,evanescent,white,several,woods
poisonous,knobbed,scaly,brown,no,foul,narrow,buff,tapering,one,evanescent,white,several,paths
poisonous,knobbed,smooth,red,no,foul,narrow,buff,tapering,one,evanescent,white,several,paths
poisonous,knobbed,smooth,red,no,spicy,narrow,buff,tapering,one,evanescent,white,several,leaves
edible,bell,smooth,brown,no,none,broad,yellow,enlarging,one,pendant,brown,several,leaves
poisonous,knobbed,smooth,red,no,spicy,narrow,buff,tapering,one,evanescent,white,several,paths
edible,convex,smooth,gray,no,none,broad,pink,enlarging,two,pendant,white,numerous,grasses
edible,convex,smooth,brown,no,none,broad,orange,enlarging,one,pendant,yellow,several,leaves
edible,bell,smooth,white,no,none,broad,white,enlarging,two,pendant,white,numerous,grasses
poisonous,knobbed,smooth,red,no,spicy,narrow,buff,tapering,one,evanescent,white,several,paths
edible,convex,smooth,brown,no,none,broad,yellow,enlarging,one,pendant,brown,several,leaves
poisonous,knobbed,smooth,brown,no,foul,narrow,buff,tapering,one,evanescent,white,several,woods
poisonous,knobbed,smooth,red,no,foul,narrow,buff,tapering,one,evanescent,white,several,woods
poisonous,knobbed,scaly,red,no,spicy,narrow,buff,tapering,one,evanescent,white,several,paths
edible,bell,fibrous,white,no,none,broad,pink,enlarging,two,pendant,white,scattered,grasses
poisonous,knobbed,scaly,brown,no,foul,narrow,buff,tapering,one,evanescent,white,several,woods
poisonous,knobbed,smooth,red,no,spicy,narrow,buff,tapering,one,evanescent,white,several,woods
edible,bell,smooth,gray,no,none,broad,white,enlarging,two,pendant,white,scattered,grasses
poisonous,knobbed,smooth,brown,no,fishy,narrow,buff,tapering,one,evanescent,white,several,woods
poisonous,convex,smooth,brown,no,fishy,narrow,buff,tapering,one,evanescent,white,several,paths
poisonous,knobbed,scaly,red,no,foul,narrow,buff,tapering,one,evanescent,white,several,leaves
edible,convex,smooth,white,no,none,broad,pink,enlarging,two,pendant,white,numerous,grasses
edible,convex,smooth,white,no,none,broad,gray,enlarging,two,pendant,white,scattered,grasses
poisonous,knobbed,scaly,brown,no,spicy,narrow,buff,tapering,one,evanescent,white,several,paths
edible,knobbed,smooth,brown,no,none,broad,white,enlarging,two,pendant,white,solitary,woods
poisonous,knobbed,smooth,red,no,fishy,narrow,buff,tapering,one,evanescent,white,several,woods
poisonous,knobbed,scaly,red,no,spicy,narrow,buff,tapering,one,evanescent,white,several,leaves
edible,bell,smooth,brown,no,none,broad,yellow,enlarging,one,pendant,orange,several,leaves
edible,bell,fibrous,gray,no,none,broad,white,enlarging,two,pendant,white,numerous,grasses
poisonous,knobbed,smooth,red,no,foul,narrow,buff,tapering,one,evanescent,white,several,leaves
poisonous,knobbed,smooth,brown,no,spicy,narrow,buff,tapering,one,evanescent,white,several,leaves
poisonous,flat,scaly,brown,no,foul,narrow,buff,tapering,one,evanescent,white,several,paths
poisonous,flat,scaly,brown,no,foul,narrow,buff,tapering,one,evanescent,white,several,woods
edible,flat,smooth,brown,no,none,broad,orange,enlarging,one,pendant,yellow,clustered,leaves
poisonous,knobbed,scaly,brown,no,fishy,narrow,buff,tapering,one,evanescent,white,several,woods
edible,knobbed,smooth,white,no,none,broad,white,enlarging,two,pendant,white,scattered,grasses
edible,bell,smooth,brown,no,none,broad,yellow,enlarging,one,pendant,buff,clustered,leaves
poisonous,knobbed,scaly,brown,no,spicy,narrow,buff,tapering,one,evanescent,white,several,paths
poisonous,knobbed,smooth,brown,no,fishy,narrow,buff,tapering,one,evanescent,white,several,paths
poisonous,knobbed,smooth,red,no,spicy,narrow,buff,tapering,one,evanescent,white,several,woods
edible,knobbed,smooth,white,no,none,broad,pink,enlarging,two,pendant,white,numerous,grasses
poisonous,knobbed,scaly,red,no,fishy,narrow,buff,tapering,one,evanescent,white,several,leaves
edible,convex,smooth,white,no,none,broad,white,enlarging,two,pendant,white,scattered,grasses
poisonous,knobbed,scaly,red,no,spicy,narrow,buff,tapering,one,evanescent,white,several,woods
poisonous,knobbed,scaly,red,no,spicy,narrow,buff,tapering,one,evanescent,white,several,woods
poisonous,knobbed,scaly,brown,no,spicy,narrow,buff,tapering,one,evanescent,white,several,woods
poisonous,flat,scaly,cinnamon,no,musty,broad,white,enlarging,none,none,white,clustered,woods
poisonous,convex,smooth,brown,no,spicy,narrow,buff,tapering,one,evanescent,white,several,woods
edible,knobbed,fibrous,gray,no,none,broad,white,enlarging,two,pendant,white,scattered,grasses
poisonous,knobbed,smooth,red,no,fishy,narrow,buff,tapering,one,evanescent,white,several,leaves
poisonous,convex,scaly,brown,no,musty,broad,white,enlarging,none,none,white,clustered,woods
poisonous,flat,scaly,red,no,fishy,narrow,buff,tapering,one,evanescent,white,several,leaves
edible,knobbed,smooth,brown,no,none,broad,brown,enlarging,one,pendant,buff,clustered,leaves
poisonous,knobbed,smooth,brown,no,spicy,narrow,buff,tapering,one,evanescent,white,several,paths
edible,bell,fibrous,gray,no,none,broad,gray,enlarging,two,pendant,white,numerous,grasses
edible,bell,fibrous,white,no,none,broad,pink,enlarging,two,pendant,white,numerous,grasses
edible,convex,smooth,brown,no,none,broad,yellow,enlarging,one,pendant,yellow,several,leaves
poisonous,knobbed,scaly,brown,no,spicy,narrow,buff,tapering,one,evanescent,white,several,leaves
edible,flat,smooth,brown,no,none,broad,yellow,enlarging,one,pendant,orange,clustered,leaves
edible,convex,smooth,white,no,none,broad,gray,enlarging,two,pendant,white,numerous,grasses
poisonous,knobbed,smooth,red,no,spicy,narrow,buff,tapering,one,evanescent,white,several,leaves
poisonous,knobbed,smooth,red,no,fishy,narrow,buff,tapering,one,evanescent,white,several,paths
edible,convex,smooth,gray,no,none,broad,white,enlarging,two,pendant,white,numerous,grasses
edible,bell,smooth,gray,no,none,broad,gray,enlarging,two,pendant,white,numerous,grasses
poisonous,knobbed,scaly,brown,no,foul,narrow,buff,tapering,one,evanescent,white,several,woods
poisonous,knobbed,scaly,red,no,musty,broad,white,enlarging,none,none,white,clustered,woods
poisonous,knobbed,scaly,red,no,foul,narrow,buff,tapering,one,evanescent,white,several,paths
poisonous,knobbed,scaly,brown,no,foul,narrow,buff,tapering,one,evanescent,white,several,paths
edible,convex,fibrous,white,no,none,broad,pink,enlarging,two,pendant,white,scattered,grasses
poisonous,knobbed,scaly,red,no,foul,narrow,buff,tapering,one,evanescent,white,several,leaves
edible,bell,smooth,brown,no,none,broad,yellow,enlarging,one,pendant,buff,several,leaves
poisonous,knobbed,scaly,brown,no,spicy,narrow,buff,tapering,one,evanescent,white,several,woods
poisonous,knobbed,smooth,brown,no,spicy,narrow,buff,tapering,one,evanescent,white,several,paths
edible,bell,smooth,brown,no,none,broad,yellow,enlarging,one,pendant,yellow,several,leaves
edible,flat,smooth,brown,no,none,broad,orange,enlarging,one,pendant,brown,several,leaves
edible,knobbed,smooth,gray,no,none,broad,white,enlarging,two,pendant,white,numerous,grasses
edible,flat,smooth,brown,no,none,broad,yellow,enlarging,one,pendant,yellow,clustered,leaves
poisonous,knobbed,scaly,red,no,fishy,narrow,buff,tapering,one,evanescent,white,several,leaves
edible,bell,smooth,brown,no,none,broad,brown,enlarging,one,pendant,buff,several,leaves
edible,knobbed,smooth,brown,no,none,broad,yellow,enlarging,one,pendant,brown,clustered,leaves
poisonous,knobbed,scaly,red,no,fishy,narrow,buff,tapering,one,evanescent,white,several,woods
edible,flat,smooth,brown,no,none,broad,yellow,enlarging,one,pendant,brown,clustered,leaves
poisonous,knobbed,smooth,red,no,foul,narrow,buff,tapering,one,evanescent,white,several,woods
edible,bell,fibrous,gray,no,none,broad,gray,enlarging,two,pendant,white,numerous,grasses
poisonous,knobbed,scaly,brown,no,fishy,narrow,buff,tapering,one,evanescent,white,several,woods
edible,flat,smooth,brown,no,none,broad,brown,enlarging,one,pendant,buff,several,leaves
poisonous,knobbed,smooth,brown,no,spicy,narrow,buff,tapering,one,evanescent,white,several,leaves
edible,convex,smooth,gray,no,none,broad,white,enlarging,two,pendant,white,scattered,grasses
edible,convex,smooth,gray,no,none,broad,gray,enlarging,two,pendant,white,scattered,grasses
edible,knobbed,smooth,brown,no,none,broad,yellow,enlarging,one,pendant,buff,several,leaves
edible,convex,smooth,brown,no,none,broad,yellow,enlarging,one,pendant,buff,clustered,leaves
poisonous,knobbed,scaly,red,no,fishy,narrow,buff,tapering,one,evanescent,white,several,woods
edible,convex,fibrous,gray,no,none,broad,white,enlarging,two,pendant,white,numerous,grasses
poisonous,knobbed,smooth,brown,no,foul,narrow,buff,tapering,one,evanescent,white,several,woods
poisonous,knobbed,scaly,red,no,spicy,narrow,buff,tapering,one,evanescent,white,several,woods
poisonous,knobbed,scaly,brown,no,foul,narrow,buff,tapering,one,evanescent,white,several,paths
poisonous,knobbed,smooth,red,no,foul,narrow,buff,tapering,one,evanescent,white,several,woods
poisonous,knobbed,scaly,brown,no,spicy,narrow,buff,tapering,one,evanescent,white,several,leaves
poisonous,knobbed,scaly,red,no,spicy,narrow,buff,tapering,one,evanescent,white,several,leaves
edible,convex,smooth,white,no,none,broad,gray,enlarging,two,pendant,white,numerous,grasses
poisonous,knobbed,smooth,brown,no,spicy,narrow,buff,tapering,one,evanescent,white,several,leaves
poisonous,knobbed,smooth,red,no,fishy,narrow,buff,tapering,one,evanescent,white,several,paths
poisonous,knobbed,smooth,red,no,spicy,narrow,buff,tapering,one,evanescent,white,several,paths
edible,convex,fibrous,gray,no,none,broad,white,enlarging,two,pendant,white,numerous,grasses
edible,convex,smooth,brown,no,none,broad,orange,enlarging,one,pendant,orange,clustered,leaves
edible,bell,smooth,white,no,none,broad,pink,enlarging,two,pendant,white,numerous,grasses
poisonous,knobbed,smooth,brown,no,foul,narrow,buff,tapering,one,evanescent,white,several,leaves
poisonous,knobbed,scaly,brown,no,foul,narrow,buff,tapering,one,evanescent,white,several,leaves
poisonous,knobbed,smooth,brown,no,spicy,narrow,buff,tapering,one,evanescent,white,several,woods
poisonous,convex,scaly,red,no,foul,narrow,buff,tapering,one,evanescent,white,several,paths
poisonous,knobbed,scaly,red,no,foul,narrow,buff,tapering,one,evanescent,white,several,woods
edible,convex,smooth,brown,no,none,broad,orange,enlarging,one,pendant,buff,several,leaves
edible,convex,smooth,gray,no,none,broad,gray,enlarging,two,pendant,white,scattered,grasses
poisonous,knobbed,smooth,red,no,foul,narrow,buff,tapering,one,evanescent,white,several,leaves
poisonous,knobbed,scaly,red,no,foul,narrow,buff,tapering,one,evanescent,white,several,leaves
edible,knobbed,smooth,white,no,none,broad,gray,enlarging,two,pendant,white,numerous,grasses
edible,bell,smooth,brown,no,none,broad,yellow,enlarging,one,pendant,buff,several,leaves
edible,knobbed,smooth,white,no,none,broad,pink,enlarging,two,pendant,white,numerous,grasses
poisonous,knobbed,smooth,red,no,spicy,narrow,buff,tapering,one,evanescent,white,several,woods
poisonous,knobbed,scaly,brown,no,foul,narrow,buff,tapering,one,evanescent,white,several,paths
poisonous,knobbed,smooth,red,no,fishy,narrow,buff,tapering,one,evanescent,white,several,leaves
poisonous,knobbed,smooth,brown,no,fishy,narrow,buff,tapering,one,evanescent,white,several,woods
poisonous,convex,smooth,brown,no,spicy,narrow,buff,tapering,one,evanescent,white,several,leaves
edible,knobbed,smooth,brown,no,none,broad,orange,enlarging,one,pendant,brown,clustered,leaves
poisonous,knobbed,smooth,brown,no,foul,narrow,buff,tapering,one,evanescent,white,several,woods
poisonous,knobbed,smooth,brown,no,spicy,narrow,buff,tapering,one,evanescent,white,several,woods
poisonous,knobbed,scaly,red,no,foul,narrow,buff,tapering,one,evanescent,white,several,leaves
edible,convex,fibrous,white,no,none,broad,pink,enlarging,two,pendant,white,scattered,grasses
poisonous,flat,smooth,red,no,fishy,narrow,buff,tapering,one,evanescent,white,several,woods
poisonous,knobbed,smooth,brown,no,fishy,narrow,buff,tapering,one,evanescent,white,several,leaves
poisonous,knobbed,smooth,red,no,foul,narrow,buff,tapering,one,evanescent,white,several,woods
edible,flat,smooth,brown,no,none,broad,orange,enlarging,one,pendant,buff,several,leaves
edible,convex,scaly,brown,no,none,broad,white,enlarging,two,pendant,white,solitary,woods
poisonous,knobbed,scaly,brown,no,spicy,narrow,buff,tapering,one,evanescent,white,several,woods
poisonous,knobbed,smooth,red,no,spicy,narrow,buff,tapering,one,evanescent,white,several,leaves
edible,bell,smooth,white,no,none,broad,gray,enlarging,two,pendant,white,scattered,grasses
poisonous,knobbed,scaly,brown,no,spicy,narrow,buff,tapering,one,evanescent,white,several,paths
poisonous,knobbed,smooth,brown,no,fishy,narrow,buff,tapering,one,evanescent,white,several,paths
edible,convex,smooth,brown,no,none,broad,orange,enlarging,one,pendant,brown,clustered,leaves
edible,convex,smooth,gray,no,none,broad,pink,enlarging,two,pendant,white,scattered,grasses
edible,convex,smooth,gray,no,none,broad,gray,enlarging,two,pendant,white,numerous,grasses
poisonous,flat,scaly,brown,no,fishy,narrow,buff,tapering,one,evanescent,white,several,paths
poisonous,flat,scaly,brown,no,spicy,narrow,buff,tapering,one,evanescent,white,several,woods
edible,flat,scaly,gray,yes,none,broad,white,enlarging,two,pendant,white,several,paths
poisonous,knobbed,smooth,red,no,fishy,narrow,buff,tapering,one,evanescent,white,several,woods
edible,convex,fibrous,white,no,none,broad,white,enlarging,two,pendant,white,scattered,grasses
poisonous,knobbed,scaly,brown,no,spicy,narrow,buff,tapering,one,evanescent,white,several,paths
poisonous,knobbed,smooth,brown,no,fishy,narrow,buff,tapering,one,evanescent,white,several,paths
poisonous,convex,smooth,red,no,foul,narrow,buff,tapering,one,evanescent,white,several,paths
edible,convex,fibrous,gray,no,none,broad,pink,enlarging,two,pendant,white,scattered,grasses
edible,flat,smooth,brown,no,none,broad,brown,enlarging,one,pendant,brown,several,leaves
poisonous,convex,scaly,red,no,foul,narrow,buff,tapering,one,evanescent,white,several,paths
edible,bell,fibrous,white,no,none,broad,white,enlarging,two,pendant,white,scattered,grasses
poisonous,knobbed,smooth,red,no,foul,narrow,buff,tapering,one,evanescent,white,several,leaves
edible,convex,fibrous,gray,no,none,broad,pink,enlarging,two,pendant,white,scattered,grasses
poisonous,flat,scaly,brown,no,musty,broad,yellow,enlarging,none,none,white,clustered,woods
edible,convex,smooth,brown,no,none,broad,yellow,enlarging,one,pendant,orange,several,leaves
edible,bell,smooth,gray,no,none,broad,pink,enlarging,two,pendant,white,numerous,grasses
edible,bell,smooth,brown,no,none,broad,brown,enlarging,one,pendant,orange,several,leaves
poisonous,knobbed,smooth,red,no,foul,narrow,buff,tapering,one,evanescent,white,several,woods
edible,flat,smooth,brown,no,none,broad,orange,enlarging,one,pendant,orange,several,leaves
edible,convex,fibrous,gray,no,none,broad,white,enlarging,two,pendant,white,numerous,grasses
poisonous,knobbed,smooth,brown,no,foul,narrow,buff,tapering,one,evanescent,white,several,paths
edible,convex,fibrous,white,no,none,broad,pink,enlarging,two,pendant,white,numerous,grasses
edible,flat,scaly,pink,yes,none,broad,white,enlarging,two,pendant,white,several,paths
poisonous,knobbed,scaly,red,no,foul,narrow,buff,tapering,one,evanescent,white,several,leaves
edible,knobbed,fibrous,gray,no,none,broad,white,enlarging,two,pendant,white,numerous,grasses
edible,knobbed,smooth,brown,no,none,broad,orange,enlarging,one,pendant,yellow,clustered,leaves
poisonous,knobbed,smooth,brown,no,foul,narrow,buff,tapering,one,evanescent,white,several,woods
poisonous,knobbed,smooth,brown,no,fishy,narrow,buff,tapering,one,evanescent,white,several,leaves
poisonous,knobbed,smooth,red,no,spicy,narrow,buff,tapering,one,evanescent,white,several,paths
poisonous,knobbed,scaly,brown,no,spicy,narrow,buff,tapering,one,evanescent,white,several,woods
edible,knobbed,smooth,brown,no,none,broad,orange,enlarging,one,pendant,orange,clustered,leaves
poisonous,knobbed,scaly,brown,no,spicy,narrow,buff,tapering,one,evanescent,white,several,paths
edible,knobbed,fibrous,white,no,none,broad,pink,enlarging,two,pendant,white,scattered,grasses
poisonous,knobbed,scaly,red,no,foul,narrow,buff,tapering,one,evanescent,white,several,paths
edible,flat,smooth,brown,no,none,broad,white,enlarging,two,pendant,white,solitary,paths
poisonous,knobbed,smooth,red,no,spicy,narrow,buff,tapering,one,evanescent,white,several,paths
edible,convex,fibrous,gray,no,none,broad,white,enlarging,two,pendant,white,scattered,grasses
poisonous,knobbed,scaly,red,no,foul,narrow,buff,tapering,one,evanescent,white,several,woods
poisonous,knobbed,scaly,red,no,fishy,narrow,buff,tapering,one,evanescent,white,several,woods
poisonous,knobbed,smooth,brown,no,foul,narrow,buff,tapering,one,evanescent,white,several,leaves
edible,bell,smooth,brown,no,none,broad,brown,enlarging,one,pendant,orange,clustered,leaves
edible,knobbed,smooth,white,no,none,broad,white,enlarging,two,pendant,white,numerous,grasses
edible,bell,smooth,brown,no,none,broad,yellow,enlarging,one,pendant,orange,clustered,leaves
edible,flat,scaly,gray,yes,none,broad,white,enlarging,two,pendant,white,solitary,paths
poisonous,knobbed,scaly,red,no,musty,broad,white,enlarging,none,none,white,clustered,woods
poisonous,convex,scaly,red,no,fishy,narrow,buff,tapering,one,evanescent,white,several,woods
poisonous,knobbed,scaly,brown,no,foul,narrow,buff,tapering,one,evanescent,white,several,paths
edible,knobbed,smooth,brown,no,none,broad,yellow,enlarging,one,pendant,yellow,several,leaves
edible,knobbed,smooth,brown,no,none,broad,brown,enlarging,one,pendant,orange,clustered,leaves
edible,convex,scaly,cinnamon,yes,none,broad,white,enlarging,two,pendant,white,several,paths
poisonous,knobbed,smooth,red,no,spicy,narrow,buff,tapering,one,evanescent,white,several,leaves
poisonous,knobbed,scaly,brown,no,fishy,narrow,buff,tapering,one,evanescent,white,several,leaves
poisonous,knobbed,smooth,red,no,spicy,narrow,buff,tapering,one,evanescent,white,several,leaves
poisonous,knobbed,scaly,brown,no,fishy,narrow,buff,tapering,one,evanescent,white,several,woods
poisonous,knobbed,scaly,red,no,foul,narrow,buff,tapering,one,evanescent,white,several,paths
edible,flat,smooth,cinnamon,yes,none,broad,white,enlarging,two,pendant,white,several,paths
edible,convex,smooth,brown,no,none,broad,orange,enlarging,one,pendant,brown,clustered,leaves
edible,bell,fibrous,white,no,none,broad,white,enlarging,two,pendant,white,numerous,grasses
edible,knobbed,fibrous,gray,no,none,broad,gray,enlarging,two,pendant,white,scattered,grasses
edible,flat,smooth,brown,no,none,broad,yellow,enlarging,one,pendant,orange,clustered,leaves
edible,knobbed,smooth,brown,no,none,broad,brown,enlarging,one,pendant,orange,clustered,leaves
edible,knobbed,fibrous,white,no,none,broad,gray,enlarging,two,pendant,white,numerous,grasses
poisonous,knobbed,scaly,red,no,foul,narrow,buff,tapering,one,evanescent,white,several,leaves
edible,bell,fibrous,white,no,none,broad,gray,enlarging,two,pendant,white,scattered,grasses
poisonous,knobbed,scaly,brown,no,fishy,narrow,buff,tapering,one,evanescent,white,several,paths
poisonous,knobbed,scaly,red,no,fishy,narrow,buff,tapering,one,evanescent,white,several,woods
poisonous,knobbed,scaly,brown,no,foul,narrow,buff,tapering,one,evanescent,white,several,woods
edible,convex,smooth,brown,no,none,broad,orange,enlarging,one,pendant,yellow,several,leaves
edible,convex,scaly,brown,yes,none,broad,white,enlarging,two,pendant,white,solitary,paths
edible,bell,smooth,white,no,none,broad,pink,enlarging,two,pendant,white,numerous,grasses
poisonous,flat,scaly,brown,no,foul,narrow,buff,tapering,one,evanescent,white,several,woods
poisonous,knobbed,smooth,brown,no,foul,narrow,buff,tapering,one,evanescent,white,several,leaves
poisonous,knobbed,smooth,red,no,fishy,narrow,buff,tapering,one,evanescent,white,several,paths
edible,convex,smooth,brown,no,none,broad,orange,enlarging,one,pendant,yellow,clustered,leaves
edible,convex,smooth,brown,no,none,broad,yellow,enlarging,one,pendant,brown,several,leaves
edible,bell,smooth,white,no,none,broad,white,enlarging,two,pendant,white,scattered,grasses
poisonous,convex,scaly,red,no,foul,narrow,buff,tapering,one,evanescent,white,several,paths
edible,bell,fibrous,white,no,none,broad,white,enlarging,two,pendant,white,scattered,grasses
edible,bell,fibrous,white,no,none,broad,gray,enlarging,two,pendant,white,numerous,grasses
edible,bell,fibrous,white,no,none,broad,gray,enlarging,two,pendant,white,numerous,grasses
edible,knobbed,smooth,brown,no,none,broad,orange,enlarging,one,pendant,orange,several,leaves
poisonous,knobbed,scaly,red,no,spicy,narrow,buff,tapering,one,evanescent,white,several,paths
edible,knobbed,smooth,brown,no,none,broad,yellow,enlarging,one,pendant,orange,several,leaves
poisonous,knobbed,smooth,red,no,foul,narrow,buff,tapering,one,evanescent,white,several,woods
poisonous,knobbed,scaly,cinnamon,no,musty,broad,yellow,enlarging,none,none,white,clustered,woods
poisonous,knobbed,smooth,brown,no,fishy,narrow,buff,tapering,one,evanescent,white,several,woods
edible,convex,smooth,gray,no,none,broad,gray,enlarging,two,pendant,white,numerous,grasses
edible,flat,smooth,brown,no,none,broad,white,enlarging,two,pendant,white,solitary,woods
edible,knobbed,smooth,brown,no,none,broad,yellow,enlarging,one,pendant,yellow,clustered,leaves
edible,bell,scaly,brown,no,none,broad,white,enlarging,two,pendant,white,solitary,paths
poisonous,convex,smooth,brown,no,foul,narrow,buff,tapering,one,evanescent,white,several,leaves
edible,bell,smooth,brown,no,none,broad,orange,enlarging,one,pendant,buff,clustered,leaves
poisonous,flat,smooth,brown,no,fishy,narrow,buff,tapering,one,evanescent,white,several,paths
poisonous,knobbed,scaly,brown,no,foul,narrow,buff,tapering,one,evanescent,white,several,paths
edible,knobbed,smooth,gray,no,none,broad,white,enlarging,two,pendant,white,numerous,grasses
poisonous,knobbed,scaly,brown,no,foul,narrow,buff,tapering,one,evanescent,white,several,leaves
edible,knobbed,fibrous,gray,no,none,broad,gray,enlarging,two,pendant,white,scattered,grasses
edible,convex,smooth,brown,no,none,broad,yellow,enlarging,one,pendant,orange,clustered,leaves
poisonous,knobbed,smooth,red,no,fishy,narrow,buff,tapering,one,evanescent,white,several,paths
edible,flat,smooth,brown,no,none,broad,orange,enlarging,one,pendant,yellow,several,leaves
poisonous,knobbed,smooth,brown,no,fishy,narrow,buff,tapering,one,evanescent,white,several,leaves
poisonous,knobbed,scaly,brown,no,spicy,narrow,buff,tapering,one,evanescent,white,several,paths
edible,knobbed,smooth,brown,no,none,broad,brown,enlarging,one,pendant,brown,several,leaves
edible,bell,smooth,brown,no,none,broad,brown,enlarging,one,pendant,brown,clustered,leaves
edible,convex,scaly,brown,no,none,broad,white,enlarging,two,pendant,white,solitary,paths
edible,convex,smooth,white,no,none,broad,white,enlarging,two,pendant,white,scattered,grasses
edible,flat,smooth,brown,no,none,broad,brown,enlarging,one,pendant,orange,several,leaves
poisonous,flat,smooth,brown,no,foul,narrow,buff,tapering,one,evanescent,white,several,paths
poisonous,convex,scaly,red,no,spicy,narrow,buff,tapering,one,evanescent,white,several,woods
poisonous,knobbed,scaly,red,no,fishy,narrow,buff,tapering,one,evanescent,white,several,paths
poisonous,knobbed,smooth,red,no,foul,narrow,buff,tapering,one,evanescent,white,several,woods
poisonous,knobbed,smooth,red,no,foul,narrow,buff,tapering,one,evanescent,white,several,paths
edible,bell,smooth,brown,no,none,broad,orange,enlarging,one,pendant,brown,several,leaves
edible,convex,smooth,brown,no,none,broad,yellow,enlarging,one,pendant,yellow,several,leaves
edible,flat,smooth,brown,no,none,broad,orange,enlarging,one,pendant,yellow,several,leaves
poisonous,knobbed,smooth,brown,no,spicy,narrow,buff,tapering,one,evanescent,white,several,leaves
edible,bell,smooth,brown,no,none,broad,brown,enlarging,one,pendant,buff,several,leaves
edible,knobbed,smooth,gray,no,none,broad,white,enlarging,two,pendant,white,scattered,grasses
edible,knobbed,fibrous,white,no,none,broad,pink,enlarging,two,pendant,white,scattered,grasses
poisonous,knobbed,smooth,red,no,spicy,narrow,buff,tapering,one,evanescent,white,several,paths
edible,bell,fibrous,white,no,none,broad,gray,enlarging,two,pendant,white,numerous,grasses
edible,convex,smooth,white,no,none,broad,white,enlarging,two,pendant,white,scattered,grasses
edible,bell,fibrous,white,no,none,broad,pink,enlarging,two,pendant,white,scattered,grasses
poisonous,knobbed,scaly,brown,no,fishy,narrow,buff,tapering,one,evanescent,white,several,woods
poisonous,flat,smooth,brown,no,fishy,narrow,buff,tapering,one,evanescent,white,several,leaves
poisonous,flat,scaly,red,no,fishy,narrow,buff,tapering,one,evanescent,white,several,paths
poisonous,knobbed,smooth,red,no,fishy,narrow,buff,tapering,one,evanescent,white,several,paths
poisonous,knobbed,scaly,brown,no,foul,narrow,buff,tapering,one,evanescent,white,several,woods
edible,convex,smooth,brown,no,none,broad,yellow,enlarging,one,pendant,yellow,clustered,leaves
edible,flat,smooth,brown,no,none,broad,yellow,enlarging,one,pendant,brown,several,leaves
poisonous,knobbed,scaly,brown,no,foul,narrow,buff,tapering,one,evanescent,white,several,leaves
poisonous,knobbed,smooth,brown,no,foul,narrow,buff,tapering,one,evanescent,white,several,leaves
edible,convex,fibrous,gray,no,none,broad,gray,enlarging,two,pendant,white,numerous,grasses
edible,knobbed,smooth,white,no,none,broad,white,enlarging,two,pendant,white,scattered,grasses
poisonous,knobbed,scaly,red,no,foul,narrow,buff,tapering,one,evanescent,white,several,paths
poisonous,convex,smooth,brown,no,foul,narrow,buff,tapering,one,evanescent,white,several,woods
poisonous,knobbed,scaly,brown,no,foul,narrow,buff,tapering,one,evanescent,white,several,leaves
edible,knobbed,smooth,brown,no,none,broad,brown,enlarging,one,pendant,buff,clustered,leaves
edible,bell,fibrous,white,no,none,broad,pink,enlarging,two,pendant,white,numerous,grasses
edible,knobbed,smooth,brown,no,none,broad,brown,enlarging,one,pendant,buff,several,leaves
poisonous,knobbed,scaly,red,no,fishy,narrow,buff,tapering,one,evanescent,white,several,woods
edible,convex,scaly,gray,yes,none,broad,white,enlarging,two,pendant,white,solitary,paths
poisonous,knobbed,smooth,red,no,foul,narrow,buff,tapering,one,evanescent,white,several,leaves
edible,bell,smooth,brown,no,none,broad,brown,enlarging,one,pendant,yellow,several,leaves
poisonous,knobbed,scaly,red,no,fishy,narrow,buff,tapering,one,evanescent,white,several,paths
edible,convex,smooth,brown,no,none,broad,yellow,enlarging,one,pendant,buff,clustered,leaves
edible,flat,smooth,brown,no,none,broad,brown,enlarging,one,pendant,buff,several,leaves
edible,flat,smooth,brown,no,none,broad,brown,enlarging,one,pendant,yellow,clustered,leaves
poisonous,knobbed,scaly,red,no,fishy,narrow,buff,tapering,one,evanescent,white,several,paths
edible,bell,fibrous,gray,no,none,broad,gray,enlarging,two,pendant,white,numerous,grasses
poisonous,knobbed,smooth,red,no,fishy,narrow,buff,tapering,one,evanescent,white,several,woods
poisonous,knobbed,smooth,brown,no,fishy,narrow,buff,tapering,one,evanescent,white,several,woods
poisonous,knobbed,scaly,brown,no,foul,narrow,buff,tapering,one,evanescent,white,several,leaves
poisonous,knobbed,smooth,brown,no,spicy,narrow,buff,tapering,one,evanescent,white,several,woods
edible,convex,fibrous,white,no,none,broad,white,enlarging,two,pendant,white,scattered,grasses
edible,flat,smooth,brown,no,none,broad,yellow,enlarging,one,pendant,orange,several,leaves
poisonous,knobbed,scaly,brown,no,foul,narrow,buff,tapering,one,evanescent,white,several,woods
edible,convex,smooth,brown,no,none,broad,brown,enlarging,one,pendant,brown,several,leaves
edible,bell,fibrous,gray,no,none,broad,white,enlarging,two,pendant,white,numerous,grasses
edible,bell,smooth,brown,no,none,broad,orange,enlarging,one,pendant,yellow,several,leaves
edible,convex,smooth,brown,no,none,broad,orange,enlarging,one,pendant,orange,several,leaves
poisonous,knobbed,smooth,red,no,spicy,narrow,buff,tapering,one,evanescent,white,several,leaves
poisonous,knobbed,smooth,brown,no,foul,narrow,buff,tapering,one,evanescent,white,several,paths
poisonous,knobbed,smooth,brown,no,spicy,narrow,buff,tapering,one,evanescent,white,several,woods
poisonous,knobbed,smooth,brown,no,spicy,narrow,buff,tapering,one,evanescent,white,several,paths
poisonous,knobbed,scaly,brown,no,fishy,narrow,buff,tapering,one,evanescent,white,several,leaves
edible,knobbed,fibrous,white,no,none,broad,white,enlarging,two,pendant,white,scattered,grasses
poisonous,knobbed,scaly,red,no,foul,narrow,buff,tapering,one,evanescent,white,several,leaves
edible,knobbed,smooth,brown,no,none,broad,yellow,enlarging,one,pendant,buff,several,leaves
poisonous,knobbed,smooth,red,no,foul,narrow,buff,tapering,one,evanescent,white,several,paths
edible,bell,smooth,brown,no,none,broad,brown,enlarging,one,pendant,buff,clustered,leaves
edible,flat,smooth,brown,no,none,broad,orange,enlarging,one,pendant,buff,clustered,leaves
edible,knobbed,smooth,brown,no,none,broad,brown,enlarging,one,pendant,brown,clustered,leaves
poisonous,knobbed,scaly,red,no,spicy,narrow,buff,tapering,one,evanescent,white,several,leaves
edible,knobbed,smooth,brown,no,none,broad,brown,enlarging,one,pendant,yellow,several,leaves
poisonous,knobbed,scaly,red,no,foul,narrow,buff,tapering,one,evanescent,white,several,paths
edible,knobbed,smooth,brown,no,none,broad,brown,enlarging,one,pendant,yellow,several,leaves
edible,bell,fibrous,gray,no,none,broad,white,enlarging,two,pendant,white,numerous,grasses
edible,flat,smooth,brown,no,none,broad,orange,enlarging,one,pendant,orange,clustered,leaves
edible,bell,smooth,brown,no,none,broad,orange,enlarging,one,pendant,yellow,clustered,leaves
edible,flat,smooth,brown,no,none,broad,orange,enlarging,one,pendant,orange,several,leaves
edible,bell,fibrous,gray,no,none,broad,gray,enlarging,two,pendant,white,scattered,grasses
poisonous,knobbed,scaly,red,no,foul,narrow,buff,tapering,one,evanescent,white,several,leaves
poisonous,knobbed,smooth,brown,no,spicy,narrow,buff,tapering,one,evanescent,white,several,woods
poisonous,knobbed,scaly,brown,no,foul,narrow,buff,tapering,one,evanescent,white,several,paths
poisonous,knobbed,smooth,red,no,spicy,narrow,buff,tapering,one,evanescent,white,several,paths
poisonous,knobbed,scaly,brown,no,fishy,narrow,buff,tapering,one,evanescent,white,several,leaves
edible,bell,fibrous,gray,no,none,broad,pink,enlarging,two,pendant,white,scattered,grasses
edible,knobbed,fibrous,white,no,none,broad,gray,enlarging,two,pendant,white,scattered,grasses
edible,knobbed,smooth,brown,no,none,broad,brown,enlarging,one,pendant,orange,several,leaves
poisonous,convex,smooth,red,no,foul,narrow,buff,tapering,one,evanescent,white,several,paths
edible,knobbed,smooth,brown,no,none,broad,brown,enlarging,one,pendant,brown,several,leaves
poisonous,knobbed,scaly,red,no,foul,narrow,buff,tapering,one,evanescent,white,several,woods
poisonous,knobbed,smooth,brown,no,foul,narrow,buff,tapering,one,evanescent,white,several,woods
poisonous,knobbed,scaly,red,no,foul,narrow,buff,tapering,one,evanescent,white,several,paths
poisonous,knobbed,scaly,red,no,fishy,narrow,buff,tapering,one,evanescent,white,several,paths
poisonous,convex,smooth,brown,no,fishy,narrow,buff,tapering,one,evanescent,white,several,woods
edible,bell,smooth,gray,no,none,broad,gray,enlarging,two,pendant,white,numerous,grasses
poisonous,convex,scaly,cinnamon,no,musty,broad,yellow,enlarging,none,none,white,clustered,woods
edible,knobbed,fibrous,white,no,none,broad,white,enlarging,two,pendant,white,numerous,grasses
poisonous,knobbed,scaly,brown,no,spicy,narrow,buff,tapering,one,evanescent,white,several,leaves
poisonous,knobbed,smooth,red,no,fishy,narrow,buff,tapering,one,evanescent,white,several,woods
edible,knobbed,fibrous,white,no,none,broad,white,enlarging,two,pendant,white,scattered,grasses
edible,flat,smooth,brown,no,none,broad,orange,enlarging,one,pendant,buff,several,leaves
poisonous,knobbed,smooth,red,no,spicy,narrow,buff,tapering,one,evanescent,white,several,paths
edible,convex,smooth,brown,no,none,broad,yellow,enlarging,one,pendant,brown,clustered,leaves
edible,knobbed,smooth,brown,no,none,broad,yellow,enlarging,one,pendant,orange,clustered,leaves
edible,knobbed,smooth,brown,no,none,broad,yellow,enlarging,one,pendant,brown,several,leaves
edible,knobbed,smooth,brown,no,none,broad,yellow,enlarging,one,pendant,yellow,several,leaves
edible,knobbed,smooth,brown,no,none,broad,orange,enlarging,one,pendant,brown,several,leaves
edible,convex,smooth,brown,no,none,broad,yellow,enlarging,one,pendant,brown,clustered,leaves
poisonous,knobbed,scaly,red,no,fishy,narrow,buff,tapering,one,evanescent,white,several,leaves
edible,bell,smooth,white,no,none,broad,white,enlarging,two,pendant,white,numerous,grasses
edible,convex,smooth,brown,no,none,broad,orange,enlarging,one,pendant,brown,several,leaves
edible,knobbed,smooth,white,no,none,broad,pink,enlarging,two,pendant,white,numerous,grasses
edible,knobbed,smooth,brown,no,none,broad,orange,enlarging,one,pendant,buff,several,leaves
poisonous,knobbed,scaly,red,no,fishy,narrow,buff,tapering,one,evanescent,white,several,woods
poisonous,flat,scaly,cinnamon,no,musty,broad,yellow,enlarging,none,none,white,clustered,woods
edible,convex,smooth,brown,no,none,broad,yellow,enlarging,one,pendant,orange,several,leaves
poisonous,knobbed,scaly,brown,no,spicy,narrow,buff,tapering,one,evanescent,white,several,leaves
poisonous,knobbed,smooth,red,no,fishy,narrow,buff,tapering,one,evanescent,white,several,woods
poisonous,knobbed,scaly,brown,no,foul,narrow,buff,tapering,one,evanescent,white,several,woods
edible,knobbed,smooth,brown,no,none,broad,yellow,enlarging,one,pendant,buff,clustered,leaves
edible,convex,smooth,brown,no,none,broad,yellow,enlarging,one,pendant,buff,several,leaves
edible,flat,smooth,brown,no,none,broad,brown,enlarging,one,pendant,buff,clustered,leaves
poisonous,knobbed,scaly,brown,no,fishy,narrow,buff,tapering,one,evanescent,white,several,leaves
edible,convex,smooth,brown,no,none,broad,yellow,enlarging,one,pendant,orange,clustered,leaves
